player_name,Injury,Start,Days Missed,Club,total_days_3y,n_events_3y,most_common_injury,severity_idx,high_risk_flag
#21AlanFranco,Knee injury,2025-04-27,14.0,Atletico Mineiro,24.0,1.0,Inflammation of ligaments in the knee,24.0,False
#21AlanFranco,Inner ligament stretch of the knee,2025-04-11,15.0,Atletico Mineiro,24.0,1.0,Inflammation of ligaments in the knee,24.0,False
#21AlanFranco,flu,2025-03-30,7.0,Atletico Mineiro,24.0,1.0,Inflammation of ligaments in the knee,24.0,False
#21AlanFranco,Inflammation of ligaments in the knee,2023-08-28,24.0,Atletico Mineiro,24.0,1.0,Inflammation of ligaments in the knee,24.0,False
#21AlanFranco,Corona virus,2020-11-14,14.0,Atletico Mineiro,24.0,1.0,Inflammation of ligaments in the knee,24.0,False
#30Alisson,Hamstring injury,2024-08-25,52.0,Atletico Mineiro,103.0,2.0,Hamstring injury,51.5,True
#30Alisson,ankle sprain,2024-06-23,51.0,Atletico Mineiro,103.0,2.0,Hamstring injury,51.5,True
#11Bernard,Knee problems,2024-12-01,59.0,Atletico Mineiro,116.0,3.0,Knee problems,38.66666666666666,True
#11Bernard,Inner ligament stretch of the knee,2024-09-26,41.0,Atletico Mineiro,116.0,3.0,Knee problems,38.66666666666666,True
#11Bernard,unknown injury,2024-04-21,16.0,Atletico Mineiro,116.0,3.0,Knee problems,38.66666666666666,True
#11Bernard,Knee injury,2020-01-01,4.0,Atletico Mineiro,116.0,3.0,Knee problems,38.66666666666666,True
#11Bernard,Knee injury,2019-10-27,35.0,Atletico Mineiro,116.0,3.0,Knee problems,38.66666666666666,True
#11Bernard,Ill,2019-09-26,9.0,Atletico Mineiro,116.0,3.0,Knee problems,38.66666666666666,True
#11Bernard,Knock,2018-08-26,21.0,Atletico Mineiro,116.0,3.0,Knee problems,38.66666666666666,True
#11Bernard,Knock,2018-08-09,16.0,Atletico Mineiro,116.0,3.0,Knee problems,38.66666666666666,True
#11Bernard,Shoulder injury,2018-03-14,109.0,Atletico Mineiro,116.0,3.0,Knee problems,38.66666666666666,True
#11Bernard,Arm injury,2017-10-23,8.0,Atletico Mineiro,116.0,3.0,Knee problems,38.66666666666666,True
#11Bernard,Ligament injury,2015-02-16,46.0,Atletico Mineiro,116.0,3.0,Knee problems,38.66666666666666,True
#30BrahianPalacios,Stomach flu,2025-05-30,8.0,Atletico Mineiro,36.0,1.0,Thigh problems,36.0,False
#30BrahianPalacios,Hamstring injury,2025-02-13,75.0,Atletico Mineiro,36.0,1.0,Thigh problems,36.0,False
#30BrahianPalacios,Thigh problems,2024-03-18,36.0,Atletico Mineiro,36.0,1.0,Thigh problems,36.0,False
#42Cadu,Torn knee ligaments,2024-09-29,261.0,Atletico Mineiro,261.0,1.0,Torn knee ligaments,261.0,True
#38Caio Paulista,strain,2023-08-10,19.0,Atletico Mineiro,19.0,1.0,strain,19.0,False
#92Dudu,Calf injury,2024-08-08,24.0,Atletico Mineiro,630.0,4.0,Calf injury,157.5,True
#92Dudu,Cruciate ligament tear,2023-08-28,291.0,Atletico Mineiro,630.0,4.0,Calf injury,157.5,True
#22Everson,Broken finger,2024-06-24,44.0,Atletico Mineiro,44.0,1.0,Broken finger,44.0,False
#8FaustoVera,Hamstring injury,2024-05-07,7.0,Atletico Mineiro,14.0,2.0,Hamstring injury,7.0,False
#25Gabriel Menino,Inflammation of ligaments in the knee,2025-04-24,24.0,Atletico Mineiro,37.0,1.0,Hamstring injury,37.0,False
#25Gabriel Menino,Hamstring injury,2024-08-22,37.0,Atletico Mineiro,37.0,1.0,Hamstring injury,37.0,False
#25Gabriel Menino,Corona virus,2020-11-12,10.0,Atletico Mineiro,37.0,1.0,Hamstring injury,37.0,False
#13GuilhermeArana,Hamstring injury,2025-05-19,29.0,Atletico Mineiro,274.0,3.0,ankle sprain,91.33333333333331,True
#13GuilhermeArana,Thigh problems,2025-04-14,34.0,Atletico Mineiro,274.0,3.0,ankle sprain,91.33333333333331,True
#13GuilhermeArana,ankle sprain,2024-11-14,12.0,Atletico Mineiro,274.0,3.0,ankle sprain,91.33333333333331,True
#13GuilhermeArana,Thigh problems,2024-10-03,16.0,Atletico Mineiro,274.0,3.0,ankle sprain,91.33333333333331,True
#13GuilhermeArana,Cruciate ligament injury,2022-09-12,246.0,Atletico Mineiro,274.0,3.0,ankle sprain,91.33333333333331,True
#10GustavoScarpa,Knee problems,2024-11-17,9.0,Atletico Mineiro,81.0,3.0,Knee problems,27.0,True
#10GustavoScarpa,unknown injury,2023-11-24,39.0,Atletico Mineiro,81.0,3.0,Knee problems,27.0,True
#10GustavoScarpa,Knee injury,2023-04-06,33.0,Atletico Mineiro,81.0,3.0,Knee problems,27.0,True
#10GustavoScarpa,Corona virus,2020-11-20,9.0,Atletico Mineiro,81.0,3.0,Knee problems,27.0,True
#7Hulk,Knock,2025-04-21,5.0,Atletico Mineiro,120.0,4.0,muscular problems,30.0,True
#7Hulk,Hamstring injury,2025-02-23,20.0,Atletico Mineiro,120.0,4.0,muscular problems,30.0,True
#7Hulk,Calf injury,2024-08-01,28.0,Atletico Mineiro,120.0,4.0,muscular problems,30.0,True
#7Hulk,unknown injury,2022-10-17,77.0,Atletico Mineiro,120.0,4.0,muscular problems,30.0,True
#7Hulk,muscular problems,2022-10-07,8.0,Atletico Mineiro,120.0,4.0,muscular problems,30.0,True
#7Hulk,muscular problems,2022-09-12,7.0,Atletico Mineiro,120.0,4.0,muscular problems,30.0,True
#7Hulk,Muscle injury,2016-07-10,50.0,Atletico Mineiro,120.0,4.0,muscular problems,30.0,True
#7Hulk,Rest,2015-12-07,4.0,Atletico Mineiro,120.0,4.0,muscular problems,30.0,True
#7Hulk,Adductor tear,2015-10-29,5.0,Atletico Mineiro,120.0,4.0,muscular problems,30.0,True
#7Hulk,Thigh problems,2013-04-16,11.0,Atletico Mineiro,120.0,4.0,muscular problems,30.0,True
#7Hulk,Thigh problems,2012-11-02,15.0,Atletico Mineiro,120.0,4.0,muscular problems,30.0,True
#7Hulk,Muscle strain,2012-01-15,25.0,Atletico Mineiro,120.0,4.0,muscular problems,30.0,True
#7Hulk,Ankle sprain,2011-09-14,7.0,Atletico Mineiro,120.0,4.0,muscular problems,30.0,True
#7Hulk,Ankle sprain,2009-04-23,18.0,Atletico Mineiro,120.0,4.0,muscular problems,30.0,True
#17Igor Gomes,ankle sprain,2023-09-03,18.0,Atletico Mineiro,18.0,1.0,ankle sprain,18.0,False
#16Igor Rabello,Hamstring injury,2025-04-02,18.0,Atletico Mineiro,293.0,2.0,Hamstring injury,146.5,True
#16Igor Rabello,Hamstring injury,2023-08-11,25.0,Atletico Mineiro,293.0,2.0,Hamstring injury,146.5,True
#16Igor Rabello,Torn lateral knee ligament,2022-08-21,268.0,Atletico Mineiro,293.0,2.0,Hamstring injury,146.5,True
#6JúniorAlonso,Knee problems,2022-11-09,55.0,Atletico Mineiro,55.0,1.0,Knee problems,55.0,False
#37Júnior Santos,Thigh problems,2025-04-07,31.0,Atletico Mineiro,208.0,4.0,Fitness,52.0,True
#37Júnior Santos,Calf injury,2025-02-13,44.0,Atletico Mineiro,208.0,4.0,Fitness,52.0,True
#37Júnior Santos,Fitness,2024-09-29,37.0,Atletico Mineiro,208.0,4.0,Fitness,52.0,True
#37Júnior Santos,Broken tibia,2024-07-23,67.0,Atletico Mineiro,208.0,4.0,Fitness,52.0,True
#4Lyanco,Hamstring injury,2025-04-24,17.0,Atletico Mineiro,220.0,4.0,unknown injury,55.0,True
#4Lyanco,unknown injury,2023-09-29,125.0,Atletico Mineiro,220.0,4.0,unknown injury,55.0,True
#4Lyanco,Hamstring injury,2022-02-05,57.0,Atletico Mineiro,220.0,4.0,unknown injury,55.0,True
#4Lyanco,Corona virus,2021-12-18,17.0,Atletico Mineiro,220.0,4.0,unknown injury,55.0,True
#4Lyanco,Lumbago,2021-03-29,21.0,Atletico Mineiro,220.0,4.0,unknown injury,55.0,True
#4Lyanco,Inner ligament injury,2019-11-18,59.0,Atletico Mineiro,220.0,4.0,unknown injury,55.0,True
#4Lyanco,muscular problems,2019-08-01,35.0,Atletico Mineiro,220.0,4.0,unknown injury,55.0,True
#4Lyanco,unknown injury,2019-02-03,18.0,Atletico Mineiro,220.0,4.0,unknown injury,55.0,True
#4Lyanco,Foot surgery,2018-05-10,143.0,Atletico Mineiro,220.0,4.0,unknown injury,55.0,True
#4Lyanco,Foot injury,2017-12-23,138.0,Atletico Mineiro,220.0,4.0,unknown injury,55.0,True
#4Lyanco,Ankle sprain,2017-10-14,21.0,Atletico Mineiro,220.0,4.0,unknown injury,55.0,True
#4Lyanco,Tonsillitis,2017-08-06,17.0,Atletico Mineiro,220.0,4.0,unknown injury,55.0,True
#11MatíasZaracho,Hamstring injury,2025-04-30,13.0,Atletico Mineiro,288.0,7.0,muscular problems,41.142857142857146,True
#11MatíasZaracho,strain,2025-03-25,15.0,Atletico Mineiro,288.0,7.0,muscular problems,41.142857142857146,True
#11MatíasZaracho,muscular problems,2024-11-24,38.0,Atletico Mineiro,288.0,7.0,muscular problems,41.142857142857146,True
#11MatíasZaracho,Pubic bone irritation,2024-08-21,74.0,Atletico Mineiro,288.0,7.0,muscular problems,41.142857142857146,True
#11MatíasZaracho,Pubic bone bruise,2024-06-26,35.0,Atletico Mineiro,288.0,7.0,muscular problems,41.142857142857146,True
#11MatíasZaracho,Hamstring injury,2024-02-07,52.0,Atletico Mineiro,288.0,7.0,muscular problems,41.142857142857146,True
#11MatíasZaracho,Torn ankle ligaments,2023-01-07,59.0,Atletico Mineiro,288.0,7.0,muscular problems,41.142857142857146,True
#11MatíasZaracho,Adductor pain,2021-08-01,10.0,Atletico Mineiro,288.0,7.0,muscular problems,41.142857142857146,True
#11MatíasZaracho,Bruise on ankle,2021-04-29,20.0,Atletico Mineiro,288.0,7.0,muscular problems,41.142857142857146,True
#11MatíasZaracho,Knee problems,2018-11-05,18.0,Atletico Mineiro,288.0,7.0,muscular problems,41.142857142857146,True
#4MauricioLemos,Bone splintering,2025-04-09,38.0,Atletico Mineiro,240.0,8.0,Hamstring injury,30.0,True
#4MauricioLemos,Hamstring injury,2024-06-23,70.0,Atletico Mineiro,240.0,8.0,Hamstring injury,30.0,True
#4MauricioLemos,Back injury,2024-05-05,12.0,Atletico Mineiro,240.0,8.0,Hamstring injury,30.0,True
#4MauricioLemos,Calf injury,2024-02-06,32.0,Atletico Mineiro,240.0,8.0,Hamstring injury,30.0,True
#4MauricioLemos,Muscle injury,2023-06-22,6.0,Atletico Mineiro,240.0,8.0,Hamstring injury,30.0,True
#4MauricioLemos,Torn ankle ligaments,2020-11-30,29.0,Atletico Mineiro,240.0,8.0,Hamstring injury,30.0,True
#4MauricioLemos,unknown injury,2019-09-30,17.0,Atletico Mineiro,240.0,8.0,Hamstring injury,30.0,True
#4MauricioLemos,Muscle injury,2019-08-07,22.0,Atletico Mineiro,240.0,8.0,Hamstring injury,30.0,True
#4MauricioLemos,ankle sprain,2019-05-22,10.0,Atletico Mineiro,240.0,8.0,Hamstring injury,30.0,True
#4MauricioLemos,unknown injury,2018-12-27,15.0,Atletico Mineiro,240.0,8.0,Hamstring injury,30.0,True
#4MauricioLemos,unknown injury,2018-08-09,16.0,Atletico Mineiro,240.0,8.0,Hamstring injury,30.0,True
#4MauricioLemos,Abdominal problems,2017-11-27,7.0,Atletico Mineiro,240.0,8.0,Hamstring injury,30.0,True
#4MauricioLemos,ankle sprain,2016-10-11,5.0,Atletico Mineiro,240.0,8.0,Hamstring injury,30.0,True
#4MauricioLemos,Appendicitis,2015-02-01,37.0,Atletico Mineiro,240.0,8.0,Hamstring injury,30.0,True
#94Otávio,Achilles tendon rupture,2025-03-17,92.0,Atletico Mineiro,498.0,6.0,Shoulder injury,83.0,True
#94Otávio,Shoulder injury,2024-09-13,19.0,Atletico Mineiro,498.0,6.0,Shoulder injury,83.0,True
#94Otávio,Hamstring injury,2024-05-16,48.0,Atletico Mineiro,498.0,6.0,Shoulder injury,83.0,True
#94Otávio,Achilles tendon rupture,2021-01-20,182.0,Atletico Mineiro,498.0,6.0,Shoulder injury,83.0,True
#20Patrick,ankle sprain,2025-04-14,9.0,Atletico Mineiro,,,,,
#10Paulinho,Cracked bone,2024-12-01,132.0,Atletico Mineiro,334.0,8.0,Cracked bone,41.75,True
#10Paulinho,Muscle injury,2024-10-13,6.0,Atletico Mineiro,334.0,8.0,Cracked bone,41.75,True
#10Paulinho,cold,2022-11-03,11.0,Atletico Mineiro,334.0,8.0,Cracked bone,41.75,True
#10Paulinho,Corona virus,2022-01-10,18.0,Atletico Mineiro,334.0,8.0,Cracked bone,41.75,True
#10Paulinho,Cruciate ligament tear,2020-07-02,316.0,Atletico Mineiro,334.0,8.0,Cracked bone,41.75,True
#10Paulinho,Broken arm,2018-04-05,117.0,Atletico Mineiro,334.0,8.0,Cracked bone,41.75,True
#26RenzoSaravia,Hamstring injury,2024-09-16,19.0,Atletico Mineiro,51.0,3.0,Hamstring injury,17.0,True
#26RenzoSaravia,Muscle injury,2024-06-23,18.0,Atletico Mineiro,51.0,3.0,Hamstring injury,17.0,True
#26RenzoSaravia,Hamstring injury,2023-05-03,14.0,Atletico Mineiro,51.0,3.0,Hamstring injury,17.0,True
#26RenzoSaravia,Cruciate ligament injury,2020-09-29,149.0,Atletico Mineiro,51.0,3.0,Hamstring injury,17.0,True
#26RenzoSaravia,Shoulder injury,2018-11-05,8.0,Atletico Mineiro,51.0,3.0,Hamstring injury,17.0,True
#33Rony,Broken arm,2023-04-10,16.0,Atletico Mineiro,32.0,2.0,Broken arm,16.0,False
#33Rony,Corona virus,2020-11-20,9.0,Atletico Mineiro,32.0,2.0,Broken arm,16.0,False
#44Rubens,Hamstring injury,2024-10-11,8.0,Atletico Mineiro,140.0,3.0,Hamstring injury,46.66666666666666,True
#44Rubens,Inflammation of ligaments in the knee,2024-04-17,105.0,Atletico Mineiro,140.0,3.0,Hamstring injury,46.66666666666666,True
#44Rubens,Broken hand,2024-03-18,27.0,Atletico Mineiro,140.0,3.0,Hamstring injury,46.66666666666666,True
#28TomásCuello,Hamstring injury,2025-05-22,26.0,Atletico Mineiro,36.0,2.0,Knee injury,18.0,False
#28TomásCuello,Knee injury,2024-06-23,18.0,Atletico Mineiro,36.0,2.0,Knee injury,18.0,False
#28TomásCuello,Toothache,2019-09-18,31.0,Atletico Mineiro,36.0,2.0,Knee injury,18.0,False
#14Vitor Hugo,Nose injury,2022-12-10,9.0,Atletico Mineiro,82.0,7.0,Fitness,11.714285714285714,True
#14Vitor Hugo,Fitness,2022-04-01,4.0,Atletico Mineiro,82.0,7.0,Fitness,11.714285714285714,True
#14Vitor Hugo,Broken tibia,2022-03-01,32.0,Atletico Mineiro,82.0,7.0,Fitness,11.714285714285714,True
#14Vitor Hugo,Fitness,2022-01-04,5.0,Atletico Mineiro,82.0,7.0,Fitness,11.714285714285714,True
#14Vitor Hugo,Muscle injury,2021-12-20,16.0,Atletico Mineiro,82.0,7.0,Fitness,11.714285714285714,True
#14Vitor Hugo,Groin injury,2021-04-28,12.0,Atletico Mineiro,82.0,7.0,Fitness,11.714285714285714,True
#14Vitor Hugo,Broken nose bone,2021-02-28,4.0,Atletico Mineiro,82.0,7.0,Fitness,11.714285714285714,True
#14Vitor Hugo,Compression of the spine,2020-12-26,13.0,Atletico Mineiro,82.0,7.0,Fitness,11.714285714285714,True
#14Vitor Hugo,Groin surgery,2019-12-04,68.0,Atletico Mineiro,82.0,7.0,Fitness,11.714285714285714,True
#14Vitor Hugo,muscular problems,2019-01-30,6.0,Atletico Mineiro,82.0,7.0,Fitness,11.714285714285714,True
#14Vitor Hugo,Hamstring muscle injury,2018-04-26,20.0,Atletico Mineiro,82.0,7.0,Fitness,11.714285714285714,True
#13Alex Telles,Inguinal hernia,2024-06-01,72.0,Botafogo Fr,255.0,8.0,Inguinal hernia,31.875,True
#13Alex Telles,Groin surgery,2024-06-01,2.0,Botafogo Fr,255.0,8.0,Inguinal hernia,31.875,True
#13Alex Telles,Inguinal hernia,2023-12-01,18.0,Botafogo Fr,255.0,8.0,Inguinal hernia,31.875,True
#13Alex Telles,Muscle tear,2023-12-01,18.0,Botafogo Fr,255.0,8.0,Inguinal hernia,31.875,True
#13Alex Telles,Knee injury,2022-12-03,73.0,Botafogo Fr,255.0,8.0,Inguinal hernia,31.875,True
#13Alex Telles,Corona virus,2022-02-03,8.0,Botafogo Fr,255.0,8.0,Inguinal hernia,31.875,True
#13Alex Telles,Ankle injury,2021-07-20,59.0,Botafogo Fr,255.0,8.0,Inguinal hernia,31.875,True
#13Alex Telles,Ill,2021-04-03,5.0,Botafogo Fr,255.0,8.0,Inguinal hernia,31.875,True
#13Alex Telles,Corona virus,2020-10-27,22.0,Botafogo Fr,255.0,8.0,Inguinal hernia,31.875,True
#13Alex Telles,Bursitis,2019-04-01,8.0,Botafogo Fr,255.0,8.0,Inguinal hernia,31.875,True
#13Alex Telles,Knee injury,2018-02-22,35.0,Botafogo Fr,255.0,8.0,Inguinal hernia,31.875,True
#13Alex Telles,unknown injury,2013-10-06,6.0,Botafogo Fr,255.0,8.0,Inguinal hernia,31.875,True
#13Alex Telles,unknown injury,2013-09-09,5.0,Botafogo Fr,255.0,8.0,Inguinal hernia,31.875,True
#13Alex Telles,unknown injury,2013-02-22,50.0,Botafogo Fr,255.0,8.0,Inguinal hernia,31.875,True
#20AlexanderBarboza,Foot injury,2025-05-04,23.0,Botafogo Fr,,,,,
#25Allan,Muscle injury,2020-12-17,59.0,Botafogo Fr,,,,,
#25Allan,Groin injury,2020-10-02,15.0,Botafogo Fr,,,,,
#25Allan,Muscle fatigue,2020-06-27,10.0,Botafogo Fr,,,,,
#25Allan,Muscle fatigue,2020-01-20,14.0,Botafogo Fr,,,,,
#25Allan,Bruised ribs,2019-11-28,12.0,Botafogo Fr,,,,,
#25Allan,Knee problems,2019-11-08,13.0,Botafogo Fr,,,,,
#25Allan,Knee injury,2019-10-31,5.0,Botafogo Fr,,,,,
#25Allan,flu,2019-09-21,3.0,Botafogo Fr,,,,,
#25Allan,Stress reaction of the bone,2019-04-27,6.0,Botafogo Fr,,,,,
#25Allan,Shoulder injury,2018-12-21,4.0,Botafogo Fr,,,,,
#25Allan,Muscle fatigue,2017-05-14,7.0,Botafogo Fr,,,,,
#25Allan,Knock,2017-02-20,12.0,Botafogo Fr,,,,,
#98ArthurCabral,unknown injury,2025-02-07,4.0,Botafogo Fr,68.0,4.0,Lumbar vertebra problems,17.0,True
#98ArthurCabral,Lumbar vertebra problems,2024-05-11,38.0,Botafogo Fr,68.0,4.0,Lumbar vertebra problems,17.0,True
#98ArthurCabral,Rest,2023-05-13,3.0,Botafogo Fr,68.0,4.0,Lumbar vertebra problems,17.0,True
#98ArthurCabral,Foot injury,2023-05-06,5.0,Botafogo Fr,68.0,4.0,Lumbar vertebra problems,17.0,True
#98ArthurCabral,unknown injury,2023-01-07,22.0,Botafogo Fr,68.0,4.0,Lumbar vertebra problems,17.0,True
#98ArthurCabral,Corona virus,2020-08-19,15.0,Botafogo Fr,68.0,4.0,Lumbar vertebra problems,17.0,True
#98ArthurCabral,Ligament injury,2020-01-04,33.0,Botafogo Fr,68.0,4.0,Lumbar vertebra problems,17.0,True
#98ArthurCabral,Ankle injury,2018-06-09,17.0,Botafogo Fr,68.0,4.0,Lumbar vertebra problems,17.0,True
#98ArthurCabral,Leg injury,2018-05-16,17.0,Botafogo Fr,68.0,4.0,Lumbar vertebra problems,17.0,True
#7Artur,Hamstring injury,2025-05-15,12.0,Botafogo Fr,9.0,1.0,Muscle injury,9.0,False
#7Artur,Muscle injury,2025-02-07,20.0,Botafogo Fr,9.0,1.0,Muscle injury,9.0,False
#7Artur,Muscle injury,2024-05-15,9.0,Botafogo Fr,9.0,1.0,Muscle injury,9.0,False
#15Bastos,Knee injury,2025-02-07,130.0,Botafogo Fr,14.0,1.0,Muscle injury,14.0,False
#15Bastos,Muscle injury,2024-11-27,14.0,Botafogo Fr,14.0,1.0,Muscle injury,14.0,False
#15Bastos,Hamstring injury,2020-10-04,43.0,Botafogo Fr,14.0,1.0,Muscle injury,14.0,False
#15Bastos,Foot bruise,2020-02-08,4.0,Botafogo Fr,14.0,1.0,Muscle injury,14.0,False
#15Bastos,Adductor injury,2019-02-14,12.0,Botafogo Fr,14.0,1.0,Muscle injury,14.0,False
#15Bastos,Hamstring injury,2017-09-20,24.0,Botafogo Fr,14.0,1.0,Muscle injury,14.0,False
#15Bastos,Knee problems,2017-05-06,4.0,Botafogo Fr,14.0,1.0,Muscle injury,14.0,False
#15Bastos,Thigh problems,2017-03-18,7.0,Botafogo Fr,14.0,1.0,Muscle injury,14.0,False
#15Bastos,muscular problems,2016-09-20,46.0,Botafogo Fr,14.0,1.0,Muscle injury,14.0,False
#66Cuiabano,Muscle fatigue,2025-05-19,29.0,Botafogo Fr,130.0,4.0,Muscle injury,32.5,True
#66Cuiabano,Hamstring injury,2024-09-04,31.0,Botafogo Fr,130.0,4.0,Muscle injury,32.5,True
#66Cuiabano,Shoulder injury,2024-08-22,9.0,Botafogo Fr,130.0,4.0,Muscle injury,32.5,True
#66Cuiabano,Muscle injury,2024-02-05,69.0,Botafogo Fr,130.0,4.0,Muscle injury,32.5,True
#66Cuiabano,Muscle injury,2024-01-13,21.0,Botafogo Fr,130.0,4.0,Muscle injury,32.5,True
#5Danilo Barbosa,Inflammation of pubic bone,2025-02-28,47.0,Botafogo Fr,48.0,1.0,Hamstring injury,48.0,False
#5Danilo Barbosa,Hamstring injury,2023-05-01,48.0,Botafogo Fr,48.0,1.0,Hamstring injury,48.0,False
#5Danilo Barbosa,Muscle tear,2020-12-14,43.0,Botafogo Fr,48.0,1.0,Hamstring injury,48.0,False
#5Danilo Barbosa,flu,2018-02-17,7.0,Botafogo Fr,48.0,1.0,Hamstring injury,48.0,False
#5Danilo Barbosa,Leg injury,2016-08-01,65.0,Botafogo Fr,48.0,1.0,Hamstring injury,48.0,False
#5Danilo Barbosa,unknown injury,2015-03-25,18.0,Botafogo Fr,48.0,1.0,Hamstring injury,48.0,False
#57David Ricardo,Thigh problems,2025-05-19,13.0,Botafogo Fr,,,,,
#33Elias Manoel,Thigh problems,2024-03-18,10.0,Botafogo Fr,10.0,1.0,Thigh problems,10.0,False
#39GonzaloMastriani,muscular problems,2025-05-04,23.0,Botafogo Fr,120.0,2.0,Arthroscopy,60.0,True
#39GonzaloMastriani,Arthroscopy,2024-10-30,99.0,Botafogo Fr,120.0,2.0,Arthroscopy,60.0,True
#39GonzaloMastriani,Calf injury,2024-06-27,21.0,Botafogo Fr,120.0,2.0,Arthroscopy,60.0,True
#39GonzaloMastriani,Knock,2018-08-22,7.0,Botafogo Fr,120.0,2.0,Arthroscopy,60.0,True
#39GonzaloMastriani,Meniscus injury,2012-12-11,32.0,Botafogo Fr,120.0,2.0,Arthroscopy,60.0,True
#26Gregore,Broken foot,2023-03-13,215.0,Botafogo Fr,215.0,1.0,Broken foot,215.0,True
Hugo,Calf injury,2025-05-07,41.0,Botafogo Fr,,,,,
#32Jair Cunha,Injury to the ankle,2025-04-21,5.0,Botafogo Fr,538.0,2.0,Cruciate ligament injury,269.0,True
#32Jair Cunha,Cruciate ligament injury,2023-01-12,269.0,Botafogo Fr,538.0,2.0,Cruciate ligament injury,269.0,True
#10JeffersonSavarino,Hamstring injury,2025-05-01,26.0,Botafogo Fr,10.0,2.0,Hip problems,5.0,False
#10JeffersonSavarino,Hamstring injury,2025-03-31,5.0,Botafogo Fr,10.0,2.0,Hip problems,5.0,False
#10JeffersonSavarino,Hip problems,2023-07-10,5.0,Botafogo Fr,10.0,2.0,Hip problems,5.0,False
#10JeffersonSavarino,Foot injury,2023-06-19,5.0,Botafogo Fr,10.0,2.0,Hip problems,5.0,False
#10JeffersonSavarino,Knee injury,2017-10-02,17.0,Botafogo Fr,10.0,2.0,Hip problems,5.0,False
#47Jeffinho,Knee injury,2025-06-02,15.0,Botafogo Fr,226.0,2.0,Hamstring injury,113.0,True
#47Jeffinho,Hamstring injury,2024-05-21,172.0,Botafogo Fr,226.0,2.0,Hamstring injury,113.0,True
#47Jeffinho,Muscle injury,2024-02-06,54.0,Botafogo Fr,226.0,2.0,Hamstring injury,113.0,True
JoaquínCorrea,Calf strain,2025-01-08,31.0,Botafogo Fr,242.0,10.0,Hamstring injury,24.2,True
JoaquínCorrea,Injury to the ankle,2023-12-01,50.0,Botafogo Fr,242.0,10.0,Hamstring injury,24.2,True
JoaquínCorrea,Calf injury,2023-05-26,14.0,Botafogo Fr,242.0,10.0,Hamstring injury,24.2,True
JoaquínCorrea,Hamstring injury,2023-02-04,37.0,Botafogo Fr,242.0,10.0,Hamstring injury,24.2,True
JoaquínCorrea,Knee problems,2022-11-17,41.0,Botafogo Fr,242.0,10.0,Hamstring injury,24.2,True
JoaquínCorrea,Patellar tendon problems,2022-10-04,11.0,Botafogo Fr,242.0,10.0,Hamstring injury,24.2,True
JoaquínCorrea,Hamstring muscle injury,2022-01-19,41.0,Botafogo Fr,242.0,10.0,Hamstring injury,24.2,True
JoaquínCorrea,Hamstring injury,2021-12-05,27.0,Botafogo Fr,242.0,10.0,Hamstring injury,24.2,True
JoaquínCorrea,muscular problems,2021-10-22,5.0,Botafogo Fr,242.0,10.0,Hamstring injury,24.2,True
JoaquínCorrea,Hip bruise,2021-09-18,10.0,Botafogo Fr,242.0,10.0,Hamstring injury,24.2,True
JoaquínCorrea,muscular problems,2021-05-16,6.0,Botafogo Fr,242.0,10.0,Hamstring injury,24.2,True
JoaquínCorrea,Calf injury,2020-12-23,24.0,Botafogo Fr,242.0,10.0,Hamstring injury,24.2,True
JoaquínCorrea,muscular problems,2020-12-20,3.0,Botafogo Fr,242.0,10.0,Hamstring injury,24.2,True
JoaquínCorrea,Lumbago,2020-09-30,4.0,Botafogo Fr,242.0,10.0,Hamstring injury,24.2,True
JoaquínCorrea,Collateral ligament injury,2020-07-05,18.0,Botafogo Fr,242.0,10.0,Hamstring injury,24.2,True
#12John Victor,Hamstring injury,2024-02-06,57.0,Botafogo Fr,203.0,4.0,Hamstring injury,50.75,True
#12John Victor,muscular problems,2023-10-30,17.0,Botafogo Fr,203.0,4.0,Hamstring injury,50.75,True
#12John Victor,Meniscus injury,2021-08-03,121.0,Botafogo Fr,203.0,4.0,Hamstring injury,50.75,True
#12John Victor,Corona virus,2021-01-10,8.0,Botafogo Fr,203.0,4.0,Hamstring injury,50.75,True
#37Júnior Santos,Thigh problems,2025-04-07,31.0,Botafogo Fr,208.0,4.0,Fitness,52.0,True
#37Júnior Santos,Calf injury,2025-02-13,44.0,Botafogo Fr,208.0,4.0,Fitness,52.0,True
#37Júnior Santos,Fitness,2024-09-29,37.0,Botafogo Fr,208.0,4.0,Fitness,52.0,True
#37Júnior Santos,Broken tibia,2024-07-23,67.0,Botafogo Fr,208.0,4.0,Fitness,52.0,True
#31Kaio,Knee injury,2024-08-10,35.0,Botafogo Fr,215.0,5.0,Knee injury,43.0,True
#31Kaio,Shoulder injury,2023-08-25,109.0,Botafogo Fr,215.0,5.0,Knee injury,43.0,True
#31Kaio,Muscle injury,2023-05-21,20.0,Botafogo Fr,215.0,5.0,Knee injury,43.0,True
#31Kaio,unknown injury,2023-04-30,11.0,Botafogo Fr,215.0,5.0,Knee injury,43.0,True
#31Kaio,Knee injury,2022-07-11,40.0,Botafogo Fr,215.0,5.0,Knee injury,43.0,True
#31Kaio,Meniscus damage,2020-12-09,34.0,Botafogo Fr,215.0,5.0,Knee injury,43.0,True
#24Léo Linck,Shoulder injury,2025-05-23,25.0,Botafogo Fr,12.0,1.0,Skull fracture,12.0,False
#24Léo Linck,Skull fracture,2024-08-30,12.0,Botafogo Fr,12.0,1.0,Skull fracture,12.0,False
#11Luiz Henrique,Calf injury,2024-02-16,44.0,Botafogo Fr,65.0,2.0,Calf injury,32.5,True
#11Luiz Henrique,unknown injury,2023-09-26,21.0,Botafogo Fr,65.0,2.0,Calf injury,32.5,True
#21Marçal,Fitness,2025-05-19,29.0,Botafogo Fr,110.0,3.0,Calf injury,36.66666666666666,True
#21Marçal,Fitness,2025-03-27,37.0,Botafogo Fr,110.0,3.0,Calf injury,36.66666666666666,True
#21Marçal,muscular problems,2024-08-19,6.0,Botafogo Fr,110.0,3.0,Calf injury,36.66666666666666,True
#21Marçal,Calf injury,2024-04-02,79.0,Botafogo Fr,110.0,3.0,Calf injury,36.66666666666666,True
#21Marçal,Calf injury,2024-01-30,25.0,Botafogo Fr,110.0,3.0,Calf injury,36.66666666666666,True
#21Marçal,Groin injury,2020-12-28,48.0,Botafogo Fr,110.0,3.0,Calf injury,36.66666666666666,True
#21Marçal,Knock,2020-10-26,13.0,Botafogo Fr,110.0,3.0,Calf injury,36.66666666666666,True
#21Marçal,Calf injury,2020-09-23,26.0,Botafogo Fr,110.0,3.0,Calf injury,36.66666666666666,True
#21Marçal,Calf strain,2019-12-11,24.0,Botafogo Fr,110.0,3.0,Calf injury,36.66666666666666,True
#21Marçal,Muscle injury,2019-10-21,31.0,Botafogo Fr,110.0,3.0,Calf injury,36.66666666666666,True
#21Marçal,Adductor pain,2019-07-31,42.0,Botafogo Fr,110.0,3.0,Calf injury,36.66666666666666,True
#21Marçal,Groin injury,2019-04-13,26.0,Botafogo Fr,110.0,3.0,Calf injury,36.66666666666666,True
#21Marçal,Muscle injury,2019-02-25,12.0,Botafogo Fr,110.0,3.0,Calf injury,36.66666666666666,True
#21Marçal,Calf strain,2018-07-16,71.0,Botafogo Fr,110.0,3.0,Calf injury,36.66666666666666,True
#21Marçal,Torn thigh muscle,2016-03-07,34.0,Botafogo Fr,110.0,3.0,Calf injury,36.66666666666666,True
#4MateoPonte,Muscle injury,2023-06-06,5.0,Botafogo Fr,21.0,2.0,Muscle injury,10.5,False
#4MateoPonte,Corona virus,2021-05-16,16.0,Botafogo Fr,21.0,2.0,Muscle injury,10.5,False
#11Matheus Martins,Hamstring injury,2025-04-27,51.0,Botafogo Fr,,,,,
#9Matheus Nascimento,Hamstring injury,2025-02-20,23.0,Botafogo Fr,,,,,
#16Nathan Fernandes,Thigh problems,2025-02-08,84.0,Botafogo Fr,64.0,4.0,Dead leg,16.0,True
#16Nathan Fernandes,Dead leg,2024-09-14,14.0,Botafogo Fr,64.0,4.0,Dead leg,16.0,True
#16Nathan Fernandes,ankle sprain,2024-02-07,18.0,Botafogo Fr,64.0,4.0,Dead leg,16.0,True
#6Patrick de Paula,Knee injury,2023-02-26,399.0,Botafogo Fr,798.0,2.0,Knee injury,399.0,True
PhilipeSampaio,Knock,2024-04-04,88.0,Botafogo Fr,88.0,1.0,Knock,88.0,True
PhilipeSampaio,Knee injury,2020-08-23,43.0,Botafogo Fr,88.0,1.0,Knock,88.0,True
PhilipeSampaio,Muscle injury,2019-01-29,44.0,Botafogo Fr,88.0,1.0,Knock,88.0,True
PhilipeSampaio,Muscle injury,2018-10-22,55.0,Botafogo Fr,88.0,1.0,Knock,88.0,True
PhilipeSampaio,unknown injury,2018-04-03,163.0,Botafogo Fr,88.0,1.0,Knock,88.0,True
PhilipeSampaio,unknown injury,2018-03-03,26.0,Botafogo Fr,88.0,1.0,Knock,88.0,True
#23SantiagoRodríguez,Leg injury,2025-04-13,28.0,Botafogo Fr,17.0,2.0,Leg injury,8.5,False
#23SantiagoRodríguez,Leg injury,2023-08-22,9.0,Botafogo Fr,17.0,2.0,Leg injury,8.5,False
#23SantiagoRodríguez,Hamstring injury,2021-09-13,8.0,Botafogo Fr,17.0,2.0,Leg injury,8.5,False
#23SantiagoRodríguez,Rest,2020-09-22,3.0,Botafogo Fr,17.0,2.0,Leg injury,8.5,False
#23SantiagoRodríguez,Knee injury,2019-07-10,63.0,Botafogo Fr,17.0,2.0,Leg injury,8.5,False
#23ThiagoAlmada,Calf injury,2024-05-17,8.0,Botafogo Fr,19.0,2.0,Calf injury,9.5,False
#23ThiagoAlmada,Calf problems,2023-04-10,11.0,Botafogo Fr,19.0,2.0,Calf injury,9.5,False
#2Vitinho,Knee injury,2024-12-05,42.0,Botafogo Fr,69.0,2.0,Knee injury,34.5,True
#2Vitinho,Knee injury,2023-08-30,27.0,Botafogo Fr,69.0,2.0,Knee injury,34.5,True
#22AlejandroMartínez,Muscle injury,2024-08-16,20.0,Ceara Sc,20.0,1.0,Muscle injury,20.0,False
#8Andrey,Torn lateral knee ligament,2022-05-28,282.0,Ceara Sc,846.0,3.0,Torn lateral knee ligament,282.0,True
#11Aylon,Hamstring injury,2025-04-22,25.0,Ceara Sc,,,,,
#29Bruno Tubarão,Thigh problems,2025-01-01,119.0,Ceara Sc,89.0,3.0,Thigh problems,29.666666666666668,True
#29Bruno Tubarão,Thigh problems,2024-07-12,43.0,Ceara Sc,89.0,3.0,Thigh problems,29.666666666666668,True
#29Bruno Tubarão,Hamstring injury,2024-05-21,32.0,Ceara Sc,89.0,3.0,Thigh problems,29.666666666666668,True
#29Bruno Tubarão,Muscle injury,2024-02-01,14.0,Ceara Sc,89.0,3.0,Thigh problems,29.666666666666668,True
#94Bruno,Hip flexor problems,2025-04-16,46.0,Ceara Sc,,,,,
#57David Ricardo,Thigh problems,2025-05-19,13.0,Ceara Sc,,,,,
#20Dieguinho,Vertebral injury,2023-06-05,92.0,Ceara Sc,184.0,2.0,Vertebral injury,92.0,True
#70Fabiano,unknown injury,2024-01-09,43.0,Ceara Sc,58.0,2.0,unknown injury,29.0,False
#70Fabiano,Muscle injury,2023-12-14,15.0,Ceara Sc,58.0,2.0,unknown injury,29.0,False
#77Fernandinho,Shoulder injury,2025-04-06,59.0,Ceara Sc,,,,,
#16Fernando Miguel,Cruciate ligament injury,2024-02-26,327.0,Ceara Sc,388.0,2.0,Cruciate ligament injury,194.0,True
#16Fernando Miguel,Knee problems,2023-05-10,61.0,Ceara Sc,388.0,2.0,Cruciate ligament injury,194.0,True
#16Fernando Miguel,muscle stiffness,2019-04-24,52.0,Ceara Sc,388.0,2.0,Cruciate ligament injury,194.0,True
#16Fernando Miguel,unknown injury,2016-06-27,33.0,Ceara Sc,388.0,2.0,Cruciate ligament injury,194.0,True
#16Fernando Miguel,unknown injury,2015-08-08,77.0,Ceara Sc,388.0,2.0,Cruciate ligament injury,194.0,True
#16Fernando Miguel,unknown injury,2015-07-25,14.0,Ceara Sc,388.0,2.0,Cruciate ligament injury,194.0,True
#15Gabriel Lacerda,Groin strain,2024-02-09,7.0,Ceara Sc,7.0,1.0,Groin strain,7.0,False
#15Gabriel Lacerda,Corona virus,2020-11-18,17.0,Ceara Sc,7.0,1.0,Groin strain,7.0,False
#11Guilherme Castilho,Fitness,2024-07-20,7.0,Ceara Sc,14.0,2.0,Fitness,7.0,False
#34Jonathan Jesus,Virus,2025-03-27,10.0,Ceara Sc,,,,,
#18Keiller,Arthroscopy,2024-06-01,19.0,Ceara Sc,29.0,2.0,Arthroscopy,14.5,False
#18Keiller,Knee injury,2024-05-02,10.0,Ceara Sc,29.0,2.0,Arthroscopy,14.5,False
#10LucasMugni,Inflammation of pubic bone,2025-04-06,9.0,Ceara Sc,11.0,1.0,Corona virus,11.0,False
#10LucasMugni,Corona virus,2021-04-09,11.0,Ceara Sc,11.0,1.0,Corona virus,11.0,False
#13Luiz Otávio,Torn knee ligaments,2024-10-23,237.0,Ceara Sc,504.0,2.0,Torn knee ligaments,252.0,True
#13Luiz Otávio,Cruciate ligament tear,2024-01-14,267.0,Ceara Sc,504.0,2.0,Torn knee ligaments,252.0,True
#44Marcos Victor,Knee injury,2023-04-07,86.0,Ceara Sc,86.0,1.0,Knee injury,86.0,True
#79Matheus Bahia,Hamstring injury,2025-05-23,25.0,Ceara Sc,105.0,2.0,Hamstring injury,52.5,True
#79Matheus Bahia,Thigh problems,2025-04-06,9.0,Ceara Sc,105.0,2.0,Hamstring injury,52.5,True
#79Matheus Bahia,Hamstring injury,2023-05-15,48.0,Ceara Sc,105.0,2.0,Hamstring injury,52.5,True
#79Matheus Bahia,Adductor injury,2022-08-30,57.0,Ceara Sc,105.0,2.0,Hamstring injury,52.5,True
#30Nicolas,Adductor injury,2025-04-06,20.0,Ceara Sc,,,,,
#7Pedro Henrique,Knee injury,2025-03-07,45.0,Ceara Sc,239.0,9.0,unknown injury,26.55555555555556,True
#7Pedro Henrique,Hamstring injury,2024-04-29,63.0,Ceara Sc,239.0,9.0,unknown injury,26.55555555555556,True
#7Pedro Henrique,Arm injury,2023-09-03,46.0,Ceara Sc,239.0,9.0,unknown injury,26.55555555555556,True
#7Pedro Henrique,Thigh problems,2023-06-29,26.0,Ceara Sc,239.0,9.0,unknown injury,26.55555555555556,True
#7Pedro Henrique,Torn thigh muscle,2022-04-08,23.0,Ceara Sc,239.0,9.0,unknown injury,26.55555555555556,True
#7Pedro Henrique,unknown injury,2022-03-13,19.0,Ceara Sc,239.0,9.0,unknown injury,26.55555555555556,True
#7Pedro Henrique,Broken collarbone,2021-08-15,21.0,Ceara Sc,239.0,9.0,unknown injury,26.55555555555556,True
#7Pedro Henrique,unknown injury,2021-07-29,18.0,Ceara Sc,239.0,9.0,unknown injury,26.55555555555556,True
#7Pedro Henrique,unknown injury,2021-02-13,13.0,Ceara Sc,239.0,9.0,unknown injury,26.55555555555556,True
#7Pedro Henrique,unknown injury,2021-02-03,10.0,Ceara Sc,239.0,9.0,unknown injury,26.55555555555556,True
#7Pedro Henrique,Muscle injury,2020-11-19,11.0,Ceara Sc,239.0,9.0,unknown injury,26.55555555555556,True
#7Pedro Henrique,Muscle injury,2020-09-29,12.0,Ceara Sc,239.0,9.0,unknown injury,26.55555555555556,True
#7Pedro Henrique,Torn muscle fiber,2020-09-04,17.0,Ceara Sc,239.0,9.0,unknown injury,26.55555555555556,True
#7Pedro Henrique,unknown injury,2020-07-06,5.0,Ceara Sc,239.0,9.0,unknown injury,26.55555555555556,True
#7Pedro Henrique,Hamstring injury,2019-12-09,29.0,Ceara Sc,239.0,9.0,unknown injury,26.55555555555556,True
#9Pedro Raul,Hamstring injury,2024-02-12,19.0,Ceara Sc,19.0,1.0,Hamstring injury,19.0,False
#2RafaelRamos,Corona virus,2020-12-20,19.0,Ceara Sc,,,,,
#2RafaelRamos,unknown injury,2020-01-01,28.0,Ceara Sc,,,,,
#2RafaelRamos,Achilles tendon problems,2019-02-28,22.0,Ceara Sc,,,,,
#2RafaelRamos,Muscle injury,2017-02-22,80.0,Ceara Sc,,,,,
#2RafaelRamos,Muscle injury,2016-07-01,77.0,Ceara Sc,,,,,
#2RafaelRamos,Muscle injury,2016-05-23,27.0,Ceara Sc,,,,,
#2RafaelRamos,Hamstring injury,2015-07-20,32.0,Ceara Sc,,,,,
#40Ramon Menezes,Thigh problems,2025-03-10,33.0,Ceara Sc,4.0,1.0,Achilles tendon problems,4.0,False
#40Ramon Menezes,Achilles tendon problems,2022-07-11,4.0,Ceara Sc,4.0,1.0,Achilles tendon problems,4.0,False
#1Richard,Achilles tendon rupture,2024-09-20,270.0,Ceara Sc,270.0,1.0,Achilles tendon rupture,270.0,True
#26Richardson,Heel spur,2025-02-13,124.0,Ceara Sc,,,,,
#19Rômulo,Hamstring injury,2024-06-15,26.0,Ceara Sc,26.0,1.0,Hamstring injury,26.0,False
#19AndréCarrillo,unknown injury,2024-05-10,16.0,Corinthians Sao Paulo,102.0,3.0,unknown injury,34.0,True
#19AndréCarrillo,Achilles tendon contusion,2023-09-19,22.0,Corinthians Sao Paulo,102.0,3.0,unknown injury,34.0,True
#19AndréCarrillo,Knee injury,2022-03-26,64.0,Corinthians Sao Paulo,102.0,3.0,unknown injury,34.0,True
#19AndréCarrillo,Corona virus,2020-07-12,15.0,Corinthians Sao Paulo,102.0,3.0,unknown injury,34.0,True
#19AndréCarrillo,Knee bruise,2017-08-01,13.0,Corinthians Sao Paulo,102.0,3.0,unknown injury,34.0,True
#19AndréCarrillo,Thigh problems,2015-01-19,8.0,Corinthians Sao Paulo,102.0,3.0,unknown injury,34.0,True
#19AndréCarrillo,flu,2013-03-24,27.0,Corinthians Sao Paulo,102.0,3.0,unknown injury,34.0,True
#19AndréCarrillo,Knee injury,2011-11-30,4.0,Corinthians Sao Paulo,102.0,3.0,unknown injury,34.0,True
#19AndréCarrillo,Tendonitis,2011-10-15,4.0,Corinthians Sao Paulo,102.0,3.0,unknown injury,34.0,True
#5André Ramalho,Thigh problems,2024-11-05,15.0,Corinthians Sao Paulo,199.0,3.0,Thigh problems,66.33333333333333,True
#5André Ramalho,unknown injury,2022-04-28,88.0,Corinthians Sao Paulo,199.0,3.0,Thigh problems,66.33333333333333,True
#5André Ramalho,Ankle surgery,2021-12-23,96.0,Corinthians Sao Paulo,199.0,3.0,Thigh problems,66.33333333333333,True
#5André Ramalho,Corona virus,2020-10-01,19.0,Corinthians Sao Paulo,199.0,3.0,Thigh problems,66.33333333333333,True
#5André Ramalho,muscular problems,2018-05-28,29.0,Corinthians Sao Paulo,199.0,3.0,Thigh problems,66.33333333333333,True
#5André Ramalho,Hamstring injury,2018-02-08,8.0,Corinthians Sao Paulo,199.0,3.0,Thigh problems,66.33333333333333,True
#5André Ramalho,Fitness,2016-10-24,8.0,Corinthians Sao Paulo,199.0,3.0,Thigh problems,66.33333333333333,True
#5André Ramalho,Calf injury,2016-09-12,43.0,Corinthians Sao Paulo,199.0,3.0,Thigh problems,66.33333333333333,True
#5André Ramalho,Metatarsal fracture,2012-05-31,82.0,Corinthians Sao Paulo,199.0,3.0,Thigh problems,66.33333333333333,True
#11ÁngelRomero,Thigh problems,2024-08-11,14.0,Corinthians Sao Paulo,14.0,1.0,Thigh problems,14.0,False
#27Biro,muscular problems,2021-04-05,29.0,Corinthians Sao Paulo,29.0,1.0,muscular problems,29.0,False
#25Cacá,bruise,2024-10-29,22.0,Corinthians Sao Paulo,22.0,1.0,bruise,22.0,False
#33Carlos Miguel,Hamstring injury,2025-02-10,50.0,Corinthians Sao Paulo,,,,,
#35Charles,muscular problems,2019-08-04,11.0,Corinthians Sao Paulo,,,,,
#6DiegoPalacios,Knee surgery,2024-06-19,197.0,Corinthians Sao Paulo,343.0,3.0,Knee surgery,114.33333333333331,True
#6DiegoPalacios,Knee injury,2024-01-29,135.0,Corinthians Sao Paulo,343.0,3.0,Knee surgery,114.33333333333331,True
#6DiegoPalacios,Knee problems,2021-08-16,11.0,Corinthians Sao Paulo,343.0,3.0,Knee surgery,114.33333333333331,True
#6DiegoPalacios,Corona virus,2020-11-14,17.0,Corinthians Sao Paulo,343.0,3.0,Knee surgery,114.33333333333331,True
#26FabrizioAngileri,Hamstring injury,2025-03-31,16.0,Corinthians Sao Paulo,97.0,4.0,Torn muscle bundle,24.25,True
#26FabrizioAngileri,Torn muscle bundle,2021-11-04,52.0,Corinthians Sao Paulo,97.0,4.0,Torn muscle bundle,24.25,True
#26FabrizioAngileri,Thigh problems,2021-10-14,14.0,Corinthians Sao Paulo,97.0,4.0,Torn muscle bundle,24.25,True
#26FabrizioAngileri,Torn muscle bundle,2021-08-20,20.0,Corinthians Sao Paulo,97.0,4.0,Torn muscle bundle,24.25,True
#26FabrizioAngileri,Corona virus,2021-05-21,11.0,Corinthians Sao Paulo,97.0,4.0,Torn muscle bundle,24.25,True
#26FabrizioAngileri,Torn muscle bundle,2020-12-28,12.0,Corinthians Sao Paulo,97.0,4.0,Torn muscle bundle,24.25,True
#26FabrizioAngileri,Torn muscle bundle,2020-12-28,12.0,Corinthians Sao Paulo,97.0,4.0,Torn muscle bundle,24.25,True
#26FabrizioAngileri,bruise,2020-02-02,30.0,Corinthians Sao Paulo,97.0,4.0,Torn muscle bundle,24.25,True
#26FabrizioAngileri,Hip problems,2019-07-25,17.0,Corinthians Sao Paulo,97.0,4.0,Torn muscle bundle,24.25,True
#8FaustoVera,Hamstring injury,2024-05-07,7.0,Corinthians Sao Paulo,14.0,2.0,Hamstring injury,7.0,False
#3FélixTorres,Hamstring injury,2024-11-21,59.0,Corinthians Sao Paulo,78.0,2.0,Hamstring injury,39.0,True
#3FélixTorres,Muscle injury,2022-08-29,19.0,Corinthians Sao Paulo,78.0,2.0,Hamstring injury,39.0,True
#17Giovane,Hamstring injury,2023-09-06,41.0,Corinthians Sao Paulo,41.0,1.0,Hamstring injury,41.0,False
#13Gustavo Henrique,Groin problems,2025-04-28,50.0,Corinthians Sao Paulo,96.0,4.0,Ill,24.0,True
#13Gustavo Henrique,Hamstring injury,2025-04-03,13.0,Corinthians Sao Paulo,96.0,4.0,Ill,24.0,True
#13Gustavo Henrique,Thigh problems,2025-01-15,39.0,Corinthians Sao Paulo,96.0,4.0,Ill,24.0,True
#13Gustavo Henrique,Ill,2024-04-19,22.0,Corinthians Sao Paulo,96.0,4.0,Ill,24.0,True
#13Gustavo Henrique,Ill,2024-04-19,22.0,Corinthians Sao Paulo,96.0,4.0,Ill,24.0,True
#13Gustavo Henrique,muscular problems,2024-01-20,22.0,Corinthians Sao Paulo,96.0,4.0,Ill,24.0,True
#13Gustavo Henrique,Hamstring injury,2022-10-27,30.0,Corinthians Sao Paulo,96.0,4.0,Ill,24.0,True
#13Gustavo Henrique,Ill,2020-10-21,3.0,Corinthians Sao Paulo,96.0,4.0,Ill,24.0,True
#13Gustavo Henrique,Ill,2020-09-27,8.0,Corinthians Sao Paulo,96.0,4.0,Ill,24.0,True
#13Gustavo Henrique,Cruciate ligament tear,2016-09-26,317.0,Corinthians Sao Paulo,96.0,4.0,Ill,24.0,True
#22HéctorHernández,Torn lateral knee ligament,2024-10-23,46.0,Corinthians Sao Paulo,152.0,3.0,unknown injury,50.66666666666666,True
#22HéctorHernández,unknown injury,2023-03-01,43.0,Corinthians Sao Paulo,152.0,3.0,unknown injury,50.66666666666666,True
#22HéctorHernández,unknown injury,2022-12-14,63.0,Corinthians Sao Paulo,152.0,3.0,unknown injury,50.66666666666666,True
#22HéctorHernández,Knee injury,2017-09-25,11.0,Corinthians Sao Paulo,152.0,3.0,unknown injury,50.66666666666666,True
#22HéctorHernández,Broken collarbone,2014-01-27,67.0,Corinthians Sao Paulo,152.0,3.0,unknown injury,50.66666666666666,True
#1Hugo Souza,Hamstring injury,2025-03-28,27.0,Corinthians Sao Paulo,,,,,
#46Hugo,Calf injury,2024-10-16,15.0,Corinthians Sao Paulo,102.0,3.0,Calf injury,34.0,True
#46Hugo,Knee injury,2022-04-30,65.0,Corinthians Sao Paulo,102.0,3.0,Calf injury,34.0,True
#46Hugo,Muscle injury,2021-07-09,22.0,Corinthians Sao Paulo,102.0,3.0,Calf injury,34.0,True
#77IgorCoronado,Shoulder injury,2025-04-06,18.0,Corinthians Sao Paulo,18.0,1.0,Adductor injury,18.0,False
#77IgorCoronado,Adductor injury,2025-03-01,26.0,Corinthians Sao Paulo,18.0,1.0,Adductor injury,18.0,False
#77IgorCoronado,Adductor injury,2024-04-20,18.0,Corinthians Sao Paulo,18.0,1.0,Adductor injury,18.0,False
#77IgorCoronado,unknown injury,2019-12-20,63.0,Corinthians Sao Paulo,18.0,1.0,Adductor injury,18.0,False
#70JoséMartínez,Dental surgery,2025-05-07,8.0,Corinthians Sao Paulo,,,,,
#70JoséMartínez,Knee problems,2025-03-03,6.0,Corinthians Sao Paulo,,,,,
#21Matheus Bidu,Hamstring injury,2024-09-15,6.0,Corinthians Sao Paulo,6.0,1.0,Hamstring injury,6.0,False
#2Matheuzinho,Hamstring injury,2025-05-16,8.0,Corinthians Sao Paulo,128.0,2.0,ankle sprain,64.0,True
#2Matheuzinho,ankle sprain,2024-05-08,20.0,Corinthians Sao Paulo,128.0,2.0,ankle sprain,64.0,True
#2Matheuzinho,Leg injury,2023-03-15,108.0,Corinthians Sao Paulo,128.0,2.0,ankle sprain,64.0,True
#7Maycon,Cruciate ligament injury,2024-04-18,297.0,Corinthians Sao Paulo,439.0,4.0,Hamstring injury,109.75,True
#7Maycon,Hamstring injury,2024-03-02,44.0,Corinthians Sao Paulo,439.0,4.0,Hamstring injury,109.75,True
#7Maycon,Broken toe,2022-08-04,64.0,Corinthians Sao Paulo,439.0,4.0,Hamstring injury,109.75,True
#7Maycon,Hamstring injury,2022-06-15,34.0,Corinthians Sao Paulo,439.0,4.0,Hamstring injury,109.75,True
#7Maycon,Knee injury,2020-05-30,13.0,Corinthians Sao Paulo,439.0,4.0,Hamstring injury,109.75,True
#7Maycon,Cruciate ligament surgery,2019-04-25,199.0,Corinthians Sao Paulo,439.0,4.0,Hamstring injury,109.75,True
#10MemphisDepay,ankle sprain,2025-05-11,16.0,Corinthians Sao Paulo,421.0,12.0,Muscle injury,35.083333333333336,True
#10MemphisDepay,Leg injury,2025-04-28,5.0,Corinthians Sao Paulo,421.0,12.0,Muscle injury,35.083333333333336,True
#10MemphisDepay,Injury to the ankle,2025-04-06,6.0,Corinthians Sao Paulo,421.0,12.0,Muscle injury,35.083333333333336,True
#10MemphisDepay,Fitness,2024-09-13,8.0,Corinthians Sao Paulo,421.0,12.0,Muscle injury,35.083333333333336,True
#10MemphisDepay,Muscle injury,2024-07-10,23.0,Corinthians Sao Paulo,421.0,12.0,Muscle injury,35.083333333333336,True
#10MemphisDepay,Muscle injury,2024-04-09,33.0,Corinthians Sao Paulo,421.0,12.0,Muscle injury,35.083333333333336,True
#10MemphisDepay,Muscle injury,2024-04-08,29.0,Corinthians Sao Paulo,421.0,12.0,Muscle injury,35.083333333333336,True
#10MemphisDepay,Muscle injury,2023-09-26,60.0,Corinthians Sao Paulo,421.0,12.0,Muscle injury,35.083333333333336,True
#10MemphisDepay,Muscle injury,2023-09-15,6.0,Corinthians Sao Paulo,421.0,12.0,Muscle injury,35.083333333333336,True
#10MemphisDepay,Calf injury,2023-05-02,90.0,Corinthians Sao Paulo,421.0,12.0,Muscle injury,35.083333333333336,True
#10MemphisDepay,Muscle injury,2023-04-01,25.0,Corinthians Sao Paulo,421.0,12.0,Muscle injury,35.083333333333336,True
#10MemphisDepay,Thigh problems,2022-09-22,60.0,Corinthians Sao Paulo,421.0,12.0,Muscle injury,35.083333333333336,True
#10MemphisDepay,Hamstring strain,2022-04-04,11.0,Corinthians Sao Paulo,421.0,12.0,Muscle injury,35.083333333333336,True
#10MemphisDepay,Achilles tendon problems,2022-01-17,43.0,Corinthians Sao Paulo,421.0,12.0,Muscle injury,35.083333333333336,True
#10MemphisDepay,Hamstring injury,2021-12-09,33.0,Corinthians Sao Paulo,421.0,12.0,Muscle injury,35.083333333333336,True
#14Raniele,Hamstring injury,2025-06-02,15.0,Corinthians Sao Paulo,95.0,3.0,Adductor injury,31.666666666666668,True
#14Raniele,Hamstring injury,2025-05-11,7.0,Corinthians Sao Paulo,95.0,3.0,Adductor injury,31.666666666666668,True
#14Raniele,Hamstring injury,2025-02-13,24.0,Corinthians Sao Paulo,95.0,3.0,Adductor injury,31.666666666666668,True
#14Raniele,Adductor injury,2024-09-15,14.0,Corinthians Sao Paulo,95.0,3.0,Adductor injury,31.666666666666668,True
#14Raniele,Calf injury,2024-08-14,11.0,Corinthians Sao Paulo,95.0,3.0,Adductor injury,31.666666666666668,True
#14Raniele,muscular problems,2022-11-06,70.0,Corinthians Sao Paulo,95.0,3.0,Adductor injury,31.666666666666668,True
#34Raul Gustavo,Broken collarbone,2024-10-04,59.0,Corinthians Sao Paulo,168.0,2.0,Broken collarbone,84.0,True
#34Raul Gustavo,Knee injury,2023-03-15,109.0,Corinthians Sao Paulo,168.0,2.0,Broken collarbone,84.0,True
#8RodrigoGarro,Knee injury,2025-03-28,60.0,Corinthians Sao Paulo,12.0,2.0,unknown injury,6.0,False
#8RodrigoGarro,Knee injury,2025-01-01,39.0,Corinthians Sao Paulo,12.0,2.0,unknown injury,6.0,False
#8RodrigoGarro,unknown injury,2022-10-11,5.0,Corinthians Sao Paulo,12.0,2.0,unknown injury,6.0,False
#8RodrigoGarro,unknown injury,2022-02-20,7.0,Corinthians Sao Paulo,12.0,2.0,unknown injury,6.0,False
#37Ryan,Foot injury,2024-09-30,69.0,Corinthians Sao Paulo,69.0,1.0,Foot injury,69.0,True
#43Talles Magno,pneumonia,2025-04-17,10.0,Corinthians Sao Paulo,155.0,5.0,Hamstring injury,31.0,True
#43Talles Magno,Hamstring injury,2024-09-22,25.0,Corinthians Sao Paulo,155.0,5.0,Hamstring injury,31.0,True
#43Talles Magno,unknown injury,2024-08-19,4.0,Corinthians Sao Paulo,155.0,5.0,Hamstring injury,31.0,True
#43Talles Magno,Knee injury,2024-02-29,63.0,Corinthians Sao Paulo,155.0,5.0,Hamstring injury,31.0,True
#43Talles Magno,Leg injury,2023-05-29,5.0,Corinthians Sao Paulo,155.0,5.0,Hamstring injury,31.0,True
#43Talles Magno,Knee problems,2021-03-28,58.0,Corinthians Sao Paulo,155.0,5.0,Hamstring injury,31.0,True
#43Talles Magno,Corona virus,2020-11-20,12.0,Corinthians Sao Paulo,155.0,5.0,Hamstring injury,31.0,True
#43Talles Magno,Corona virus,2020-03-31,16.0,Corinthians Sao Paulo,155.0,5.0,Hamstring injury,31.0,True
#43Talles Magno,Metatarsal fracture,2020-02-24,122.0,Corinthians Sao Paulo,155.0,5.0,Hamstring injury,31.0,True
#43Talles Magno,Hamstring injury,2019-11-08,66.0,Corinthians Sao Paulo,155.0,5.0,Hamstring injury,31.0,True
#9Yuri Alberto,Lumbar vertebra fracture,2025-05-25,23.0,Corinthians Sao Paulo,47.0,3.0,Hamstring injury,15.666666666666666,True
#9Yuri Alberto,Hamstring injury,2024-11-21,9.0,Corinthians Sao Paulo,47.0,3.0,Hamstring injury,15.666666666666666,True
#9Yuri Alberto,Kidney stone surgery,2024-08-01,24.0,Corinthians Sao Paulo,47.0,3.0,Hamstring injury,15.666666666666666,True
#9Yuri Alberto,Tendonitis,2024-04-27,14.0,Corinthians Sao Paulo,47.0,3.0,Hamstring injury,15.666666666666666,True
#1AgustínRossi,Shoulder injury,2024-12-02,6.0,Cr Flamengo,34.0,3.0,Shoulder injury,11.333333333333334,True
#1AgustínRossi,Torn muscle bundle,2022-04-13,20.0,Cr Flamengo,34.0,3.0,Shoulder injury,11.333333333333334,True
#1AgustínRossi,Quarantine,2021-07-22,8.0,Cr Flamengo,34.0,3.0,Shoulder injury,11.333333333333334,True
#26Alex Sandro,Hamstring injury,2025-04-17,17.0,Cr Flamengo,210.0,13.0,Calf problems,16.153846153846153,True
#26Alex Sandro,Hamstring injury,2025-02-09,27.0,Cr Flamengo,210.0,13.0,Calf problems,16.153846153846153,True
#26Alex Sandro,Calf problems,2024-12-02,6.0,Cr Flamengo,210.0,13.0,Calf problems,16.153846153846153,True
#26Alex Sandro,muscular problems,2024-10-21,13.0,Cr Flamengo,210.0,13.0,Calf problems,16.153846153846153,True
#26Alex Sandro,Hamstring injury,2024-10-03,14.0,Cr Flamengo,210.0,13.0,Calf problems,16.153846153846153,True
#26Alex Sandro,Fitness,2024-08-24,22.0,Cr Flamengo,210.0,13.0,Calf problems,16.153846153846153,True
#26Alex Sandro,Leg injury,2024-05-03,11.0,Cr Flamengo,210.0,13.0,Calf problems,16.153846153846153,True
#26Alex Sandro,Muscle fatigue,2024-03-30,4.0,Cr Flamengo,210.0,13.0,Calf problems,16.153846153846153,True
#26Alex Sandro,unknown injury,2023-12-28,12.0,Cr Flamengo,210.0,13.0,Calf problems,16.153846153846153,True
#26Alex Sandro,Hamstring muscle injury,2023-09-18,66.0,Cr Flamengo,210.0,13.0,Calf problems,16.153846153846153,True
#26Alex Sandro,Muscle fatigue,2023-04-12,6.0,Cr Flamengo,210.0,13.0,Calf problems,16.153846153846153,True
#26Alex Sandro,Hamstring muscle injury,2023-03-09,21.0,Cr Flamengo,210.0,13.0,Calf problems,16.153846153846153,True
#26Alex Sandro,muscular problems,2022-11-29,9.0,Cr Flamengo,210.0,13.0,Calf problems,16.153846153846153,True
#26Alex Sandro,Thigh problems,2022-09-14,19.0,Cr Flamengo,210.0,13.0,Calf problems,16.153846153846153,True
#26Alex Sandro,Calf problems,2022-03-15,7.0,Cr Flamengo,210.0,13.0,Calf problems,16.153846153846153,True
#29Allan,Hamstring injury,2025-05-11,17.0,Cr Flamengo,18.0,1.0,Hamstring injury,18.0,False
#29Allan,Hamstring injury,2024-06-03,18.0,Cr Flamengo,18.0,1.0,Hamstring injury,18.0,False
#29Allan,Corona virus,2020-11-18,11.0,Cr Flamengo,18.0,1.0,Hamstring injury,18.0,False
#29Allan,Fitness,2019-01-01,20.0,Cr Flamengo,18.0,1.0,Hamstring injury,18.0,False
#29Allan,Outer ligament tear,2018-11-22,40.0,Cr Flamengo,18.0,1.0,Hamstring injury,18.0,False
#29Allan,Arm injury,2018-04-01,96.0,Cr Flamengo,18.0,1.0,Hamstring injury,18.0,False
#29Allan,muscular problems,2017-05-01,4.0,Cr Flamengo,18.0,1.0,Hamstring injury,18.0,False
#29Allan,Facial injury,2015-09-21,1.0,Cr Flamengo,18.0,1.0,Hamstring injury,18.0,False
#6Ayrton Lucas,Hamstring injury,2024-05-29,23.0,Cr Flamengo,36.0,2.0,Hamstring injury,18.0,False
#6Ayrton Lucas,Metatarsal bruise,2022-03-19,13.0,Cr Flamengo,36.0,2.0,Hamstring injury,18.0,False
#6Ayrton Lucas,cold,2020-11-09,7.0,Cr Flamengo,36.0,2.0,Hamstring injury,18.0,False
#6Ayrton Lucas,Leg injury,2018-05-16,24.0,Cr Flamengo,36.0,2.0,Hamstring injury,18.0,False
#27Bruno Henrique,Hamstring injury,2025-03-09,20.0,Cr Flamengo,345.0,3.0,Injury to the ankle,115.0,True
#27Bruno Henrique,Injury to the ankle,2024-07-06,28.0,Cr Flamengo,345.0,3.0,Injury to the ankle,115.0,True
#27Bruno Henrique,sprain,2024-05-10,23.0,Cr Flamengo,345.0,3.0,Injury to the ankle,115.0,True
#27Bruno Henrique,Knee injury,2022-06-17,294.0,Cr Flamengo,345.0,3.0,Injury to the ankle,115.0,True
#27Bruno Henrique,infection,2016-12-14,5.0,Cr Flamengo,345.0,3.0,Injury to the ankle,115.0,True
#27Bruno Henrique,Foot bruise,2016-11-22,3.0,Cr Flamengo,345.0,3.0,Injury to the ankle,115.0,True
#27Bruno Henrique,Cruciate ligament strain,2016-10-27,25.0,Cr Flamengo,345.0,3.0,Injury to the ankle,115.0,True
#27Bruno Henrique,Bone edema,2016-04-21,110.0,Cr Flamengo,345.0,3.0,Injury to the ankle,115.0,True
#27Bruno Henrique,concussion,2016-04-14,1.0,Cr Flamengo,345.0,3.0,Injury to the ankle,115.0,True
#27Bruno Henrique,bronchitis,2016-02-22,8.0,Cr Flamengo,345.0,3.0,Injury to the ankle,115.0,True
#24CarlosAlcaraz,Hamstring muscle injury,2024-03-06,27.0,Cr Flamengo,55.0,2.0,Hamstring muscle injury,27.5,False
#24CarlosAlcaraz,Torn muscle bundle,2022-06-09,28.0,Cr Flamengo,55.0,2.0,Hamstring muscle injury,27.5,False
#13Danilo,Hamstring injury,2025-02-23,49.0,Cr Flamengo,166.0,10.0,Ankle injury,16.6,True
#13Danilo,Ankle sprain,2024-12-20,9.0,Cr Flamengo,166.0,10.0,Ankle injury,16.6,True
#13Danilo,Hamstring muscle injury,2024-05-05,9.0,Cr Flamengo,166.0,10.0,Ankle injury,16.6,True
#13Danilo,Ankle injury,2024-02-18,14.0,Cr Flamengo,166.0,10.0,Ankle injury,16.6,True
#13Danilo,unknown injury,2023-10-31,32.0,Cr Flamengo,166.0,10.0,Ankle injury,16.6,True
#13Danilo,Torn muscle bundle,2023-10-13,18.0,Cr Flamengo,166.0,10.0,Ankle injury,16.6,True
#13Danilo,Ankle injury,2022-11-24,11.0,Cr Flamengo,166.0,10.0,Ankle injury,16.6,True
#13Danilo,muscular problems,2022-05-11,13.0,Cr Flamengo,166.0,10.0,Ankle injury,16.6,True
#13Danilo,Rest,2022-05-05,5.0,Cr Flamengo,166.0,10.0,Ankle injury,16.6,True
#13Danilo,Adductor pain,2022-01-15,3.0,Cr Flamengo,166.0,10.0,Ankle injury,16.6,True
#13Danilo,Adductor injury,2021-11-20,52.0,Cr Flamengo,166.0,10.0,Ankle injury,16.6,True
#13Danilo,Hamstring strain,2020-01-23,18.0,Cr Flamengo,166.0,10.0,Ankle injury,16.6,True
#13Danilo,Hamstring muscle injury,2019-09-25,21.0,Cr Flamengo,166.0,10.0,Ankle injury,16.6,True
#13Danilo,unknown injury,2018-12-10,13.0,Cr Flamengo,166.0,10.0,Ankle injury,16.6,True
#13Danilo,Ankle injury,2018-10-16,14.0,Cr Flamengo,166.0,10.0,Ankle injury,16.6,True
#5ErickPulgar,Hamstring injury,2025-05-11,21.0,Cr Flamengo,235.0,11.0,Muscle injury,21.363636363636363,True
#5ErickPulgar,Muscle injury,2024-11-11,9.0,Cr Flamengo,235.0,11.0,Muscle injury,21.363636363636363,True
#5ErickPulgar,stomach problems,2024-07-21,7.0,Cr Flamengo,235.0,11.0,Muscle injury,21.363636363636363,True
#5ErickPulgar,Injury to the ankle,2024-04-29,34.0,Cr Flamengo,235.0,11.0,Muscle injury,21.363636363636363,True
#5ErickPulgar,Hamstring muscle injury,2023-07-12,36.0,Cr Flamengo,235.0,11.0,Muscle injury,21.363636363636363,True
#5ErickPulgar,Metatarsal fracture,2023-02-25,69.0,Cr Flamengo,235.0,11.0,Muscle injury,21.363636363636363,True
#5ErickPulgar,Bruise on ankle,2022-09-19,4.0,Cr Flamengo,235.0,11.0,Muscle injury,21.363636363636363,True
#5ErickPulgar,Corona virus,2022-03-23,6.0,Cr Flamengo,235.0,11.0,Muscle injury,21.363636363636363,True
#5ErickPulgar,bruise,2021-12-15,7.0,Cr Flamengo,235.0,11.0,Muscle injury,21.363636363636363,True
#5ErickPulgar,Ankle sprain,2021-10-22,45.0,Cr Flamengo,235.0,11.0,Muscle injury,21.363636363636363,True
#5ErickPulgar,Muscle fatigue,2021-09-18,9.0,Cr Flamengo,235.0,11.0,Muscle injury,21.363636363636363,True
#5ErickPulgar,Thigh problems,2021-06-22,9.0,Cr Flamengo,235.0,11.0,Muscle injury,21.363636363636363,True
#5ErickPulgar,Fitness,2020-09-08,37.0,Cr Flamengo,235.0,11.0,Muscle injury,21.363636363636363,True
#5ErickPulgar,Contracture,2018-05-15,18.0,Cr Flamengo,235.0,11.0,Muscle injury,21.363636363636363,True
#5ErickPulgar,Contracture,2018-04-30,12.0,Cr Flamengo,235.0,11.0,Muscle injury,21.363636363636363,True
#11Everton,Calf injury,2025-05-05,5.0,Cr Flamengo,265.0,8.0,Corona virus,33.125,True
#11Everton,Achilles tendon rupture,2024-08-12,171.0,Cr Flamengo,265.0,8.0,Corona virus,33.125,True
#11Everton,Thigh problems,2024-08-01,6.0,Cr Flamengo,265.0,8.0,Corona virus,33.125,True
#11Everton,Hip flexor problems,2024-06-21,29.0,Cr Flamengo,265.0,8.0,Corona virus,33.125,True
#11Everton,Hamstring injury,2024-06-13,8.0,Cr Flamengo,265.0,8.0,Corona virus,33.125,True
#11Everton,Calf injury,2024-04-20,21.0,Cr Flamengo,265.0,8.0,Corona virus,33.125,True
#11Everton,Muscle injury,2022-05-06,12.0,Cr Flamengo,265.0,8.0,Corona virus,33.125,True
#11Everton,Corona virus,2022-01-14,7.0,Cr Flamengo,265.0,8.0,Corona virus,33.125,True
#11Everton,Corona virus,2021-01-24,11.0,Cr Flamengo,265.0,8.0,Corona virus,33.125,True
#15Fabrício Bruno,Broken nose bone,2024-03-02,4.0,Cr Flamengo,226.0,4.0,Broken nose bone,56.5,True
#15Fabrício Bruno,Broken toe,2022-03-30,109.0,Cr Flamengo,226.0,4.0,Broken nose bone,56.5,True
#9Gabriel Barbosa,Thigh problems,2025-05-05,6.0,Cr Flamengo,76.0,4.0,Thigh problems,19.0,True
#9Gabriel Barbosa,Thigh problems,2024-09-16,10.0,Cr Flamengo,76.0,4.0,Thigh problems,19.0,True
#9Gabriel Barbosa,Hamstring injury,2024-08-16,28.0,Cr Flamengo,76.0,4.0,Thigh problems,19.0,True
#8Gerson,Hamstring injury,2025-03-22,15.0,Cr Flamengo,88.0,4.0,Kidney problems,22.0,True
#8Gerson,Kidney problems,2024-02-18,54.0,Cr Flamengo,88.0,4.0,Kidney problems,22.0,True
#8Gerson,Thigh problems,2023-05-01,16.0,Cr Flamengo,88.0,4.0,Kidney problems,22.0,True
#8Gerson,Ankle problems,2022-08-21,10.0,Cr Flamengo,88.0,4.0,Kidney problems,22.0,True
#8Gerson,Corona virus,2022-01-06,8.0,Cr Flamengo,88.0,4.0,Kidney problems,22.0,True
#10Giorgiande Arrascaeta,Hamstring injury,2025-03-23,14.0,Cr Flamengo,278.0,14.0,Hamstring injury,19.857142857142858,True
#10Giorgiande Arrascaeta,Arthroscopy,2024-11-11,75.0,Cr Flamengo,278.0,14.0,Hamstring injury,19.857142857142858,True
#10Giorgiande Arrascaeta,Adductor injury,2024-08-19,25.0,Cr Flamengo,278.0,14.0,Hamstring injury,19.857142857142858,True
#10Giorgiande Arrascaeta,Hamstring injury,2024-04-29,12.0,Cr Flamengo,278.0,14.0,Hamstring injury,19.857142857142858,True
#10Giorgiande Arrascaeta,Hamstring injury,2023-08-27,27.0,Cr Flamengo,278.0,14.0,Hamstring injury,19.857142857142858,True
#10Giorgiande Arrascaeta,Muscle injury,2023-05-20,9.0,Cr Flamengo,278.0,14.0,Hamstring injury,19.857142857142858,True
#10Giorgiande Arrascaeta,muscular problems,2023-03-20,45.0,Cr Flamengo,278.0,14.0,Hamstring injury,19.857142857142858,True
#10Giorgiande Arrascaeta,Knock,2022-09-02,4.0,Cr Flamengo,278.0,14.0,Hamstring injury,19.857142857142858,True
#10Giorgiande Arrascaeta,Back problems,2022-07-08,5.0,Cr Flamengo,278.0,14.0,Hamstring injury,19.857142857142858,True
#10Giorgiande Arrascaeta,Knock,2022-05-31,8.0,Cr Flamengo,278.0,14.0,Hamstring injury,19.857142857142858,True
#10Giorgiande Arrascaeta,Rest,2022-05-23,4.0,Cr Flamengo,278.0,14.0,Hamstring injury,19.857142857142858,True
#10Giorgiande Arrascaeta,Ankle injury,2022-03-31,8.0,Cr Flamengo,278.0,14.0,Hamstring injury,19.857142857142858,True
#10Giorgiande Arrascaeta,Rest,2021-12-02,10.0,Cr Flamengo,278.0,14.0,Hamstring injury,19.857142857142858,True
#10Giorgiande Arrascaeta,Muscle injury,2021-10-09,42.0,Cr Flamengo,278.0,14.0,Hamstring injury,19.857142857142858,True
#10Giorgiande Arrascaeta,Fitness,2021-09-25,4.0,Cr Flamengo,278.0,14.0,Hamstring injury,19.857142857142858,True
#50GonzaloPlata,Knee problems,2025-05-02,46.0,Cr Flamengo,100.0,6.0,Torn muscle fiber in the adductor area,16.666666666666668,True
#50GonzaloPlata,Bone edema,2025-04-20,7.0,Cr Flamengo,100.0,6.0,Torn muscle fiber in the adductor area,16.666666666666668,True
#50GonzaloPlata,Muscle fatigue,2025-03-30,7.0,Cr Flamengo,100.0,6.0,Torn muscle fiber in the adductor area,16.666666666666668,True
#50GonzaloPlata,Torn muscle fiber in the adductor area,2023-03-18,13.0,Cr Flamengo,100.0,6.0,Torn muscle fiber in the adductor area,16.666666666666668,True
#50GonzaloPlata,Hip problems,2022-10-06,13.0,Cr Flamengo,100.0,6.0,Torn muscle fiber in the adductor area,16.666666666666668,True
#50GonzaloPlata,Ankle problems,2022-08-15,18.0,Cr Flamengo,100.0,6.0,Torn muscle fiber in the adductor area,16.666666666666668,True
#50GonzaloPlata,ankle sprain,2022-06-13,43.0,Cr Flamengo,100.0,6.0,Torn muscle fiber in the adductor area,16.666666666666668,True
#50GonzaloPlata,Corona virus,2022-02-17,8.0,Cr Flamengo,100.0,6.0,Torn muscle fiber in the adductor area,16.666666666666668,True
#50GonzaloPlata,flu,2021-11-01,5.0,Cr Flamengo,100.0,6.0,Torn muscle fiber in the adductor area,16.666666666666668,True
#50GonzaloPlata,Corona virus,2020-11-22,11.0,Cr Flamengo,100.0,6.0,Torn muscle fiber in the adductor area,16.666666666666668,True
#2GuillermoVarela,Hip flexor problems,2024-08-08,7.0,Cr Flamengo,111.0,4.0,unknown injury,27.75,True
#2GuillermoVarela,Knee injury,2023-08-18,62.0,Cr Flamengo,111.0,4.0,unknown injury,27.75,True
#2GuillermoVarela,unknown injury,2023-04-25,22.0,Cr Flamengo,111.0,4.0,unknown injury,27.75,True
#2GuillermoVarela,unknown injury,2022-10-20,20.0,Cr Flamengo,111.0,4.0,unknown injury,27.75,True
#2GuillermoVarela,Fitness,2019-10-30,4.0,Cr Flamengo,111.0,4.0,unknown injury,27.75,True
#2GuillermoVarela,Ankle injury,2018-09-05,118.0,Cr Flamengo,111.0,4.0,unknown injury,27.75,True
#2GuillermoVarela,Muscle injury,2018-06-08,6.0,Cr Flamengo,111.0,4.0,unknown injury,27.75,True
#2GuillermoVarela,Rest,2018-04-28,3.0,Cr Flamengo,111.0,4.0,unknown injury,27.75,True
#2GuillermoVarela,Knock,2017-11-23,16.0,Cr Flamengo,111.0,4.0,unknown injury,27.75,True
#2GuillermoVarela,inflamed wound,2017-05-23,6.0,Cr Flamengo,111.0,4.0,unknown injury,27.75,True
#2GuillermoVarela,Ankle problems,2017-03-27,18.0,Cr Flamengo,111.0,4.0,unknown injury,27.75,True
#2GuillermoVarela,Remove screws/nails,2017-03-09,15.0,Cr Flamengo,111.0,4.0,unknown injury,27.75,True
#2GuillermoVarela,Ankle problems,2017-03-02,8.0,Cr Flamengo,111.0,4.0,unknown injury,27.75,True
#2GuillermoVarela,Fitness,2017-01-16,39.0,Cr Flamengo,111.0,4.0,unknown injury,27.75,True
#2GuillermoVarela,Torn ankle ligaments,2016-09-12,127.0,Cr Flamengo,111.0,4.0,unknown injury,27.75,True
#1Hugo Souza,Hamstring injury,2025-03-28,27.0,Cr Flamengo,,,,,
#21Jorginho,Chest injury,2025-04-13,24.0,Cr Flamengo,8.0,1.0,unknown injury,8.0,False
#21Jorginho,unknown injury,2022-05-01,8.0,Cr Flamengo,8.0,1.0,unknown injury,8.0,False
#21Jorginho,Muscle fatigue,2014-09-29,8.0,Cr Flamengo,8.0,1.0,unknown injury,8.0,False
#21Jorginho,Fever,2013-12-13,4.0,Cr Flamengo,8.0,1.0,unknown injury,8.0,False
#23Juninho,unknown injury,2022-08-03,15.0,Cr Flamengo,153.0,3.0,unknown injury,51.0,True
#23Juninho,unknown injury,2021-10-16,89.0,Cr Flamengo,153.0,3.0,unknown injury,51.0,True
#23Juninho,unknown injury,2021-01-20,49.0,Cr Flamengo,153.0,3.0,unknown injury,51.0,True
#3Léo Ortiz,Cruciate ligament injury,2022-10-03,285.0,Cr Flamengo,285.0,1.0,Cruciate ligament injury,285.0,True
#4Léo Pereira,Thigh problems,2024-12-02,6.0,Cr Flamengo,37.0,4.0,Thigh problems,9.25,True
#4Léo Pereira,Knee problems,2024-08-29,14.0,Cr Flamengo,37.0,4.0,Thigh problems,9.25,True
#4Léo Pereira,Hamstring injury,2024-05-19,11.0,Cr Flamengo,37.0,4.0,Thigh problems,9.25,True
#4Léo Pereira,Bruised ribs,2023-10-26,6.0,Cr Flamengo,37.0,4.0,Thigh problems,9.25,True
#4Léo Pereira,Hamstring injury,2020-02-12,11.0,Cr Flamengo,37.0,4.0,Thigh problems,9.25,True
#7Luiz Araújo,Knee injury,2024-09-15,80.0,Cr Flamengo,125.0,2.0,Knee injury,62.5,True
#7Luiz Araújo,Muscle injury,2022-02-28,45.0,Cr Flamengo,125.0,2.0,Knee injury,62.5,True
#7Luiz Araújo,Corona virus,2020-12-31,16.0,Cr Flamengo,125.0,2.0,Knee injury,62.5,True
#17MatíasViña,Knee injury,2024-08-12,293.0,Cr Flamengo,424.0,7.0,Knee injury,60.57142857142857,True
#17MatíasViña,Knee problems,2023-12-11,71.0,Cr Flamengo,424.0,7.0,Knee injury,60.57142857142857,True
#17MatíasViña,Adductor injury,2021-11-03,24.0,Cr Flamengo,424.0,7.0,Knee injury,60.57142857142857,True
#17MatíasViña,Knee injury,2021-09-15,11.0,Cr Flamengo,424.0,7.0,Knee injury,60.57142857142857,True
#17MatíasViña,muscular problems,2021-09-04,7.0,Cr Flamengo,424.0,7.0,Knee injury,60.57142857142857,True
#17MatíasViña,Bruise on ankle,2021-03-01,15.0,Cr Flamengo,424.0,7.0,Knee injury,60.57142857142857,True
#17MatíasViña,Rest,2021-01-08,3.0,Cr Flamengo,424.0,7.0,Knee injury,60.57142857142857,True
#17MatíasViña,Corona virus,2020-11-15,14.0,Cr Flamengo,424.0,7.0,Knee injury,60.57142857142857,True
#17MatíasViña,Head injury,2020-07-23,13.0,Cr Flamengo,424.0,7.0,Knee injury,60.57142857142857,True
#17MatíasViña,muscular problems,2020-02-29,7.0,Cr Flamengo,424.0,7.0,Knee injury,60.57142857142857,True
#17MatíasViña,Foot injury,2020-01-21,21.0,Cr Flamengo,424.0,7.0,Knee injury,60.57142857142857,True
#30Michael,Hamstring injury,2024-08-29,34.0,Cr Flamengo,34.0,1.0,Hamstring injury,34.0,False
#18Nicolásde la Cruz,Knee injury,2025-05-19,29.0,Cr Flamengo,206.0,14.0,Knee problems,14.714285714285714,True
#18Nicolásde la Cruz,Hamstring injury,2024-10-21,36.0,Cr Flamengo,206.0,14.0,Knee problems,14.714285714285714,True
#18Nicolásde la Cruz,Hamstring injury,2024-08-30,19.0,Cr Flamengo,206.0,14.0,Knee problems,14.714285714285714,True
#18Nicolásde la Cruz,Knee problems,2024-08-01,10.0,Cr Flamengo,206.0,14.0,Knee problems,14.714285714285714,True
#18Nicolásde la Cruz,Tendonitis,2023-10-23,11.0,Cr Flamengo,206.0,14.0,Knee problems,14.714285714285714,True
#18Nicolásde la Cruz,Rest,2023-09-23,5.0,Cr Flamengo,206.0,14.0,Knee problems,14.714285714285714,True
#18Nicolásde la Cruz,Fever,2023-08-19,4.0,Cr Flamengo,206.0,14.0,Knee problems,14.714285714285714,True
#18Nicolásde la Cruz,strain,2023-05-19,6.0,Cr Flamengo,206.0,14.0,Knee problems,14.714285714285714,True
#18Nicolásde la Cruz,Knee problems,2023-04-01,15.0,Cr Flamengo,206.0,14.0,Knee problems,14.714285714285714,True
#18Nicolásde la Cruz,Edema in the knee,2023-03-17,13.0,Cr Flamengo,206.0,14.0,Knee problems,14.714285714285714,True
#18Nicolásde la Cruz,Knee surgery,2023-01-01,55.0,Cr Flamengo,206.0,14.0,Knee problems,14.714285714285714,True
#18Nicolásde la Cruz,Knee problems,2022-10-22,12.0,Cr Flamengo,206.0,14.0,Knee problems,14.714285714285714,True
#18Nicolásde la Cruz,Knee problems,2022-09-28,7.0,Cr Flamengo,206.0,14.0,Knee problems,14.714285714285714,True
#18Nicolásde la Cruz,Knock,2022-06-26,10.0,Cr Flamengo,206.0,14.0,Knee problems,14.714285714285714,True
#18Nicolásde la Cruz,Knee problems,2022-04-24,3.0,Cr Flamengo,206.0,14.0,Knee problems,14.714285714285714,True
#21Pablo,Hamstring injury,2024-04-22,265.0,Cr Flamengo,342.0,2.0,Hamstring injury,171.0,True
#21Pablo,Hamstring injury,2024-02-01,77.0,Cr Flamengo,342.0,2.0,Hamstring injury,171.0,True
#21Pablo,Cruciate ligament tear,2020-03-01,186.0,Cr Flamengo,342.0,2.0,Hamstring injury,171.0,True
#21Pablo,Hamstring injury,2016-01-04,51.0,Cr Flamengo,342.0,2.0,Hamstring injury,171.0,True
#21Pablo,Adductor injury,2015-12-07,23.0,Cr Flamengo,342.0,2.0,Hamstring injury,171.0,True
#21Pablo,unknown injury,2015-11-23,12.0,Cr Flamengo,342.0,2.0,Hamstring injury,171.0,True
#9Pedro,Cruciate ligament tear,2024-09-04,217.0,Cr Flamengo,241.0,3.0,Hamstring injury,80.33333333333333,True
#9Pedro,Hamstring injury,2024-08-16,16.0,Cr Flamengo,241.0,3.0,Hamstring injury,80.33333333333333,True
#9Pedro,Hamstring injury,2023-05-12,8.0,Cr Flamengo,241.0,3.0,Hamstring injury,80.33333333333333,True
#9Pedro,Thigh problems,2019-08-12,40.0,Cr Flamengo,241.0,3.0,Hamstring injury,80.33333333333333,True
#9Pedro,Cruciate ligament tear,2018-08-25,208.0,Cr Flamengo,241.0,3.0,Hamstring injury,80.33333333333333,True
#29Thiago Maia,muscular problems,2024-11-09,22.0,Cr Flamengo,136.0,6.0,muscular problems,22.666666666666668,True
#29Thiago Maia,Hamstring injury,2024-07-01,41.0,Cr Flamengo,136.0,6.0,muscular problems,22.666666666666668,True
#29Thiago Maia,Ankle injury,2024-06-18,5.0,Cr Flamengo,136.0,6.0,muscular problems,22.666666666666668,True
#29Thiago Maia,Cruciate ligament tear,2020-12-01,212.0,Cr Flamengo,136.0,6.0,muscular problems,22.666666666666668,True
#29Thiago Maia,Corona virus,2020-11-21,10.0,Cr Flamengo,136.0,6.0,muscular problems,22.666666666666668,True
#29Thiago Maia,Knee injury,2020-01-05,11.0,Cr Flamengo,136.0,6.0,muscular problems,22.666666666666668,True
#29Thiago Maia,Foot injury,2019-11-27,17.0,Cr Flamengo,136.0,6.0,muscular problems,22.666666666666668,True
#29Thiago Maia,Fitness,2019-10-23,14.0,Cr Flamengo,136.0,6.0,muscular problems,22.666666666666668,True
#29Thiago Maia,unknown injury,2019-08-25,42.0,Cr Flamengo,136.0,6.0,muscular problems,22.666666666666668,True
#29Thiago Maia,Ankle injury,2019-04-27,5.0,Cr Flamengo,136.0,6.0,muscular problems,22.666666666666668,True
#29Thiago Maia,Leg injury,2019-01-18,16.0,Cr Flamengo,136.0,6.0,muscular problems,22.666666666666668,True
#43Wesley,Muscle fatigue,2025-03-30,7.0,Cr Flamengo,33.0,3.0,Hamstring injury,11.0,True
#43Wesley,Hamstring injury,2024-08-19,6.0,Cr Flamengo,33.0,3.0,Hamstring injury,11.0,True
#43Wesley,Hamstring injury,2024-07-21,7.0,Cr Flamengo,33.0,3.0,Hamstring injury,11.0,True
#43Wesley,Adductor injury,2024-03-28,20.0,Cr Flamengo,33.0,3.0,Hamstring injury,11.0,True
#28Adson,Leg injury,2025-04-06,6.0,Cr Vasco Da Gama,302.0,2.0,Broken tibia,151.0,True
#28Adson,Broken tibia,2024-08-27,215.0,Cr Vasco Da Gama,302.0,2.0,Broken tibia,151.0,True
#28Adson,Thigh problems,2022-10-21,87.0,Cr Vasco Da Gama,302.0,2.0,Broken tibia,151.0,True
#90Alex Teixeira,Hamstring injury,2024-08-01,28.0,Cr Vasco Da Gama,115.0,7.0,Hamstring strain,16.428571428571427,True
#90Alex Teixeira,Knock,2024-07-16,5.0,Cr Vasco Da Gama,115.0,7.0,Hamstring strain,16.428571428571427,True
#90Alex Teixeira,Corona virus,2022-01-07,9.0,Cr Vasco Da Gama,115.0,7.0,Hamstring strain,16.428571428571427,True
#90Alex Teixeira,Partial muscle tear,2021-11-27,32.0,Cr Vasco Da Gama,115.0,7.0,Hamstring strain,16.428571428571427,True
#90Alex Teixeira,Hamstring strain,2021-09-11,20.0,Cr Vasco Da Gama,115.0,7.0,Hamstring strain,16.428571428571427,True
#90Alex Teixeira,Hamstring strain,2021-08-28,14.0,Cr Vasco Da Gama,115.0,7.0,Hamstring strain,16.428571428571427,True
#90Alex Teixeira,Quarantine,2021-08-10,7.0,Cr Vasco Da Gama,115.0,7.0,Hamstring strain,16.428571428571427,True
#90Alex Teixeira,Calf injury,2018-08-02,10.0,Cr Vasco Da Gama,115.0,7.0,Hamstring strain,16.428571428571427,True
#90Alex Teixeira,Hamstring injury,2016-01-21,20.0,Cr Vasco Da Gama,115.0,7.0,Hamstring strain,16.428571428571427,True
#90Alex Teixeira,unknown injury,2014-04-04,10.0,Cr Vasco Da Gama,115.0,7.0,Hamstring strain,16.428571428571427,True
#15BenjamínGarré,Muscle injury,2024-07-26,28.0,Cr Vasco Da Gama,145.0,3.0,Muscle injury,48.333333333333336,True
#15BenjamínGarré,Muscle injury,2024-02-05,85.0,Cr Vasco Da Gama,145.0,3.0,Muscle injury,48.333333333333336,True
#15BenjamínGarré,Ankle injury,2023-08-18,32.0,Cr Vasco Da Gama,145.0,3.0,Muscle injury,48.333333333333336,True
#13Daniel Fuzato,Corona virus,2022-01-03,10.0,Cr Vasco Da Gama,10.0,1.0,Corona virus,10.0,False
#7David,Cruciate ligament tear,2024-09-30,260.0,Cr Vasco Da Gama,336.0,4.0,Cruciate ligament tear,84.0,True
#7David,Facial injury,2024-08-19,13.0,Cr Vasco Da Gama,336.0,4.0,Cruciate ligament tear,84.0,True
#7David,Knee injury,2023-04-15,41.0,Cr Vasco Da Gama,336.0,4.0,Cruciate ligament tear,84.0,True
#7David,Ligament stretching,2023-02-11,22.0,Cr Vasco Da Gama,336.0,4.0,Cruciate ligament tear,84.0,True
#10DimitriPayet,Knee problems,2025-04-16,62.0,Cr Vasco Da Gama,166.0,12.0,muscular problems,13.833333333333334,True
#10DimitriPayet,muscular problems,2024-11-06,15.0,Cr Vasco Da Gama,166.0,12.0,muscular problems,13.833333333333334,True
#10DimitriPayet,Thigh problems,2024-07-04,24.0,Cr Vasco Da Gama,166.0,12.0,muscular problems,13.833333333333334,True
#10DimitriPayet,Hamstring injury,2024-06-12,17.0,Cr Vasco Da Gama,166.0,12.0,muscular problems,13.833333333333334,True
#10DimitriPayet,Knock,2024-05-03,7.0,Cr Vasco Da Gama,166.0,12.0,muscular problems,13.833333333333334,True
#10DimitriPayet,Inflammation of ligaments in the knee,2024-04-03,24.0,Cr Vasco Da Gama,166.0,12.0,muscular problems,13.833333333333334,True
#10DimitriPayet,Ankle problems,2023-01-05,9.0,Cr Vasco Da Gama,166.0,12.0,muscular problems,13.833333333333334,True
#10DimitriPayet,Calf problems,2022-09-01,6.0,Cr Vasco Da Gama,166.0,12.0,muscular problems,13.833333333333334,True
#10DimitriPayet,Calf injury,2022-05-06,26.0,Cr Vasco Da Gama,166.0,12.0,muscular problems,13.833333333333334,True
#10DimitriPayet,Muscle injury,2022-03-12,8.0,Cr Vasco Da Gama,166.0,12.0,muscular problems,13.833333333333334,True
#10DimitriPayet,Calf problems,2021-10-01,16.0,Cr Vasco Da Gama,166.0,12.0,muscular problems,13.833333333333334,True
#10DimitriPayet,Thigh problems,2021-09-21,4.0,Cr Vasco Da Gama,166.0,12.0,muscular problems,13.833333333333334,True
#10DimitriPayet,muscular problems,2021-09-06,10.0,Cr Vasco Da Gama,166.0,12.0,muscular problems,13.833333333333334,True
#10DimitriPayet,Corona virus,2020-08-22,16.0,Cr Vasco Da Gama,166.0,12.0,muscular problems,13.833333333333334,True
#10DimitriPayet,Contracture,2020-02-12,10.0,Cr Vasco Da Gama,166.0,12.0,muscular problems,13.833333333333334,True
#14GuilhermeEstrella,Knee problems,2024-06-29,460.0,Cr Vasco Da Gama,460.0,1.0,Knee problems,460.0,True
#25Hugo Moura,ankle sprain,2024-05-02,31.0,Cr Vasco Da Gama,100.0,2.0,ankle sprain,50.0,True
#25Hugo Moura,Thigh problems,2022-11-07,69.0,Cr Vasco Da Gama,100.0,2.0,ankle sprain,50.0,True
#8Jair,Cruciate ligament injury,2024-02-05,262.0,Cr Vasco Da Gama,262.0,1.0,Cruciate ligament injury,262.0,True
#38João Victor,Knee injury,2024-07-01,40.0,Cr Vasco Da Gama,119.0,2.0,Knee injury,59.5,True
#38João Victor,Ankle injury,2022-07-08,79.0,Cr Vasco Da Gama,119.0,2.0,Knee injury,59.5,True
#2José LuisRodríguez,Corona virus,2020-11-19,23.0,Cr Vasco Da Gama,,,,,
#2José LuisRodríguez,Ankle injury,2018-03-20,11.0,Cr Vasco Da Gama,,,,,
#20JuanSforza,Thigh problems,2023-07-06,4.0,Cr Vasco Da Gama,22.0,3.0,Thigh problems,7.333333333333333,True
#20JuanSforza,ankle sprain,2023-03-29,11.0,Cr Vasco Da Gama,22.0,3.0,Thigh problems,7.333333333333333,True
#20JuanSforza,Ankle problems,2022-09-16,7.0,Cr Vasco Da Gama,22.0,3.0,Thigh problems,7.333333333333333,True
#3Léo,Thigh problems,2022-07-17,9.0,Cr Vasco Da Gama,46.0,4.0,Thigh problems,11.5,True
#3Léo,Corona virus,2021-03-09,14.0,Cr Vasco Da Gama,46.0,4.0,Thigh problems,11.5,True
#45LoideAugusto,Fitness,2025-01-02,3.0,Cr Vasco Da Gama,67.0,6.0,unknown injury,11.166666666666666,True
#45LoideAugusto,unknown injury,2024-10-27,17.0,Cr Vasco Da Gama,67.0,6.0,unknown injury,11.166666666666666,True
#45LoideAugusto,unknown injury,2024-08-18,20.0,Cr Vasco Da Gama,67.0,6.0,unknown injury,11.166666666666666,True
#45LoideAugusto,unknown injury,2024-04-14,11.0,Cr Vasco Da Gama,67.0,6.0,unknown injury,11.166666666666666,True
#45LoideAugusto,Fitness,2024-03-12,6.0,Cr Vasco Da Gama,67.0,6.0,unknown injury,11.166666666666666,True
#45LoideAugusto,unknown injury,2024-03-04,9.0,Cr Vasco Da Gama,67.0,6.0,unknown injury,11.166666666666666,True
#45LoideAugusto,muscular problems,2023-11-04,4.0,Cr Vasco Da Gama,67.0,6.0,unknown injury,11.166666666666666,True
#23LucaOrellano,Leg injury,2025-05-12,5.0,Cr Vasco Da Gama,,,,,
#23LucaOrellano,Leg injury,2025-02-20,12.0,Cr Vasco Da Gama,,,,,
#43Lucas Freitas,Heel spur,2025-05-05,15.0,Cr Vasco Da Gama,37.0,2.0,Shoulder injury,18.5,False
#43Lucas Freitas,Shoulder injury,2024-08-12,30.0,Cr Vasco Da Gama,37.0,2.0,Shoulder injury,18.5,False
#43Lucas Freitas,stomach problems,2024-07-09,7.0,Cr Vasco Da Gama,37.0,2.0,Shoulder injury,18.5,False
#29Lucas Oliveira,Injury to the ankle,2023-07-24,8.0,Cr Vasco Da Gama,8.0,1.0,Injury to the ankle,8.0,False
#6LucasPiton,muscular problems,2024-07-29,20.0,Cr Vasco Da Gama,72.0,2.0,muscular problems,36.0,True
#6LucasPiton,muscular problems,2022-11-07,52.0,Cr Vasco Da Gama,72.0,2.0,muscular problems,36.0,True
#22ManuelCapasso,Foot injury,2025-03-01,14.0,Cr Vasco Da Gama,,,,,
#8MatíasGalarza Fonda,strain,2025-05-03,4.0,Cr Vasco Da Gama,,,,,
#4MauricioLemos,Bone splintering,2025-04-09,38.0,Cr Vasco Da Gama,240.0,8.0,Hamstring injury,30.0,True
#4MauricioLemos,Hamstring injury,2024-06-23,70.0,Cr Vasco Da Gama,240.0,8.0,Hamstring injury,30.0,True
#4MauricioLemos,Back injury,2024-05-05,12.0,Cr Vasco Da Gama,240.0,8.0,Hamstring injury,30.0,True
#4MauricioLemos,Calf injury,2024-02-06,32.0,Cr Vasco Da Gama,240.0,8.0,Hamstring injury,30.0,True
#4MauricioLemos,Muscle injury,2023-06-22,6.0,Cr Vasco Da Gama,240.0,8.0,Hamstring injury,30.0,True
#4MauricioLemos,Torn ankle ligaments,2020-11-30,29.0,Cr Vasco Da Gama,240.0,8.0,Hamstring injury,30.0,True
#4MauricioLemos,unknown injury,2019-09-30,17.0,Cr Vasco Da Gama,240.0,8.0,Hamstring injury,30.0,True
#4MauricioLemos,Muscle injury,2019-08-07,22.0,Cr Vasco Da Gama,240.0,8.0,Hamstring injury,30.0,True
#4MauricioLemos,ankle sprain,2019-05-22,10.0,Cr Vasco Da Gama,240.0,8.0,Hamstring injury,30.0,True
#4MauricioLemos,unknown injury,2018-12-27,15.0,Cr Vasco Da Gama,240.0,8.0,Hamstring injury,30.0,True
#4MauricioLemos,unknown injury,2018-08-09,16.0,Cr Vasco Da Gama,240.0,8.0,Hamstring injury,30.0,True
#4MauricioLemos,Abdominal problems,2017-11-27,7.0,Cr Vasco Da Gama,240.0,8.0,Hamstring injury,30.0,True
#4MauricioLemos,ankle sprain,2016-10-11,5.0,Cr Vasco Da Gama,240.0,8.0,Hamstring injury,30.0,True
#4MauricioLemos,Appendicitis,2015-02-01,37.0,Cr Vasco Da Gama,240.0,8.0,Hamstring injury,30.0,True
#17NunoMoreira,unknown injury,2023-12-10,37.0,Cr Vasco Da Gama,37.0,1.0,unknown injury,37.0,False
#18Paulinho Paula,Virus,2025-06-01,16.0,Cr Vasco Da Gama,307.0,1.0,Cruciate ligament injury,307.0,True
#18Paulinho Paula,Cruciate ligament injury,2024-01-28,307.0,Cr Vasco Da Gama,307.0,1.0,Cruciate ligament injury,307.0,True
#11PhilippeCoutinho,Hamstring injury,2024-08-04,42.0,Cr Vasco Da Gama,245.0,8.0,Hamstring injury,30.625,True
#11PhilippeCoutinho,Fitness,2024-07-09,12.0,Cr Vasco Da Gama,245.0,8.0,Hamstring injury,30.625,True
#11PhilippeCoutinho,unknown injury,2023-11-08,34.0,Cr Vasco Da Gama,245.0,8.0,Hamstring injury,30.625,True
#11PhilippeCoutinho,Hamstring injury,2023-08-20,37.0,Cr Vasco Da Gama,245.0,8.0,Hamstring injury,30.625,True
#11PhilippeCoutinho,unknown injury,2023-08-20,36.0,Cr Vasco Da Gama,245.0,8.0,Hamstring injury,30.625,True
#11PhilippeCoutinho,Hamstring injury,2022-11-05,51.0,Cr Vasco Da Gama,245.0,8.0,Hamstring injury,30.625,True
#11PhilippeCoutinho,Corona virus,2021-12-30,15.0,Cr Vasco Da Gama,245.0,8.0,Hamstring injury,30.625,True
#11PhilippeCoutinho,Fitness,2021-08-08,18.0,Cr Vasco Da Gama,245.0,8.0,Hamstring injury,30.625,True
#11PhilippeCoutinho,Tear of the lateral meniscus,2020-12-30,221.0,Cr Vasco Da Gama,245.0,8.0,Hamstring injury,30.625,True
#11PhilippeCoutinho,Hamstring injury,2020-10-25,27.0,Cr Vasco Da Gama,245.0,8.0,Hamstring injury,30.625,True
#11PhilippeCoutinho,Ankle problems,2020-04-24,63.0,Cr Vasco Da Gama,245.0,8.0,Hamstring injury,30.625,True
#11PhilippeCoutinho,Hamstring injury,2019-05-13,11.0,Cr Vasco Da Gama,245.0,8.0,Hamstring injury,30.625,True
#11PhilippeCoutinho,Torn muscle bundle,2018-11-07,20.0,Cr Vasco Da Gama,245.0,8.0,Hamstring injury,30.625,True
#11PhilippeCoutinho,Hamstring injury,2017-12-30,26.0,Cr Vasco Da Gama,245.0,8.0,Hamstring injury,30.625,True
#11PhilippeCoutinho,Knock,2017-10-26,13.0,Cr Vasco Da Gama,245.0,8.0,Hamstring injury,30.625,True
#66Riquelme,Torn lateral knee ligament,2022-07-21,345.0,Cr Vasco Da Gama,345.0,1.0,Torn lateral knee ligament,345.0,True
#3Souza,Knock,2024-07-16,12.0,Cr Vasco Da Gama,178.0,10.0,Hamstring strain,17.8,True
#3Souza,Knee problems,2023-01-14,24.0,Cr Vasco Da Gama,178.0,10.0,Hamstring strain,17.8,True
#3Souza,Knee problems,2023-01-05,9.0,Cr Vasco Da Gama,178.0,10.0,Hamstring strain,17.8,True
#3Souza,Inflammation in the knee,2022-11-05,48.0,Cr Vasco Da Gama,178.0,10.0,Hamstring strain,17.8,True
#3Souza,Fitness,2022-08-22,9.0,Cr Vasco Da Gama,178.0,10.0,Hamstring strain,17.8,True
#3Souza,Meniscus tear,2022-07-18,36.0,Cr Vasco Da Gama,178.0,10.0,Hamstring strain,17.8,True
#3Souza,Hamstring strain,2022-02-26,11.0,Cr Vasco Da Gama,178.0,10.0,Hamstring strain,17.8,True
#3Souza,unknown injury,2022-02-10,8.0,Cr Vasco Da Gama,178.0,10.0,Hamstring strain,17.8,True
#3Souza,Hamstring strain,2022-01-22,14.0,Cr Vasco Da Gama,178.0,10.0,Hamstring strain,17.8,True
#3Souza,Hamstring strain,2021-10-25,7.0,Cr Vasco Da Gama,178.0,10.0,Hamstring strain,17.8,True
#3Souza,Partial muscle tear,2020-12-26,8.0,Cr Vasco Da Gama,178.0,10.0,Hamstring strain,17.8,True
#3Souza,unknown injury,2020-12-03,5.0,Cr Vasco Da Gama,178.0,10.0,Hamstring strain,17.8,True
#3Souza,Corona virus,2020-07-26,15.0,Cr Vasco Da Gama,178.0,10.0,Hamstring strain,17.8,True
#3Souza,Knee injury,2020-01-29,28.0,Cr Vasco Da Gama,178.0,10.0,Hamstring strain,17.8,True
#3Souza,Injury to abdominal muscles,2019-01-22,120.0,Cr Vasco Da Gama,178.0,10.0,Hamstring strain,17.8,True
#3Tchê Tchê,Knee injury,2025-02-24,34.0,Cr Vasco Da Gama,,,,,
#12Victor Luís,muscular problems,2024-10-14,22.0,Cr Vasco Da Gama,22.0,1.0,muscular problems,22.0,False
#11Arthur Gomes,Achilles tendon rupture,2025-04-12,66.0,Cruzeiro Ec,24.0,1.0,Thigh problems,24.0,False
#11Arthur Gomes,Shoulder injury,2025-03-15,21.0,Cruzeiro Ec,24.0,1.0,Thigh problems,24.0,False
#11Arthur Gomes,Thigh problems,2024-05-27,24.0,Cruzeiro Ec,24.0,1.0,Thigh problems,24.0,False
#1Cássio,Knee problems,2023-11-12,51.0,Cruzeiro Ec,55.0,2.0,Knee problems,27.5,False
#1Cássio,Intestinal virus,2023-02-10,4.0,Cruzeiro Ec,55.0,2.0,Knee problems,27.5,False
#1Cássio,Contracture,2020-11-26,6.0,Cruzeiro Ec,55.0,2.0,Knee problems,27.5,False
#88Christian,Dental surgery,2025-05-05,6.0,Cruzeiro Ec,146.0,4.0,Hamstring injury,36.5,True
#88Christian,Hamstring injury,2024-10-16,31.0,Cruzeiro Ec,146.0,4.0,Hamstring injury,36.5,True
#88Christian,Hamstring injury,2023-07-25,42.0,Cruzeiro Ec,146.0,4.0,Hamstring injury,36.5,True
#92Dudu,Calf injury,2024-08-08,24.0,Cruzeiro Ec,630.0,4.0,Calf injury,157.5,True
#92Dudu,Cruciate ligament tear,2023-08-28,291.0,Cruzeiro Ec,630.0,4.0,Calf injury,157.5,True
#21Eduardo,Muscle injury,2024-07-15,95.0,Cruzeiro Ec,151.0,4.0,Muscle injury,37.75,True
#21Eduardo,Hamstring injury,2024-05-21,26.0,Cruzeiro Ec,151.0,4.0,Muscle injury,37.75,True
#21Eduardo,Foot injury,2024-05-03,13.0,Cruzeiro Ec,151.0,4.0,Muscle injury,37.75,True
#21Eduardo,Ankle injury,2024-04-04,17.0,Cruzeiro Ec,151.0,4.0,Muscle injury,37.75,True
#21Eduardo,Muscle injury,2019-12-23,24.0,Cruzeiro Ec,151.0,4.0,Muscle injury,37.75,True
#21Eduardo,Muscle injury,2019-03-12,15.0,Cruzeiro Ec,151.0,4.0,Muscle injury,37.75,True
#21Eduardo,Cruciate ligament surgery,2017-11-18,226.0,Cruzeiro Ec,151.0,4.0,Muscle injury,37.75,True
#15Fabrício Bruno,Broken nose bone,2024-03-02,4.0,Cruzeiro Ec,226.0,4.0,Broken nose bone,56.5,True
#15Fabrício Bruno,Broken toe,2022-03-30,109.0,Cruzeiro Ec,226.0,4.0,Broken nose bone,56.5,True
#23Fagner,Muscle fatigue,2025-05-19,6.0,Cruzeiro Ec,49.0,1.0,Hamstring injury,49.0,False
#23Fagner,Muscle fatigue,2025-04-18,8.0,Cruzeiro Ec,49.0,1.0,Hamstring injury,49.0,False
#23Fagner,Hamstring injury,2024-05-28,49.0,Cruzeiro Ec,49.0,1.0,Hamstring injury,49.0,False
#23Fagner,Virus,2013-02-18,10.0,Cruzeiro Ec,49.0,1.0,Hamstring injury,49.0,False
#9Gabriel Barbosa,Thigh problems,2025-05-05,6.0,Cruzeiro Ec,76.0,4.0,Thigh problems,19.0,True
#9Gabriel Barbosa,Thigh problems,2024-09-16,10.0,Cruzeiro Ec,76.0,4.0,Thigh problems,19.0,True
#9Gabriel Barbosa,Hamstring injury,2024-08-16,28.0,Cruzeiro Ec,76.0,4.0,Thigh problems,19.0,True
#77Japa,Inflammation of the biceps tendon in the thigh,2025-01-23,134.0,Cruzeiro Ec,153.0,2.0,Broken foot,76.5,True
#77Japa,Broken foot,2024-09-02,54.0,Cruzeiro Ec,153.0,2.0,Broken foot,76.5,True
#77Japa,Foot injury,2024-02-21,99.0,Cruzeiro Ec,153.0,2.0,Broken foot,76.5,True
#43João Marcelo,Torn knee ligaments,2025-02-02,135.0,Cruzeiro Ec,,,,,
#34Jonathan Jesus,Virus,2025-03-27,10.0,Cruzeiro Ec,,,,,
#19JuanDinenno,Cruciate ligament injury,2024-08-28,232.0,Cruzeiro Ec,668.0,6.0,Cruciate ligament injury,111.33333333333331,True
#19JuanDinenno,Pubic bone bruise,2024-05-27,58.0,Cruzeiro Ec,668.0,6.0,Cruciate ligament injury,111.33333333333331,True
#19JuanDinenno,Broken nose bone,2024-04-13,44.0,Cruzeiro Ec,668.0,6.0,Cruciate ligament injury,111.33333333333331,True
#6Kaiki,Muscle injury,2024-01-26,69.0,Cruzeiro Ec,69.0,1.0,Muscle injury,69.0,True
#19Kaio Jorge,Hamstring injury,2024-11-27,35.0,Cruzeiro Ec,646.0,9.0,unknown injury,71.77777777777777,True
#19Kaio Jorge,unknown injury,2024-05-24,6.0,Cruzeiro Ec,646.0,9.0,unknown injury,71.77777777777777,True
#19Kaio Jorge,unknown injury,2024-03-30,9.0,Cruzeiro Ec,646.0,9.0,unknown injury,71.77777777777777,True
#19Kaio Jorge,unknown injury,2023-09-26,27.0,Cruzeiro Ec,646.0,9.0,unknown injury,71.77777777777777,True
#19Kaio Jorge,Fitness,2023-02-15,120.0,Cruzeiro Ec,646.0,9.0,unknown injury,71.77777777777777,True
#19Kaio Jorge,Patellar tendon rupture,2022-02-24,356.0,Cruzeiro Ec,646.0,9.0,unknown injury,71.77777777777777,True
#19Kaio Jorge,influenza,2022-01-06,1.0,Cruzeiro Ec,646.0,9.0,unknown injury,71.77777777777777,True
#19Kaio Jorge,muscular problems,2021-08-23,39.0,Cruzeiro Ec,646.0,9.0,unknown injury,71.77777777777777,True
#19Kaio Jorge,muscular problems,2021-02-15,53.0,Cruzeiro Ec,646.0,9.0,unknown injury,71.77777777777777,True
#26LautaroDíaz,Thigh problems,2024-08-26,11.0,Cruzeiro Ec,99.0,4.0,Thigh problems,24.75,True
#26LautaroDíaz,unknown injury,2024-03-01,58.0,Cruzeiro Ec,99.0,4.0,Thigh problems,24.75,True
#26LautaroDíaz,Muscle injury,2023-05-19,15.0,Cruzeiro Ec,99.0,4.0,Thigh problems,24.75,True
#26LautaroDíaz,Sore muscles,2022-01-30,15.0,Cruzeiro Ec,99.0,4.0,Thigh problems,24.75,True
#29LucasRomero,Torn muscle bundle,2022-09-27,17.0,Cruzeiro Ec,40.0,2.0,Torn muscle bundle,20.0,False
#29LucasRomero,Torn muscle bundle,2021-08-09,23.0,Cruzeiro Ec,40.0,2.0,Torn muscle bundle,20.0,False
#16Lucas Silva,heart problems,2016-07-09,177.0,Cruzeiro Ec,,,,,
#25LucasVillalba,Muscle fatigue,2025-05-05,6.0,Cruzeiro Ec,61.0,2.0,Hamstring injury,30.5,True
#25LucasVillalba,Hamstring injury,2024-12-02,30.0,Cruzeiro Ec,61.0,2.0,Hamstring injury,30.5,True
#25LucasVillalba,Ligament injury,2023-11-18,31.0,Cruzeiro Ec,61.0,2.0,Hamstring injury,30.5,True
#25LucasVillalba,Corona virus,2020-08-13,15.0,Cruzeiro Ec,61.0,2.0,Hamstring injury,30.5,True
#23Marlon,Chest injury,2024-07-08,14.0,Cruzeiro Ec,162.0,8.0,Chest injury,20.25,True
#23Marlon,Tear of the lateral meniscus,2022-10-23,41.0,Cruzeiro Ec,162.0,8.0,Chest injury,20.25,True
#23Marlon,unknown injury,2022-09-30,15.0,Cruzeiro Ec,162.0,8.0,Chest injury,20.25,True
#23Marlon,Corona virus,2021-02-17,11.0,Cruzeiro Ec,162.0,8.0,Chest injury,20.25,True
#23Marlon,Hamstring injury,2020-09-08,15.0,Cruzeiro Ec,162.0,8.0,Chest injury,20.25,True
#23Marlon,Knee injury,2019-12-07,24.0,Cruzeiro Ec,162.0,8.0,Chest injury,20.25,True
#17Marquinhos,Hamstring injury,2024-07-29,22.0,Cruzeiro Ec,37.0,2.0,Hamstring injury,18.5,False
#17Marquinhos,Hamstring injury,2024-06-22,15.0,Cruzeiro Ec,37.0,2.0,Hamstring injury,18.5,False
#14MateoGamarra,Knee bruise,2024-09-20,6.0,Cruzeiro Ec,12.0,2.0,Knee bruise,6.0,False
#14MateoGamarra,Calf injury,2024-05-06,6.0,Cruzeiro Ec,12.0,2.0,Knee bruise,6.0,False
#8Matheus Henrique,Meniscus injury,2025-04-10,68.0,Cruzeiro Ec,160.0,6.0,muscular problems,26.666666666666668,True
#8Matheus Henrique,fracture,2024-11-27,35.0,Cruzeiro Ec,160.0,6.0,muscular problems,26.666666666666668,True
#8Matheus Henrique,Hip flexor problems,2024-10-08,15.0,Cruzeiro Ec,160.0,6.0,muscular problems,26.666666666666668,True
#8Matheus Henrique,Rest,2024-01-03,3.0,Cruzeiro Ec,160.0,6.0,muscular problems,26.666666666666668,True
#8Matheus Henrique,Hamstring muscle injury,2023-10-02,54.0,Cruzeiro Ec,160.0,6.0,muscular problems,26.666666666666668,True
#8Matheus Henrique,muscular problems,2022-04-10,6.0,Cruzeiro Ec,160.0,6.0,muscular problems,26.666666666666668,True
#8Matheus Henrique,muscular problems,2021-12-20,47.0,Cruzeiro Ec,160.0,6.0,muscular problems,26.666666666666668,True
#8Matheus Henrique,Groin injury,2019-05-25,48.0,Cruzeiro Ec,160.0,6.0,muscular problems,26.666666666666668,True
#10Matheus Pereira,Muscle fatigue,2025-04-21,5.0,Cruzeiro Ec,68.0,1.0,Knee injury,68.0,True
#10Matheus Pereira,Knee injury,2023-08-08,68.0,Cruzeiro Ec,68.0,1.0,Knee injury,68.0,True
#10Matheus Pereira,Strain in the thigh and gluteal muscles,2019-05-05,28.0,Cruzeiro Ec,68.0,1.0,Knee injury,68.0,True
#5Walace,muscular problems,2025-04-02,7.0,Cruzeiro Ec,59.0,3.0,Hamstring injury,19.666666666666668,True
#5Walace,Hamstring injury,2024-11-28,34.0,Cruzeiro Ec,59.0,3.0,Hamstring injury,19.666666666666668,True
#5Walace,Tonsillitis,2024-09-16,10.0,Cruzeiro Ec,59.0,3.0,Hamstring injury,19.666666666666668,True
#5Walace,Fitness,2024-07-09,15.0,Cruzeiro Ec,59.0,3.0,Hamstring injury,19.666666666666668,True
#5Walace,muscular problems,2020-11-01,28.0,Cruzeiro Ec,59.0,3.0,Hamstring injury,19.666666666666668,True
#5Walace,muscular problems,2020-09-17,37.0,Cruzeiro Ec,59.0,3.0,Hamstring injury,19.666666666666668,True
#5Walace,Shoulder injury,2020-07-20,5.0,Cruzeiro Ec,59.0,3.0,Hamstring injury,19.666666666666668,True
#5Walace,Ill,2018-11-23,6.0,Cruzeiro Ec,59.0,3.0,Hamstring injury,19.666666666666668,True
#5Walace,Knee problems,2018-01-11,5.0,Cruzeiro Ec,59.0,3.0,Hamstring injury,19.666666666666668,True
#5Walace,Back problems,2017-12-14,19.0,Cruzeiro Ec,59.0,3.0,Hamstring injury,19.666666666666668,True
#5Walace,Knee bruise,2017-11-16,8.0,Cruzeiro Ec,59.0,3.0,Hamstring injury,19.666666666666668,True
#94Wanderson,Knee bruise,2025-05-19,13.0,Cruzeiro Ec,798.0,12.0,Thigh problems,66.5,True
#94Wanderson,muscular problems,2024-08-12,35.0,Cruzeiro Ec,798.0,12.0,Thigh problems,66.5,True
#94Wanderson,Muscle fatigue,2024-07-14,28.0,Cruzeiro Ec,798.0,12.0,Thigh problems,66.5,True
#94Wanderson,ankle sprain,2024-04-22,48.0,Cruzeiro Ec,798.0,12.0,Thigh problems,66.5,True
#94Wanderson,Thigh problems,2022-09-11,27.0,Cruzeiro Ec,798.0,12.0,Thigh problems,66.5,True
#94Wanderson,Thigh problems,2022-06-20,28.0,Cruzeiro Ec,798.0,12.0,Thigh problems,66.5,True
#94Wanderson,Ankle injury,2021-05-16,233.0,Cruzeiro Ec,798.0,12.0,Thigh problems,66.5,True
#94Wanderson,unknown injury,2020-11-05,17.0,Cruzeiro Ec,798.0,12.0,Thigh problems,66.5,True
#94Wanderson,Muscle injury,2020-09-22,43.0,Cruzeiro Ec,798.0,12.0,Thigh problems,66.5,True
#94Wanderson,Muscle injury,2019-09-25,52.0,Cruzeiro Ec,798.0,12.0,Thigh problems,66.5,True
#94Wanderson,unknown injury,2018-12-02,6.0,Cruzeiro Ec,798.0,12.0,Thigh problems,66.5,True
#94Wanderson,Torn thigh muscle,2016-10-03,91.0,Cruzeiro Ec,798.0,12.0,Thigh problems,66.5,True
#94Wanderson,unknown injury,2014-01-26,34.0,Cruzeiro Ec,798.0,12.0,Thigh problems,66.5,True
#12William,Muscle fatigue,2025-04-18,13.0,Cruzeiro Ec,630.0,3.0,Knee injury,210.0,True
#12William,Knee injury,2021-11-11,440.0,Cruzeiro Ec,630.0,3.0,Knee injury,210.0,True
#12William,Fitness,2021-11-01,10.0,Cruzeiro Ec,630.0,3.0,Knee injury,210.0,True
#12William,Cruciate ligament tear,2021-05-05,180.0,Cruzeiro Ec,630.0,3.0,Knee injury,210.0,True
#12William,Cruciate ligament tear,2020-02-09,258.0,Cruzeiro Ec,630.0,3.0,Knee injury,210.0,True
#11YannickBolasie,Knock,2025-04-07,19.0,Cruzeiro Ec,34.0,3.0,unknown injury,11.333333333333334,True
#11YannickBolasie,unknown injury,2021-12-20,8.0,Cruzeiro Ec,34.0,3.0,unknown injury,11.333333333333334,True
#11YannickBolasie,unknown injury,2021-11-22,8.0,Cruzeiro Ec,34.0,3.0,unknown injury,11.333333333333334,True
#11YannickBolasie,Hamstring strain,2021-02-11,18.0,Cruzeiro Ec,34.0,3.0,unknown injury,11.333333333333334,True
#11YannickBolasie,Cruciate ligament tear,2016-12-05,371.0,Cruzeiro Ec,34.0,3.0,unknown injury,11.333333333333334,True
#11YannickBolasie,Calf muscle tear,2015-12-21,46.0,Cruzeiro Ec,34.0,3.0,unknown injury,11.333333333333334,True
#2Zé Ivaldo,Corona virus,2020-11-24,17.0,Cruzeiro Ec,,,,,
#2Zé Ivaldo,Bone edema,2019-07-12,50.0,Cruzeiro Ec,,,,,
#7Ademir,Muscle injury,2025-05-08,20.0,Ec Bahia,38.0,1.0,Hamstring injury,38.0,False
#7Ademir,Hamstring injury,2024-07-22,38.0,Ec Bahia,38.0,1.0,Hamstring injury,38.0,False
André Dhominique,Cruciate ligament injury,2024-06-26,356.0,Ec Bahia,356.0,1.0,Cruciate ligament injury,356.0,True
#30Biel,Lumbar vertebra problems,2024-10-26,25.0,Ec Bahia,175.0,4.0,Lumbar vertebra problems,43.75,True
#30Biel,Back problems,2024-08-12,67.0,Ec Bahia,175.0,4.0,Lumbar vertebra problems,43.75,True
#30Biel,Injury to the ankle,2024-07-14,7.0,Ec Bahia,175.0,4.0,Lumbar vertebra problems,43.75,True
#30Biel,Hamstring injury,2022-10-17,76.0,Ec Bahia,175.0,4.0,Lumbar vertebra problems,43.75,True
#19Caio Alexandre,Foot surgery,2021-08-24,277.0,Ec Bahia,286.0,2.0,Foot surgery,143.0,True
#19Caio Alexandre,Foot injury,2021-08-15,9.0,Ec Bahia,286.0,2.0,Foot surgery,143.0,True
#8Cauly,unknown injury,2022-08-02,23.0,Ec Bahia,109.0,2.0,unknown injury,54.5,True
#8Cauly,Broken fibula,2021-08-25,86.0,Ec Bahia,109.0,2.0,unknown injury,54.5,True
#8Cauly,Thigh problems,2018-11-07,22.0,Ec Bahia,109.0,2.0,unknown injury,54.5,True
#8Cauly,Thigh problems,2018-10-27,3.0,Ec Bahia,109.0,2.0,unknown injury,54.5,True
#8Cauly,Virus,2018-02-01,46.0,Ec Bahia,109.0,2.0,unknown injury,54.5,True
#8Cauly,Torn muscle fiber,2015-10-05,25.0,Ec Bahia,109.0,2.0,unknown injury,54.5,True
#8Cauly,Torn muscle fiber,2015-08-05,20.0,Ec Bahia,109.0,2.0,unknown injury,54.5,True
#1Danilo Fernandes,Knee injury,2022-09-02,260.0,Ec Bahia,260.0,1.0,Knee injury,260.0,True
#33David Duarte,Hamstring injury,2024-11-21,77.0,Ec Bahia,89.0,2.0,Hamstring injury,44.5,True
#33David Duarte,flu,2024-07-01,12.0,Ec Bahia,89.0,2.0,Hamstring injury,44.5,True
#14Erick,Hamstring injury,2025-05-19,29.0,Ec Bahia,28.0,2.0,muscular problems,14.0,False
#14Erick,muscular problems,2024-11-17,14.0,Ec Bahia,28.0,2.0,muscular problems,14.0,False
#10Everton Ribeiro,Foot injury,2019-07-21,11.0,Ec Bahia,,,,,
#3Gabriel Xavier,Calf injury,2025-03-31,30.0,Ec Bahia,,,,,
#2Gilberto,Knee injury,2025-05-01,17.0,Ec Bahia,54.0,5.0,Thigh problems,10.8,True
#2Gilberto,Thigh problems,2024-08-05,27.0,Ec Bahia,54.0,5.0,Thigh problems,10.8,True
#2Gilberto,flu,2023-01-09,4.0,Ec Bahia,54.0,5.0,Thigh problems,10.8,True
#2Gilberto,Tonsillitis,2022-02-01,9.0,Ec Bahia,54.0,5.0,Thigh problems,10.8,True
#2Gilberto,Muscle injury,2021-02-12,5.0,Ec Bahia,54.0,5.0,Thigh problems,10.8,True
#2Gilberto,Corona virus,2021-01-19,9.0,Ec Bahia,54.0,5.0,Thigh problems,10.8,True
#2Gilberto,unknown injury,2015-09-29,27.0,Ec Bahia,54.0,5.0,Thigh problems,10.8,True
#25Iago,Thigh problems,2025-04-07,14.0,Ec Bahia,460.0,13.0,Muscle injury,35.38461538461539,True
#25Iago,Muscle injury,2024-10-29,116.0,Ec Bahia,460.0,13.0,Muscle injury,35.38461538461539,True
#25Iago,Foot bruise,2024-04-01,36.0,Ec Bahia,460.0,13.0,Muscle injury,35.38461538461539,True
#25Iago,Thigh problems,2023-12-06,17.0,Ec Bahia,460.0,13.0,Muscle injury,35.38461538461539,True
#25Iago,Muscle injury,2023-04-23,69.0,Ec Bahia,460.0,13.0,Muscle injury,35.38461538461539,True
#25Iago,Achilles tendon problems,2023-01-01,46.0,Ec Bahia,460.0,13.0,Muscle injury,35.38461538461539,True
#25Iago,Thigh problems,2022-09-19,11.0,Ec Bahia,460.0,13.0,Muscle injury,35.38461538461539,True
#25Iago,minor knock,2022-09-01,8.0,Ec Bahia,460.0,13.0,Muscle injury,35.38461538461539,True
#25Iago,muscular problems,2022-01-17,18.0,Ec Bahia,460.0,13.0,Muscle injury,35.38461538461539,True
#25Iago,Hand injury,2021-10-28,19.0,Ec Bahia,460.0,13.0,Muscle injury,35.38461538461539,True
#25Iago,Shoulder injury,2021-09-16,26.0,Ec Bahia,460.0,13.0,Muscle injury,35.38461538461539,True
#25Iago,Knee problems,2021-05-20,12.0,Ec Bahia,460.0,13.0,Muscle injury,35.38461538461539,True
#25Iago,Ankle injury,2021-02-01,71.0,Ec Bahia,460.0,13.0,Muscle injury,35.38461538461539,True
#25Iago,Neck injury,2021-01-11,11.0,Ec Bahia,460.0,13.0,Muscle injury,35.38461538461539,True
#25Iago,bruise,2020-11-30,18.0,Ec Bahia,460.0,13.0,Muscle injury,35.38461538461539,True
#6Jean Lucas,Corona virus,2021-12-30,8.0,Ec Bahia,8.0,1.0,Corona virus,8.0,False
#13JhoannerChávez,ankle sprain,2025-01-06,136.0,Ec Bahia,94.0,3.0,Dead leg,31.33333333333333,True
#13JhoannerChávez,Dead leg,2024-04-29,16.0,Ec Bahia,94.0,3.0,Dead leg,31.33333333333333,True
#13JhoannerChávez,Calf injury,2024-02-26,23.0,Ec Bahia,94.0,3.0,Dead leg,31.33333333333333,True
#13JhoannerChávez,Knee injury,2022-02-06,55.0,Ec Bahia,94.0,3.0,Dead leg,31.33333333333333,True
#4Kanu,Muscle injury,2025-04-14,64.0,Ec Bahia,,,,,
#37Kayky,Muscle injury,2024-11-09,32.0,Ec Bahia,512.0,3.0,Muscle injury,170.66666666666666,True
#37Kayky,Torn knee ligaments,2023-07-17,456.0,Ec Bahia,512.0,3.0,Muscle injury,170.66666666666666,True
#37Kayky,Knee problems,2021-10-01,24.0,Ec Bahia,512.0,3.0,Muscle injury,170.66666666666666,True
Léo Cittadini,Hamstring injury,2023-04-23,69.0,Ec Bahia,142.0,2.0,Hamstring injury,71.0,True
Léo Cittadini,Knee problems,2022-11-03,73.0,Ec Bahia,142.0,2.0,Hamstring injury,71.0,True
#46LucianoJuba,muscular problems,2023-06-24,6.0,Ec Bahia,6.0,1.0,muscular problems,6.0,False
#9LucianoRodríguez,Muscle fatigue,2025-04-11,6.0,Ec Bahia,,,,,
#22Marcos Felipe,Head injury,2024-12-04,6.0,Ec Bahia,6.0,1.0,Head injury,6.0,False
#15MichelAraújo,Hamstring injury,2025-03-20,38.0,Ec Bahia,95.0,4.0,Inner ligament stretch of the knee,23.75,True
#15MichelAraújo,Inner ligament stretch of the knee,2024-09-26,55.0,Ec Bahia,95.0,4.0,Inner ligament stretch of the knee,23.75,True
#15MichelAraújo,Knee injury,2024-07-02,9.0,Ec Bahia,95.0,4.0,Inner ligament stretch of the knee,23.75,True
#15MichelAraújo,Muscle injury,2023-06-15,19.0,Ec Bahia,95.0,4.0,Inner ligament stretch of the knee,23.75,True
#15MichelAraújo,Thigh problems,2021-01-22,12.0,Ec Bahia,95.0,4.0,Inner ligament stretch of the knee,23.75,True
#15MichelAraújo,Corona virus,2020-11-18,15.0,Ec Bahia,95.0,4.0,Inner ligament stretch of the knee,23.75,True
#15MichelAraújo,Calf problems,2020-10-10,12.0,Ec Bahia,95.0,4.0,Inner ligament stretch of the knee,23.75,True
#15MichelAraújo,Muscle injury,2018-07-23,51.0,Ec Bahia,95.0,4.0,Inner ligament stretch of the knee,23.75,True
#15MichelAraújo,Muscle injury,2018-05-08,15.0,Ec Bahia,95.0,4.0,Inner ligament stretch of the knee,23.75,True
#26NicolásAcevedo,Cruciate ligament injury,2023-12-06,317.0,Ec Bahia,371.0,2.0,Cruciate ligament injury,185.5,True
#26NicolásAcevedo,Abdominal problems,2021-10-11,54.0,Ec Bahia,371.0,2.0,Cruciate ligament injury,185.5,True
#9Rafael Ratão,Muscle injury,2023-10-29,3.0,Ec Bahia,46.0,4.0,Muscle injury,11.5,True
#9Rafael Ratão,flu,2022-10-27,6.0,Ec Bahia,46.0,4.0,Muscle injury,11.5,True
#9Rafael Ratão,Muscle injury,2022-09-05,30.0,Ec Bahia,46.0,4.0,Muscle injury,11.5,True
#9Rafael Ratão,minor knock,2021-03-02,7.0,Ec Bahia,46.0,4.0,Muscle injury,11.5,True
#9Rafael Ratão,unknown injury,2020-06-12,10.0,Ec Bahia,46.0,4.0,Muscle injury,11.5,True
#9Rafael Ratão,unknown injury,2019-08-30,39.0,Ec Bahia,46.0,4.0,Muscle injury,11.5,True
#9Rafael Ratão,unknown injury,2019-03-12,6.0,Ec Bahia,46.0,4.0,Muscle injury,11.5,True
#5Rezende,Lumbar vertebra problems,2025-05-11,37.0,Ec Bahia,121.0,3.0,Hamstring injury,40.333333333333336,True
#5Rezende,Hamstring injury,2024-09-22,72.0,Ec Bahia,121.0,3.0,Hamstring injury,40.333333333333336,True
#5Rezende,Muscle injury,2024-07-28,28.0,Ec Bahia,121.0,3.0,Hamstring injury,40.333333333333336,True
#5Rezende,Inner ligament stretch of the knee,2024-01-25,21.0,Ec Bahia,121.0,3.0,Hamstring injury,40.333333333333336,True
#11RodrigoNestor,ankle sprain,2024-09-02,20.0,Ec Bahia,350.0,4.0,ankle sprain,87.5,True
#11RodrigoNestor,Knee injury,2023-11-06,155.0,Ec Bahia,350.0,4.0,ankle sprain,87.5,True
#96Ronaldo,Hamstring injury,2025-04-18,33.0,Ec Bahia,54.0,4.0,muscular problems,13.5,True
#96Ronaldo,Knee injury,2025-01-20,20.0,Ec Bahia,54.0,4.0,muscular problems,13.5,True
#96Ronaldo,muscular problems,2024-07-25,24.0,Ec Bahia,54.0,4.0,muscular problems,13.5,True
#96Ronaldo,Shoulder injury,2022-08-01,3.0,Ec Bahia,54.0,4.0,muscular problems,13.5,True
#13SantiagoArias,Hamstring injury,2025-04-18,37.0,Ec Bahia,191.0,4.0,Leg injury,47.75,True
#13SantiagoArias,Leg injury,2023-10-13,21.0,Ec Bahia,191.0,4.0,Leg injury,47.75,True
#13SantiagoArias,Calf injury,2023-04-17,27.0,Ec Bahia,191.0,4.0,Leg injury,47.75,True
#13SantiagoArias,Leg injury,2023-03-01,15.0,Ec Bahia,191.0,4.0,Leg injury,47.75,True
#13SantiagoArias,Hamstring injury,2021-12-23,128.0,Ec Bahia,191.0,4.0,Leg injury,47.75,True
#13SantiagoArias,Broken fibula,2020-10-11,280.0,Ec Bahia,191.0,4.0,Leg injury,47.75,True
#13SantiagoArias,Groin injury,2020-01-24,22.0,Ec Bahia,191.0,4.0,Leg injury,47.75,True
#13SantiagoArias,Hamstring injury,2019-03-13,20.0,Ec Bahia,191.0,4.0,Leg injury,47.75,True
#13SantiagoArias,Rib fracture,2018-09-08,17.0,Ec Bahia,191.0,4.0,Leg injury,47.75,True
#13SantiagoArias,Groin injury,2017-11-06,15.0,Ec Bahia,191.0,4.0,Leg injury,47.75,True
#13SantiagoArias,Knock,2017-08-26,6.0,Ec Bahia,191.0,4.0,Leg injury,47.75,True
#13SantiagoArias,Ankle injury,2015-03-05,89.0,Ec Bahia,191.0,4.0,Leg injury,47.75,True
#13SantiagoArias,Foot injury,2015-02-20,8.0,Ec Bahia,191.0,4.0,Leg injury,47.75,True
#13SantiagoArias,Groin injury,2014-08-21,10.0,Ec Bahia,191.0,4.0,Leg injury,47.75,True
#13SantiagoArias,Thigh problems,2012-10-30,25.0,Ec Bahia,191.0,4.0,Leg injury,47.75,True
#21SantiagoRamos Mingo,muscular problems,2024-11-04,7.0,Ec Bahia,59.0,5.0,muscular problems,11.8,True
#21SantiagoRamos Mingo,unknown injury,2024-09-29,16.0,Ec Bahia,59.0,5.0,muscular problems,11.8,True
#21SantiagoRamos Mingo,Knee injury,2024-05-12,20.0,Ec Bahia,59.0,5.0,muscular problems,11.8,True
#21SantiagoRamos Mingo,Hamstring injury,2021-09-10,9.0,Ec Bahia,59.0,5.0,muscular problems,11.8,True
#21SantiagoRamos Mingo,Corona virus,2021-07-10,7.0,Ec Bahia,59.0,5.0,muscular problems,11.8,True
#21SantiagoRamos Mingo,Hamstring injury,2020-12-07,83.0,Ec Bahia,59.0,5.0,muscular problems,11.8,True
#16Thaciano,Achilles tendon problems,2025-04-21,13.0,Ec Bahia,30.0,2.0,unknown injury,15.0,False
#16Thaciano,Broken nose bone,2025-01-23,13.0,Ec Bahia,30.0,2.0,unknown injury,15.0,False
#16Thaciano,unknown injury,2022-01-19,15.0,Ec Bahia,30.0,2.0,unknown injury,15.0,False
#12Willian José,Muscle fatigue,2025-04-18,6.0,Ec Bahia,35.0,3.0,unknown injury,11.666666666666666,True
#12Willian José,unknown injury,2024-09-14,11.0,Ec Bahia,35.0,3.0,unknown injury,11.666666666666666,True
#12Willian José,unknown injury,2023-09-24,10.0,Ec Bahia,35.0,3.0,unknown injury,11.666666666666666,True
#12Willian José,Torn muscle fiber,2022-01-04,14.0,Ec Bahia,35.0,3.0,unknown injury,11.666666666666666,True
#12Willian José,Corona virus,2020-09-09,21.0,Ec Bahia,35.0,3.0,unknown injury,11.666666666666666,True
#12Willian José,Muscle injury,2019-03-04,25.0,Ec Bahia,35.0,3.0,unknown injury,11.666666666666666,True
#12Willian José,Torn muscle fiber,2018-09-01,20.0,Ec Bahia,35.0,3.0,unknown injury,11.666666666666666,True
#12Willian José,Metatarsal bruise,2018-02-05,26.0,Ec Bahia,35.0,3.0,unknown injury,11.666666666666666,True
#12Willian José,Hamstring injury,2017-04-27,15.0,Ec Bahia,35.0,3.0,unknown injury,11.666666666666666,True
#12Willian José,Muscle injury,2017-02-11,48.0,Ec Bahia,35.0,3.0,unknown injury,11.666666666666666,True
#12Willian José,Ankle injury,2016-12-11,9.0,Ec Bahia,35.0,3.0,unknown injury,11.666666666666666,True
#41Yago Felipe,muscular problems,2023-05-19,44.0,Ec Bahia,88.0,2.0,muscular problems,44.0,True
#3Adriano Martins,Hamstring injury,2025-01-21,25.0,Ec Juventude,10.0,1.0,Head injury,10.0,False
#3Adriano Martins,Head injury,2024-04-14,10.0,Ec Juventude,10.0,1.0,Head injury,10.0,False
#28AlanRuschel,Broken hand,2024-04-10,13.0,Ec Juventude,13.0,1.0,Broken hand,13.0,False
#28AlanRuschel,Knock,2017-08-08,36.0,Ec Juventude,13.0,1.0,Broken hand,13.0,False
#28AlanRuschel,Vertebral injury,2016-11-28,246.0,Ec Juventude,13.0,1.0,Broken hand,13.0,False
#28AlanRuschel,Cruciate ligament tear,2015-08-26,342.0,Ec Juventude,13.0,1.0,Broken hand,13.0,False
#95Caíque Gonçalves,Cruciate ligament injury,2024-08-02,276.0,Ec Juventude,276.0,1.0,Cruciate ligament injury,276.0,True
#5Cipriano,Hamstring injury,2025-02-13,124.0,Ec Juventude,30.0,1.0,Muscle injury,30.0,False
#5Cipriano,Injury to the ankle,2025-01-26,14.0,Ec Juventude,30.0,1.0,Muscle injury,30.0,False
#5Cipriano,Muscle injury,2024-12-23,30.0,Ec Juventude,30.0,1.0,Muscle injury,30.0,False
#8DanielGiraldo,Head injury,2025-04-13,7.0,Ec Juventude,,,,,
#72Daniel Peixoto,Cruciate ligament injury,2024-07-25,289.0,Ec Juventude,289.0,1.0,Cruciate ligament injury,289.0,True
#3Danilo Boza,Thigh problems,2024-09-16,13.0,Ec Juventude,60.0,3.0,Thigh problems,20.0,True
#3Danilo Boza,Hamstring injury,2024-07-08,27.0,Ec Juventude,60.0,3.0,Thigh problems,20.0,True
#3Danilo Boza,Muscle injury,2024-03-28,20.0,Ec Juventude,60.0,3.0,Thigh problems,20.0,True
#15Dudu Vieira,unknown injury,2025-01-26,20.0,Ec Juventude,,,,,
#97Erick Farias,Shoulder injury,2024-09-16,19.0,Ec Juventude,41.0,2.0,Shoulder injury,20.5,False
#97Erick Farias,Hamstring injury,2024-03-08,22.0,Ec Juventude,41.0,2.0,Shoulder injury,20.5,False
#2Ewerthon,Thigh problems,2024-08-15,27.0,Ec Juventude,291.0,4.0,Thigh problems,72.75,True
#2Ewerthon,Muscle injury,2024-01-19,134.0,Ec Juventude,291.0,4.0,Thigh problems,72.75,True
#2Ewerthon,Knee problems,2022-09-10,113.0,Ec Juventude,291.0,4.0,Thigh problems,72.75,True
#2Ewerthon,muscular problems,2022-07-15,17.0,Ec Juventude,291.0,4.0,Thigh problems,72.75,True
#19GabrielTaliari,Injury to the ankle,2025-04-21,14.0,Ec Juventude,211.0,2.0,Knee problems,105.5,True
#19GabrielTaliari,ankle sprain,2025-04-13,7.0,Ec Juventude,211.0,2.0,Knee problems,105.5,True
#19GabrielTaliari,Knee problems,2024-08-15,66.0,Ec Juventude,211.0,2.0,Knee problems,105.5,True
#19GabrielTaliari,Arthroscopy,2024-01-18,145.0,Ec Juventude,211.0,2.0,Knee problems,105.5,True
#9Gilberto,Hamstring injury,2025-01-26,80.0,Ec Juventude,70.0,2.0,Calf injury,35.0,True
#9Gilberto,Calf injury,2024-08-12,24.0,Ec Juventude,70.0,2.0,Calf injury,35.0,True
#9Gilberto,Muscle injury,2024-04-15,46.0,Ec Juventude,70.0,2.0,Calf injury,35.0,True
#9Gilberto,Fitness,2018-01-31,5.0,Ec Juventude,70.0,2.0,Calf injury,35.0,True
#9Gilberto,Calf strain,2016-03-07,9.0,Ec Juventude,70.0,2.0,Calf injury,35.0,True
#9Gilberto,Hamstring strain,2015-08-14,7.0,Ec Juventude,70.0,2.0,Calf injury,35.0,True
#11Giovanny,unknown injury,2023-05-08,13.0,Ec Juventude,13.0,1.0,unknown injury,13.0,False
#11Guilherme Castilho,Fitness,2024-07-20,7.0,Ec Juventude,14.0,2.0,Fitness,7.0,False
#1Gustavo,Hamstring injury,2025-05-27,21.0,Ec Juventude,21.0,1.0,Muscle injury,21.0,False
#1Gustavo,Muscle injury,2024-04-06,21.0,Ec Juventude,21.0,1.0,Muscle injury,21.0,False
#16Jádson,unknown injury,2014-01-25,7.0,Ec Juventude,,,,,
#15Kelvi Gomes,Injury to the ankle,2022-05-18,178.0,Ec Juventude,178.0,1.0,Injury to the ankle,178.0,True
#44Mandaca,Hamstring injury,2024-08-19,23.0,Ec Juventude,52.0,2.0,Hamstring injury,26.0,False
#44Mandaca,Muscle injury,2024-03-08,29.0,Ec Juventude,52.0,2.0,Hamstring injury,26.0,False
#77Mateus Claus,Muscle injury,2021-02-13,36.0,Ec Juventude,36.0,1.0,Muscle injury,36.0,False
#17Matheus Babi,Muscle injury,2025-04-17,31.0,Ec Juventude,218.0,1.0,Cruciate ligament surgery,218.0,True
#17Matheus Babi,Adductor injury,2025-01-19,27.0,Ec Juventude,218.0,1.0,Cruciate ligament surgery,218.0,True
#17Matheus Babi,Cruciate ligament surgery,2021-07-27,218.0,Ec Juventude,218.0,1.0,Cruciate ligament surgery,218.0,True
Maurício Garcez,Ligament stretching,2023-06-03,8.0,Ec Juventude,24.0,3.0,Ligament stretching,8.0,True
#10Nenê,Calf injury,2025-05-08,10.0,Ec Juventude,123.0,1.0,Foot injury,123.0,True
#10Nenê,Foot injury,2023-10-31,123.0,Ec Juventude,123.0,1.0,Foot injury,123.0,True
#10Nenê,Facial fracture,2012-10-22,20.0,Ec Juventude,123.0,1.0,Foot injury,123.0,True
#34Rodrigo Sam,Pubic bone bruise,2024-11-10,161.0,Ec Juventude,254.0,5.0,Pubic bone bruise,50.8,True
#34Rodrigo Sam,Pubic bone bruise,2024-09-09,54.0,Ec Juventude,254.0,5.0,Pubic bone bruise,50.8,True
#34Rodrigo Sam,Inflammation of pubic bone,2024-08-08,21.0,Ec Juventude,254.0,5.0,Pubic bone bruise,50.8,True
#34Rodrigo Sam,Muscle injury,2024-06-25,12.0,Ec Juventude,254.0,5.0,Pubic bone bruise,50.8,True
#34Rodrigo Sam,Ankle sprain,2024-04-25,6.0,Ec Juventude,254.0,5.0,Pubic bone bruise,50.8,True
#98Vitor Pernambuco,Knock,2022-08-16,15.0,Ec Juventude,47.0,2.0,Knock,23.5,False
#98Vitor Pernambuco,Quarantine,2021-03-01,32.0,Ec Juventude,47.0,2.0,Knock,23.5,False
#4WilkerÁngel,Calf problems,2025-05-19,13.0,Ec Juventude,554.0,6.0,Hamstring injury,92.33333333333331,True
#4WilkerÁngel,Hamstring injury,2025-02-06,48.0,Ec Juventude,554.0,6.0,Hamstring injury,92.33333333333331,True
#4WilkerÁngel,Hamstring injury,2024-11-27,19.0,Ec Juventude,554.0,6.0,Hamstring injury,92.33333333333331,True
#4WilkerÁngel,Knee injury,2024-08-19,78.0,Ec Juventude,554.0,6.0,Hamstring injury,92.33333333333331,True
#4WilkerÁngel,Calf injury,2024-03-21,27.0,Ec Juventude,554.0,6.0,Hamstring injury,92.33333333333331,True
#4WilkerÁngel,Torn thigh muscle,2022-03-12,393.0,Ec Juventude,554.0,6.0,Hamstring injury,92.33333333333331,True
#4WilkerÁngel,unknown injury,2021-09-26,29.0,Ec Juventude,554.0,6.0,Hamstring injury,92.33333333333331,True
#4WilkerÁngel,Ill,2021-03-03,8.0,Ec Juventude,554.0,6.0,Hamstring injury,92.33333333333331,True
#4WilkerÁngel,Muscle injury,2020-11-28,31.0,Ec Juventude,554.0,6.0,Hamstring injury,92.33333333333331,True
#4WilkerÁngel,Elbow injury,2020-07-04,70.0,Ec Juventude,554.0,6.0,Hamstring injury,92.33333333333331,True
#4WilkerÁngel,unknown injury,2019-07-14,19.0,Ec Juventude,554.0,6.0,Hamstring injury,92.33333333333331,True
#4WilkerÁngel,unknown injury,2019-02-18,89.0,Ec Juventude,554.0,6.0,Hamstring injury,92.33333333333331,True
#4WilkerÁngel,unknown injury,2018-03-04,24.0,Ec Juventude,554.0,6.0,Hamstring injury,92.33333333333331,True
#3Zé Marcos,Muscle injury,2025-04-28,16.0,Ec Juventude,174.0,8.0,Calf injury,21.75,True
#3Zé Marcos,Calf injury,2024-07-06,18.0,Ec Juventude,174.0,8.0,Calf injury,21.75,True
#3Zé Marcos,Hamstring injury,2024-06-06,14.0,Ec Juventude,174.0,8.0,Calf injury,21.75,True
#3Zé Marcos,Muscle injury,2024-04-18,10.0,Ec Juventude,174.0,8.0,Calf injury,21.75,True
#3Zé Marcos,Thigh problems,2022-09-11,45.0,Ec Juventude,174.0,8.0,Calf injury,21.75,True
#44Baralhas,Knock,2025-05-04,6.0,Ec Vitoria,,,,,
#44Baralhas,Knee injury,2025-03-24,9.0,Ec Vitoria,,,,,
#34Caio Vinicius,Hamstring injury,2024-08-26,100.0,Ec Vitoria,762.0,8.0,Hamstring injury,95.25,True
#34Caio Vinicius,Hamstring injury,2024-07-25,25.0,Ec Vitoria,762.0,8.0,Hamstring injury,95.25,True
#34Caio Vinicius,Hamstring injury,2024-07-05,19.0,Ec Vitoria,762.0,8.0,Hamstring injury,95.25,True
#34Caio Vinicius,unknown injury,2022-11-06,237.0,Ec Vitoria,762.0,8.0,Hamstring injury,95.25,True
#99Carlinhos,Adductor injury,2025-04-17,10.0,Ec Vitoria,59.0,2.0,Adductor injury,29.5,False
#99Carlinhos,Adductor injury,2024-10-21,36.0,Ec Vitoria,59.0,2.0,Adductor injury,29.5,False
#99Carlinhos,Fitness,2024-06-01,23.0,Ec Vitoria,59.0,2.0,Adductor injury,29.5,False
#2Claudinho,Knee bruise,2025-03-02,17.0,Ec Vitoria,,,,,
Daniel Jr,Hamstring injury,2024-06-07,14.0,Ec Vitoria,158.0,6.0,Hamstring injury,26.33333333333333,True
Daniel Jr,Groin injury,2024-03-11,27.0,Ec Vitoria,158.0,6.0,Hamstring injury,26.33333333333333,True
Daniel Jr,Hamstring injury,2023-06-21,38.0,Ec Vitoria,158.0,6.0,Hamstring injury,26.33333333333333,True
#33Erick,ankle sprain,2025-02-09,4.0,Ec Vitoria,10.0,1.0,muscular problems,10.0,False
#33Erick,muscular problems,2024-08-12,10.0,Ec Vitoria,10.0,1.0,muscular problems,10.0,False
#33Erick,Quarantine,2020-11-03,12.0,Ec Vitoria,10.0,1.0,muscular problems,10.0,False
#33Erick,Knock,2019-10-02,28.0,Ec Vitoria,10.0,1.0,muscular problems,10.0,False
#23Fabri,Muscle injury,2025-06-02,15.0,Ec Vitoria,81.0,2.0,Hamstring injury,40.5,True
#23Fabri,Thigh problems,2025-05-15,13.0,Ec Vitoria,81.0,2.0,Hamstring injury,40.5,True
#23Fabri,Knee injury,2025-02-20,24.0,Ec Vitoria,81.0,2.0,Hamstring injury,40.5,True
#23Fabri,Hamstring injury,2023-12-20,50.0,Ec Vitoria,81.0,2.0,Hamstring injury,40.5,True
#23Fabri,Hamstring injury,2023-10-16,31.0,Ec Vitoria,81.0,2.0,Hamstring injury,40.5,True
Felipe Vieira,Knee injury,2023-09-05,280.0,Ec Vitoria,280.0,1.0,Knee injury,280.0,True
Felipe Vieira,Thigh problems,2019-08-30,60.0,Ec Vitoria,280.0,1.0,Knee injury,280.0,True
#21Gabriel,Muscle injury,2025-04-03,75.0,Ec Vitoria,35.0,2.0,Thigh problems,17.5,False
#21Gabriel,Thigh problems,2024-07-15,6.0,Ec Vitoria,35.0,2.0,Thigh problems,17.5,False
#21Gabriel,unknown injury,2022-03-08,29.0,Ec Vitoria,35.0,2.0,Thigh problems,17.5,False
#21Gabriel,Back problems,2020-01-27,18.0,Ec Vitoria,35.0,2.0,Thigh problems,17.5,False
#21Gabriel,Shoulder injury,2013-08-16,29.0,Ec Vitoria,35.0,2.0,Thigh problems,17.5,False
#7Gustavo Silva,Torn lateral knee ligament,2022-10-28,292.0,Ec Vitoria,292.0,1.0,Torn lateral knee ligament,292.0,True
Hugo,Calf injury,2025-05-07,41.0,Ec Vitoria,,,,,
#83Jamerson,Hamstring injury,2024-05-10,28.0,Ec Vitoria,28.0,1.0,Hamstring injury,28.0,False
#39Janderson,Tendonitis,2024-06-17,10.0,Ec Vitoria,10.0,1.0,Tendonitis,10.0,False
#1Lucas Arcanjo,Knee injury,2024-02-02,44.0,Ec Vitoria,44.0,1.0,Knee injury,44.0,False
#22Lucas Braga,unknown injury,2022-11-06,71.0,Ec Vitoria,71.0,1.0,unknown injury,71.0,True
#25Lucas Esteves,Thigh problems,2023-02-26,47.0,Ec Vitoria,94.0,2.0,Thigh problems,47.0,True
#30Matheuzinho,muscular problems,2025-02-20,41.0,Ec Vitoria,77.0,2.0,Injury to the ankle,38.5,True
#30Matheuzinho,Injury to the ankle,2024-12-02,58.0,Ec Vitoria,77.0,2.0,Injury to the ankle,38.5,True
#30Matheuzinho,Hamstring injury,2024-08-26,19.0,Ec Vitoria,77.0,2.0,Injury to the ankle,38.5,True
#77Neris,Hamstring injury,2025-05-19,29.0,Ec Vitoria,25.0,2.0,Injury to the ankle,12.5,False
#77Neris,Injury to the ankle,2024-03-01,7.0,Ec Vitoria,25.0,2.0,Injury to the ankle,12.5,False
#77Neris,Hamstring injury,2023-03-03,18.0,Ec Vitoria,25.0,2.0,Injury to the ankle,12.5,False
#77Neris,influenza,2019-12-13,5.0,Ec Vitoria,25.0,2.0,Injury to the ankle,12.5,False
#11Osvaldo,Lung contusion,2024-09-15,129.0,Ec Vitoria,138.0,2.0,Lung contusion,69.0,True
#11Osvaldo,Hamstring injury,2024-07-02,9.0,Ec Vitoria,138.0,2.0,Lung contusion,69.0,True
#11Osvaldo,Corona virus,2020-11-14,17.0,Ec Vitoria,138.0,2.0,Lung contusion,69.0,True
#6Pepê,sprain,2025-04-28,20.0,Ec Vitoria,140.0,4.0,Hamstring injury,35.0,True
#6Pepê,Hamstring injury,2024-04-09,14.0,Ec Vitoria,140.0,4.0,Hamstring injury,35.0,True
#6Pepê,muscular problems,2022-11-07,56.0,Ec Vitoria,140.0,4.0,Hamstring injury,35.0,True
#27RaúlCáceres,Hamstring injury,2025-05-15,33.0,Ec Vitoria,21.0,1.0,Thigh problems,21.0,False
#27RaúlCáceres,Thigh problems,2022-09-30,21.0,Ec Vitoria,21.0,1.0,Thigh problems,21.0,False
#79RenatoKayzer,Thigh problems,2025-03-23,48.0,Ec Vitoria,20.0,2.0,muscular problems,10.0,False
#79RenatoKayzer,muscular problems,2024-12-02,6.0,Ec Vitoria,20.0,2.0,muscular problems,10.0,False
#79RenatoKayzer,unknown injury,2022-10-18,14.0,Ec Vitoria,20.0,2.0,muscular problems,10.0,False
#3Wagner Leonardo,muscular problems,2025-04-20,7.0,Ec Vitoria,16.0,2.0,Corona virus,8.0,False
#3Wagner Leonardo,Corona virus,2021-01-10,8.0,Ec Vitoria,16.0,2.0,Corona virus,8.0,False
#10WellingtonRato,Knee problems,2025-04-14,19.0,Ec Vitoria,97.0,3.0,Calf injury,32.333333333333336,True
#10WellingtonRato,Calf injury,2024-11-10,13.0,Ec Vitoria,97.0,3.0,Calf injury,32.333333333333336,True
#10WellingtonRato,Hamstring injury,2024-04-05,69.0,Ec Vitoria,97.0,3.0,Calf injury,32.333333333333336,True
#10WellingtonRato,Leg injury,2024-02-11,15.0,Ec Vitoria,97.0,3.0,Calf injury,32.333333333333336,True
#29Willian Oliveira,Knee injury,2025-04-17,61.0,Ec Vitoria,,,,,
#29Willian Oliveira,Inner ligament stretch of the knee,2025-01-20,12.0,Ec Vitoria,,,,,
#29Willian Oliveira,Leg injury,2017-09-01,62.0,Ec Vitoria,,,,,
#29Willian Oliveira,Foot injury,2016-09-20,49.0,Ec Vitoria,,,,,
#3Zé Marcos,Muscle injury,2025-04-28,16.0,Ec Vitoria,174.0,8.0,Calf injury,21.75,True
#3Zé Marcos,Calf injury,2024-07-06,18.0,Ec Vitoria,174.0,8.0,Calf injury,21.75,True
#3Zé Marcos,Hamstring injury,2024-06-06,14.0,Ec Vitoria,174.0,8.0,Calf injury,21.75,True
#3Zé Marcos,Muscle injury,2024-04-18,10.0,Ec Vitoria,174.0,8.0,Calf injury,21.75,True
#3Zé Marcos,Thigh problems,2022-09-11,45.0,Ec Vitoria,174.0,8.0,Calf injury,21.75,True
#13Aderlan,Hamstring injury,2025-05-13,30.0,Fc Santos,350.0,3.0,Cruciate ligament surgery,116.66666666666669,True
#13Aderlan,Cruciate ligament surgery,2024-07-15,286.0,Fc Santos,350.0,3.0,Cruciate ligament surgery,116.66666666666669,True
#13Aderlan,contortion,2024-04-23,41.0,Fc Santos,350.0,3.0,Cruciate ligament surgery,116.66666666666669,True
#13Aderlan,Hamstring injury,2024-03-08,23.0,Fc Santos,350.0,3.0,Cruciate ligament surgery,116.66666666666669,True
#9AlfredoMorelos,Muscle injury,2023-10-13,46.0,Fc Santos,146.0,3.0,Muscle injury,48.66666666666666,True
#9AlfredoMorelos,Thigh problems,2022-03-28,85.0,Fc Santos,146.0,3.0,Muscle injury,48.66666666666666,True
#9AlfredoMorelos,Corona virus,2021-05-27,15.0,Fc Santos,146.0,3.0,Muscle injury,48.66666666666666,True
#9AlfredoMorelos,Knock,2020-09-14,1.0,Fc Santos,146.0,3.0,Muscle injury,48.66666666666666,True
#9AlfredoMorelos,Calf injury,2020-01-20,8.0,Fc Santos,146.0,3.0,Muscle injury,48.66666666666666,True
#9AlfredoMorelos,Hip injury,2017-11-27,4.0,Fc Santos,146.0,3.0,Muscle injury,48.66666666666666,True
#22ÁlvaroBarreal,Hamstring injury,2025-04-21,21.0,Fc Santos,102.0,4.0,Groin problems,25.5,True
#22ÁlvaroBarreal,Groin problems,2024-12-05,80.0,Fc Santos,102.0,4.0,Groin problems,25.5,True
#22ÁlvaroBarreal,Bruise on ankle,2024-08-26,6.0,Fc Santos,102.0,4.0,Groin problems,25.5,True
#22ÁlvaroBarreal,Virus,2024-06-27,6.0,Fc Santos,102.0,4.0,Groin problems,25.5,True
#22ÁlvaroBarreal,Inflammation of ligaments in the knee,2024-06-13,10.0,Fc Santos,102.0,4.0,Groin problems,25.5,True
#32BenjamínRollheiser,Muscle injury,2024-08-01,20.0,Fc Santos,58.0,3.0,Muscle injury,19.33333333333333,True
#32BenjamínRollheiser,Torn muscle bundle,2021-11-09,29.0,Fc Santos,58.0,3.0,Muscle injury,19.33333333333333,True
#32BenjamínRollheiser,Corona virus,2021-05-15,9.0,Fc Santos,58.0,3.0,Muscle injury,19.33333333333333,True
#32BenjamínRollheiser,Cruciate ligament tear,2020-02-18,214.0,Fc Santos,58.0,3.0,Muscle injury,19.33333333333333,True
#32BenjamínRollheiser,Knee injury,2019-10-05,21.0,Fc Santos,58.0,3.0,Muscle injury,19.33333333333333,True
#21Diego Pituca,Achilles tendon problems,2025-05-13,19.0,Fc Santos,,,,,
#49Gabriel Bontempo,Adductor injury,2025-04-21,13.0,Fc Santos,,,,,
#77GabrielBrazão,Cruciate ligament tear,2022-05-15,203.0,Fc Santos,364.0,2.0,Cruciate ligament tear,182.0,True
#77GabrielBrazão,Cruciate ligament tear,2021-08-16,161.0,Fc Santos,364.0,2.0,Cruciate ligament tear,182.0,True
#70Gabriel Veron,Hamstring injury,2024-07-23,45.0,Fc Santos,434.0,7.0,Hamstring injury,62.0,True
#70Gabriel Veron,Foot surgery,2024-01-23,78.0,Fc Santos,434.0,7.0,Hamstring injury,62.0,True
#70Gabriel Veron,Torn thigh muscle,2023-10-11,82.0,Fc Santos,434.0,7.0,Hamstring injury,62.0,True
#70Gabriel Veron,Adductor injury,2023-07-26,71.0,Fc Santos,434.0,7.0,Hamstring injury,62.0,True
#70Gabriel Veron,Ankle injury,2023-01-30,34.0,Fc Santos,434.0,7.0,Hamstring injury,62.0,True
#70Gabriel Veron,unknown injury,2022-10-28,38.0,Fc Santos,434.0,7.0,Hamstring injury,62.0,True
#70Gabriel Veron,Hamstring injury,2021-04-16,86.0,Fc Santos,434.0,7.0,Hamstring injury,62.0,True
#70Gabriel Veron,Corona virus,2020-11-20,9.0,Fc Santos,434.0,7.0,Hamstring injury,62.0,True
#4Gil,Hip flexor problems,2025-06-02,15.0,Fc Santos,,,,,
#11Guilherme,Hip flexor problems,2025-05-02,20.0,Fc Santos,46.0,2.0,Thigh problems,23.0,False
#11Guilherme,Thigh problems,2024-06-28,17.0,Fc Santos,46.0,2.0,Thigh problems,23.0,False
#11Guilherme,Hamstring injury,2024-05-16,29.0,Fc Santos,46.0,2.0,Thigh problems,23.0,False
#11Guilherme,Lumbar vertebra problems,2019-04-24,8.0,Fc Santos,46.0,2.0,Thigh problems,23.0,False
#14Hyan,Inner ligament stretch of the knee,2025-02-06,73.0,Fc Santos,,,,,
#32Jair Cunha,Injury to the ankle,2025-04-21,5.0,Fc Santos,538.0,2.0,Cruciate ligament injury,269.0,True
#32Jair Cunha,Cruciate ligament injury,2023-01-12,269.0,Fc Santos,538.0,2.0,Cruciate ligament injury,269.0,True
#1João Paulo,Achilles tendon rupture,2024-05-25,176.0,Fc Santos,176.0,1.0,Achilles tendon rupture,176.0,True
#5João Schmidt,Hamstring injury,2025-05-05,27.0,Fc Santos,17.0,1.0,ankle sprain,17.0,False
#5João Schmidt,ankle sprain,2024-05-21,17.0,Fc Santos,17.0,1.0,ankle sprain,17.0,False
#5João Schmidt,Meniscus injury,2017-09-11,68.0,Fc Santos,17.0,1.0,ankle sprain,17.0,False
#9JulioFurch,Hamstring injury,2024-05-07,38.0,Fc Santos,142.0,3.0,Hamstring injury,47.333333333333336,True
#9JulioFurch,Nose surgery,2022-06-28,15.0,Fc Santos,142.0,3.0,Hamstring injury,47.333333333333336,True
#9JulioFurch,Ankle surgery,2021-01-06,89.0,Fc Santos,142.0,3.0,Hamstring injury,47.333333333333336,True
#38Kevyson,Cruciate ligament surgery,2024-02-05,275.0,Fc Santos,546.0,2.0,Cruciate ligament surgery,273.0,True
#38Kevyson,Cruciate ligament injury,2024-02-05,271.0,Fc Santos,546.0,2.0,Cruciate ligament surgery,273.0,True
#29LeonardoGodoy,Muscle injury,2024-01-16,40.0,Fc Santos,90.0,4.0,Muscle injury,22.5,True
#29LeonardoGodoy,Knee injury,2023-08-25,17.0,Fc Santos,90.0,4.0,Muscle injury,22.5,True
#29LeonardoGodoy,Muscle injury,2023-06-23,16.0,Fc Santos,90.0,4.0,Muscle injury,22.5,True
#29LeonardoGodoy,Muscle injury,2023-02-12,17.0,Fc Santos,90.0,4.0,Muscle injury,22.5,True
#29LeonardoGodoy,Broken fibula,2019-02-16,185.0,Fc Santos,90.0,4.0,Muscle injury,22.5,True
#14Luan Peres,Knee surgery,2023-10-04,223.0,Fc Santos,414.0,7.0,unknown injury,59.142857142857146,True
#14Luan Peres,unknown injury,2023-08-20,16.0,Fc Santos,414.0,7.0,unknown injury,59.142857142857146,True
#14Luan Peres,Fitness,2023-04-11,10.0,Fc Santos,414.0,7.0,unknown injury,59.142857142857146,True
#14Luan Peres,unknown injury,2023-02-24,47.0,Fc Santos,414.0,7.0,unknown injury,59.142857142857146,True
#14Luan Peres,Fitness,2022-12-16,20.0,Fc Santos,414.0,7.0,unknown injury,59.142857142857146,True
#14Luan Peres,Knee injury,2022-09-15,93.0,Fc Santos,414.0,7.0,unknown injury,59.142857142857146,True
#14Luan Peres,Knock,2022-02-12,5.0,Fc Santos,414.0,7.0,unknown injury,59.142857142857146,True
#14Luan Peres,Corona virus,2020-11-05,15.0,Fc Santos,414.0,7.0,unknown injury,59.142857142857146,True
#21Lucas Barbosa,Thigh problems,2025-01-17,44.0,Fc Santos,24.0,2.0,ankle sprain,12.0,False
#21Lucas Barbosa,ankle sprain,2024-10-21,12.0,Fc Santos,24.0,2.0,ankle sprain,12.0,False
#10Neymar,Hamstring injury,2025-04-17,35.0,Fc Santos,798.0,12.0,Fitness,66.5,True
#10Neymar,Hamstring injury,2025-03-04,40.0,Fc Santos,798.0,12.0,Fitness,66.5,True
#10Neymar,Fitness,2024-12-17,49.0,Fc Santos,798.0,12.0,Fitness,66.5,True
#10Neymar,Hamstring injury,2024-11-04,43.0,Fc Santos,798.0,12.0,Fitness,66.5,True
#10Neymar,Fitness,2024-09-23,42.0,Fc Santos,798.0,12.0,Fitness,66.5,True
#10Neymar,Cruciate ligament tear,2023-10-19,340.0,Fc Santos,798.0,12.0,Fitness,66.5,True
#10Neymar,muscular problems,2023-08-04,31.0,Fc Santos,798.0,12.0,Fitness,66.5,True
#10Neymar,Ankle surgery,2023-02-20,131.0,Fc Santos,798.0,12.0,Fitness,66.5,True
#10Neymar,Ankle injury,2022-11-25,10.0,Fc Santos,798.0,12.0,Fitness,66.5,True
#10Neymar,Ankle injury,2021-11-29,77.0,Fc Santos,798.0,12.0,Fitness,66.5,True
#10Neymar,Adductor pain,2021-11-15,4.0,Fc Santos,798.0,12.0,Fitness,66.5,True
#10Neymar,Adductor pain,2021-10-16,8.0,Fc Santos,798.0,12.0,Fitness,66.5,True
#10Neymar,Fitness,2021-08-01,26.0,Fc Santos,798.0,12.0,Fitness,66.5,True
#10Neymar,Adductor pain,2021-02-11,37.0,Fc Santos,798.0,12.0,Fitness,66.5,True
#10Neymar,Ankle problems,2020-12-14,28.0,Fc Santos,798.0,12.0,Fitness,66.5,True
#33Souza,Injury to the ankle,2025-01-30,102.0,Fc Santos,141.0,1.0,Thigh problems,141.0,True
#33Souza,Thigh problems,2024-02-11,141.0,Fc Santos,141.0,1.0,Thigh problems,141.0,True
#16Thaciano,Achilles tendon problems,2025-04-21,13.0,Fc Santos,30.0,2.0,unknown injury,15.0,False
#16Thaciano,Broken nose bone,2025-01-23,13.0,Fc Santos,30.0,2.0,unknown injury,15.0,False
#16Thaciano,unknown injury,2022-01-19,15.0,Fc Santos,30.0,2.0,unknown injury,15.0,False
#9Tiquinho Soares,Knee problems,2024-07-31,14.0,Fc Santos,127.0,4.0,Knee problems,31.75,True
#9Tiquinho Soares,Hamstring injury,2024-04-26,36.0,Fc Santos,127.0,4.0,Knee problems,31.75,True
#9Tiquinho Soares,Knee problems,2023-08-07,22.0,Fc Santos,127.0,4.0,Knee problems,31.75,True
#9Tiquinho Soares,Arm injury,2021-07-02,55.0,Fc Santos,127.0,4.0,Knee problems,31.75,True
#9Tiquinho Soares,Ill,2019-01-26,2.0,Fc Santos,127.0,4.0,Knee problems,31.75,True
#9Tiquinho Soares,Adductor injury,2018-08-05,53.0,Fc Santos,127.0,4.0,Knee problems,31.75,True
#9Tiquinho Soares,Hamstring strain,2018-02-26,18.0,Fc Santos,127.0,4.0,Knee problems,31.75,True
#9Tiquinho Soares,Knock,2017-10-12,42.0,Fc Santos,127.0,4.0,Knee problems,31.75,True
#9Tiquinho Soares,Leg injury,2017-08-09,20.0,Fc Santos,127.0,4.0,Knee problems,31.75,True
#8TomásRincón,Corona virus,2021-06-10,35.0,Fc Santos,35.0,1.0,Corona virus,35.0,False
#8TomásRincón,Fever,2020-01-11,4.0,Fc Santos,35.0,1.0,Corona virus,35.0,False
#8TomásRincón,muscular problems,2019-10-30,3.0,Fc Santos,35.0,1.0,Corona virus,35.0,False
#8TomásRincón,Knock,2016-06-20,63.0,Fc Santos,35.0,1.0,Corona virus,35.0,False
#8TomásRincón,Edema in the knee,2016-04-14,8.0,Fc Santos,35.0,1.0,Corona virus,35.0,False
#8TomásRincón,Hamstring injury,2014-10-20,43.0,Fc Santos,35.0,1.0,Corona virus,35.0,False
#8TomásRincón,Broken jaw,2013-09-23,29.0,Fc Santos,35.0,1.0,Corona virus,35.0,False
#8TomásRincón,Inflammation of the leg skin,2012-07-19,68.0,Fc Santos,35.0,1.0,Corona virus,35.0,False
YefersonSoteldo,Hamstring muscle injury,2025-05-19,19.0,Fc Santos,378.0,8.0,muscular problems,47.25,True
YefersonSoteldo,Hamstring injury,2025-04-14,20.0,Fc Santos,378.0,8.0,muscular problems,47.25,True
YefersonSoteldo,Adductor injury,2025-03-27,10.0,Fc Santos,378.0,8.0,muscular problems,47.25,True
YefersonSoteldo,muscular problems,2024-09-27,5.0,Fc Santos,378.0,8.0,muscular problems,47.25,True
YefersonSoteldo,Thigh problems,2024-02-01,61.0,Fc Santos,378.0,8.0,muscular problems,47.25,True
YefersonSoteldo,Muscle injury,2023-04-30,23.0,Fc Santos,378.0,8.0,muscular problems,47.25,True
YefersonSoteldo,Hamstring injury,2022-10-08,100.0,Fc Santos,378.0,8.0,muscular problems,47.25,True
YefersonSoteldo,Thigh problems,2018-09-19,4.0,Fc Santos,378.0,8.0,muscular problems,47.25,True
YefersonSoteldo,Torn muscle bundle,2018-04-30,13.0,Fc Santos,378.0,8.0,muscular problems,47.25,True
YefersonSoteldo,Knee injury,2017-03-27,11.0,Fc Santos,378.0,8.0,muscular problems,47.25,True
#2Zé Ivaldo,Corona virus,2020-11-24,17.0,Fc Santos,,,,,
#2Zé Ivaldo,Bone edema,2019-07-12,50.0,Fc Santos,,,,,
#6Zé Rafael,Vertebral injury,2025-01-01,131.0,Fc Santos,41.0,2.0,Hamstring injury,20.5,False
#6Zé Rafael,Hamstring injury,2024-07-03,14.0,Fc Santos,41.0,2.0,Hamstring injury,20.5,False
#6Zé Rafael,Lumbar vertebra problems,2024-04-08,27.0,Fc Santos,41.0,2.0,Hamstring injury,20.5,False
#28AlanFranco,Leg injury,2023-07-05,16.0,Fc Sao Paulo,25.0,2.0,Leg injury,12.5,False
#28AlanFranco,Leg injury,2021-05-17,9.0,Fc Sao Paulo,25.0,2.0,Leg injury,12.5,False
#28AlanFranco,Metatarsal fracture,2018-10-07,80.0,Fc Sao Paulo,25.0,2.0,Leg injury,12.5,False
#25Alisson,Broken ankle,2024-07-18,115.0,Fc Sao Paulo,228.0,3.0,Broken ankle,76.0,True
#25Alisson,Hamstring injury,2022-10-15,62.0,Fc Sao Paulo,228.0,3.0,Broken ankle,76.0,True
#25Alisson,Inflammation of ligaments in the knee,2022-06-06,51.0,Fc Sao Paulo,228.0,3.0,Broken ankle,76.0,True
#25Alisson,Hamstring injury,2015-06-07,49.0,Fc Sao Paulo,228.0,3.0,Broken ankle,76.0,True
#25Alisson,Hamstring injury,2015-04-12,42.0,Fc Sao Paulo,228.0,3.0,Broken ankle,76.0,True
#25Alisson,Hamstring injury,2014-10-23,128.0,Fc Sao Paulo,228.0,3.0,Broken ankle,76.0,True
#17André Silva,unknown injury,2023-12-10,8.0,Fc Sao Paulo,83.0,2.0,unknown injury,41.5,True
#17André Silva,Muscle injury,2022-08-20,75.0,Fc Sao Paulo,83.0,2.0,unknown injury,41.5,True
#6CédricSoares,Calf problems,2025-05-27,4.0,Fc Sao Paulo,,,,,
#6CédricSoares,Calf strain,2020-08-30,32.0,Fc Sao Paulo,,,,,
#6CédricSoares,Broken nose bone,2020-06-17,10.0,Fc Sao Paulo,,,,,
#6CédricSoares,Knee injury,2020-01-21,42.0,Fc Sao Paulo,,,,,
#6CédricSoares,Calf injury,2019-09-26,44.0,Fc Sao Paulo,,,,,
#6CédricSoares,Calf strain,2018-12-08,24.0,Fc Sao Paulo,,,,,
#6CédricSoares,Ankle injury,2017-12-16,29.0,Fc Sao Paulo,,,,,
#6CédricSoares,Ill,2016-12-09,10.0,Fc Sao Paulo,,,,,
#6CédricSoares,Foot injury,2016-10-02,49.0,Fc Sao Paulo,,,,,
#6CédricSoares,Groin injury,2015-12-22,18.0,Fc Sao Paulo,,,,,
#6CédricSoares,Rib fracture,2014-08-17,29.0,Fc Sao Paulo,,,,,
#6CédricSoares,influenza,2013-07-03,5.0,Fc Sao Paulo,,,,,
#6CédricSoares,Hip bruise,2013-05-13,49.0,Fc Sao Paulo,,,,,
#6CédricSoares,Thigh problems,2013-04-13,19.0,Fc Sao Paulo,,,,,
#21DamiánBobadilla,Rib fracture,2023-11-28,42.0,Fc Sao Paulo,42.0,1.0,Rib fracture,42.0,False
#4Diego Costa,Tendonitis,2022-10-05,158.0,Fc Sao Paulo,158.0,1.0,Tendonitis,158.0,True
#13EnzoDíaz,Inguinal hernia,2024-11-08,54.0,Fc Sao Paulo,96.0,3.0,Inguinal hernia,32.0,True
#13EnzoDíaz,Knee injury,2023-05-27,25.0,Fc Sao Paulo,96.0,3.0,Inguinal hernia,32.0,True
#13EnzoDíaz,Appendicitis,2022-10-05,17.0,Fc Sao Paulo,96.0,3.0,Inguinal hernia,32.0,True
#13EnzoDíaz,Ankle injury,2020-02-17,25.0,Fc Sao Paulo,96.0,3.0,Inguinal hernia,32.0,True
#13EnzoDíaz,Ankle injury,2019-09-26,20.0,Fc Sao Paulo,96.0,3.0,Inguinal hernia,32.0,True
#43Felipe Negrucci,Calf injury,2024-05-09,61.0,Fc Sao Paulo,61.0,1.0,Calf injury,61.0,True
#11Ferreirinha,Foot injury,2025-05-15,33.0,Fc Sao Paulo,333.0,4.0,Hamstring injury,83.25,True
#11Ferreirinha,Thigh problems,2025-02-11,20.0,Fc Sao Paulo,333.0,4.0,Hamstring injury,83.25,True
#11Ferreirinha,Hamstring injury,2024-08-18,59.0,Fc Sao Paulo,333.0,4.0,Hamstring injury,83.25,True
#11Ferreirinha,Hamstring injury,2023-03-26,97.0,Fc Sao Paulo,333.0,4.0,Hamstring injury,83.25,True
#11Ferreirinha,Muscle injury,2022-08-23,133.0,Fc Sao Paulo,333.0,4.0,Hamstring injury,83.25,True
#11Ferreirinha,Knee injury,2021-07-11,44.0,Fc Sao Paulo,333.0,4.0,Hamstring injury,83.25,True
#34GiulianoGaloppo,Thigh problems,2025-03-30,18.0,Fc Sao Paulo,354.0,5.0,Arthroscopy,70.8,True
#34GiulianoGaloppo,Hamstring strain,2025-02-20,35.0,Fc Sao Paulo,354.0,5.0,Arthroscopy,70.8,True
#34GiulianoGaloppo,Arthroscopy,2024-11-27,47.0,Fc Sao Paulo,354.0,5.0,Arthroscopy,70.8,True
#34GiulianoGaloppo,Foot bruise,2024-07-22,31.0,Fc Sao Paulo,354.0,5.0,Arthroscopy,70.8,True
#34GiulianoGaloppo,Foot injury,2024-07-04,13.0,Fc Sao Paulo,354.0,5.0,Arthroscopy,70.8,True
#34GiulianoGaloppo,Knee injury,2023-03-13,250.0,Fc Sao Paulo,354.0,5.0,Arthroscopy,70.8,True
#34GiulianoGaloppo,Corona virus,2021-04-04,13.0,Fc Sao Paulo,354.0,5.0,Arthroscopy,70.8,True
#34GiulianoGaloppo,Cruciate ligament tear,2019-04-22,184.0,Fc Sao Paulo,354.0,5.0,Arthroscopy,70.8,True
#37Henrique Carmo,Injury to the ankle,2025-04-14,43.0,Fc Sao Paulo,,,,,
#2Igor Vinícius,Lumbar vertebra problems,2025-04-27,51.0,Fc Sao Paulo,340.0,5.0,Pubalgia,68.0,True
#2Igor Vinícius,Knock,2024-07-31,43.0,Fc Sao Paulo,340.0,5.0,Pubalgia,68.0,True
#2Igor Vinícius,Hamstring injury,2024-01-27,30.0,Fc Sao Paulo,340.0,5.0,Pubalgia,68.0,True
#2Igor Vinícius,Pubalgia,2023-01-20,190.0,Fc Sao Paulo,340.0,5.0,Pubalgia,68.0,True
#2Igor Vinícius,Pubalgia,2022-10-19,44.0,Fc Sao Paulo,340.0,5.0,Pubalgia,68.0,True
#2Igor Vinícius,Eye injury,2021-09-20,33.0,Fc Sao Paulo,340.0,5.0,Pubalgia,68.0,True
#2Igor Vinícius,Contracture,2020-10-16,16.0,Fc Sao Paulo,340.0,5.0,Pubalgia,68.0,True
#12JamalLewis,Ankle injury,2024-11-10,100.0,Fc Sao Paulo,193.0,4.0,Ankle injury,48.25,True
#12JamalLewis,Groin surgery,2022-03-01,62.0,Fc Sao Paulo,193.0,4.0,Ankle injury,48.25,True
#12JamalLewis,Hamstring injury,2021-12-17,29.0,Fc Sao Paulo,193.0,4.0,Ankle injury,48.25,True
#12JamalLewis,Hamstring strain,2021-02-04,2.0,Fc Sao Paulo,193.0,4.0,Ankle injury,48.25,True
#12JamalLewis,Knee problems,2020-12-31,16.0,Fc Sao Paulo,193.0,4.0,Ankle injury,48.25,True
#12JamalLewis,Facial fracture,2020-09-21,6.0,Fc Sao Paulo,193.0,4.0,Ankle injury,48.25,True
#12JamalLewis,Tonsillitis,2020-01-05,6.0,Fc Sao Paulo,193.0,4.0,Ankle injury,48.25,True
#12JamalLewis,Knee injury,2019-11-18,13.0,Fc Sao Paulo,193.0,4.0,Ankle injury,48.25,True
#12JamalLewis,Arm injury,2019-09-29,6.0,Fc Sao Paulo,193.0,4.0,Ankle injury,48.25,True
#12JamalLewis,Knee injury,2017-07-31,155.0,Fc Sao Paulo,193.0,4.0,Ankle injury,48.25,True
#10JamesRodríguez,Muscle injury,2024-04-15,52.0,Fc Sao Paulo,189.0,8.0,unknown injury,23.625,True
#10JamesRodríguez,unknown injury,2023-03-29,6.0,Fc Sao Paulo,189.0,8.0,unknown injury,23.625,True
#10JamesRodríguez,unknown injury,2023-02-16,24.0,Fc Sao Paulo,189.0,8.0,unknown injury,23.625,True
#10JamesRodríguez,unknown injury,2023-02-06,6.0,Fc Sao Paulo,189.0,8.0,unknown injury,23.625,True
#10JamesRodríguez,Quarantine,2021-08-12,41.0,Fc Sao Paulo,189.0,8.0,unknown injury,23.625,True
#10JamesRodríguez,Calf injury,2021-05-01,14.0,Fc Sao Paulo,189.0,8.0,unknown injury,23.625,True
#10JamesRodríguez,Calf injury,2021-02-22,39.0,Fc Sao Paulo,189.0,8.0,unknown injury,23.625,True
#10JamesRodríguez,Calf injury,2021-02-07,7.0,Fc Sao Paulo,189.0,8.0,unknown injury,23.625,True
#10JamesRodríguez,Calf strain,2020-12-06,26.0,Fc Sao Paulo,189.0,8.0,unknown injury,23.625,True
#10JamesRodríguez,Groin injury,2020-10-26,12.0,Fc Sao Paulo,189.0,8.0,unknown injury,23.625,True
#10JamesRodríguez,Knock,2020-10-18,7.0,Fc Sao Paulo,189.0,8.0,unknown injury,23.625,True
#10JamesRodríguez,Knock,2020-10-15,2.0,Fc Sao Paulo,189.0,8.0,unknown injury,23.625,True
#10JamesRodríguez,Hip injury,2020-02-07,11.0,Fc Sao Paulo,189.0,8.0,unknown injury,23.625,True
#10JamesRodríguez,Inner ligament injury,2019-11-15,39.0,Fc Sao Paulo,189.0,8.0,unknown injury,23.625,True
#10JamesRodríguez,unknown injury,2019-11-01,11.0,Fc Sao Paulo,189.0,8.0,unknown injury,23.625,True
#93Jandrei,Hand injury,2023-05-10,52.0,Fc Sao Paulo,83.0,3.0,Hand injury,27.666666666666668,True
#93Jandrei,fracture,2022-07-28,21.0,Fc Sao Paulo,83.0,3.0,Hand injury,27.666666666666668,True
#93Jandrei,Back problems,2022-07-17,10.0,Fc Sao Paulo,83.0,3.0,Hand injury,27.666666666666668,True
#93Jandrei,Corona virus,2020-11-24,17.0,Fc Sao Paulo,83.0,3.0,Hand injury,27.666666666666668,True
#9JonathanCalleri,Cruciate ligament injury,2025-04-17,61.0,Fc Sao Paulo,222.0,6.0,muscular problems,37.0,True
#9JonathanCalleri,muscular problems,2024-11-10,53.0,Fc Sao Paulo,222.0,6.0,muscular problems,37.0,True
#9JonathanCalleri,Hamstring injury,2024-07-18,6.0,Fc Sao Paulo,222.0,6.0,muscular problems,37.0,True
#9JonathanCalleri,Calf injury,2024-05-09,20.0,Fc Sao Paulo,222.0,6.0,muscular problems,37.0,True
#9JonathanCalleri,Injury to the ankle,2023-10-01,92.0,Fc Sao Paulo,222.0,6.0,muscular problems,37.0,True
#9JonathanCalleri,Back problems,2023-06-28,9.0,Fc Sao Paulo,222.0,6.0,muscular problems,37.0,True
#9JonathanCalleri,Ankle injury,2023-02-25,42.0,Fc Sao Paulo,222.0,6.0,muscular problems,37.0,True
#9JonathanCalleri,Inner knee ligament tear,2020-10-19,48.0,Fc Sao Paulo,222.0,6.0,muscular problems,37.0,True
#9JonathanCalleri,Hamstring injury,2019-10-21,38.0,Fc Sao Paulo,222.0,6.0,muscular problems,37.0,True
#9JonathanCalleri,Muscle injury,2019-10-04,15.0,Fc Sao Paulo,222.0,6.0,muscular problems,37.0,True
#9JonathanCalleri,Fitness,2018-08-22,14.0,Fc Sao Paulo,222.0,6.0,muscular problems,37.0,True
#19JuanDinenno,Cruciate ligament injury,2024-08-28,232.0,Fc Sao Paulo,668.0,6.0,Cruciate ligament injury,111.33333333333331,True
#19JuanDinenno,Pubic bone bruise,2024-05-27,58.0,Fc Sao Paulo,668.0,6.0,Cruciate ligament injury,111.33333333333331,True
#19JuanDinenno,Broken nose bone,2024-04-13,44.0,Fc Sao Paulo,668.0,6.0,Cruciate ligament injury,111.33333333333331,True
Liziero,Injury to the ankle,2024-11-10,53.0,Fc Sao Paulo,192.0,5.0,Injury to the ankle,38.4,True
Liziero,Thigh problems,2024-09-02,20.0,Fc Sao Paulo,192.0,5.0,Injury to the ankle,38.4,True
Liziero,Muscle injury,2024-08-12,20.0,Fc Sao Paulo,192.0,5.0,Injury to the ankle,38.4,True
Liziero,Ligament injury,2023-06-13,41.0,Fc Sao Paulo,192.0,5.0,Injury to the ankle,38.4,True
Liziero,unknown injury,2022-10-24,58.0,Fc Sao Paulo,192.0,5.0,Injury to the ankle,38.4,True
Luan Santos,Hamstring injury,2024-07-22,12.0,Fc Sao Paulo,70.0,2.0,Hamstring injury,35.0,True
Luan Santos,Hamstring injury,2022-06-12,58.0,Fc Sao Paulo,70.0,2.0,Hamstring injury,35.0,True
#7Lucas Moura,Knee bruise,2025-05-07,41.0,Fc Sao Paulo,127.0,5.0,Injury to the ankle,25.4,True
#7Lucas Moura,Knee problems,2025-03-11,53.0,Fc Sao Paulo,127.0,5.0,Injury to the ankle,25.4,True
#7Lucas Moura,Injury to the ankle,2024-04-05,42.0,Fc Sao Paulo,127.0,5.0,Injury to the ankle,25.4,True
#7Lucas Moura,Hamstring injury,2024-01-31,26.0,Fc Sao Paulo,127.0,5.0,Injury to the ankle,25.4,True
#7Lucas Moura,Calf injury,2022-08-29,43.0,Fc Sao Paulo,127.0,5.0,Injury to the ankle,25.4,True
#7Lucas Moura,Dead leg,2022-02-24,8.0,Fc Sao Paulo,127.0,5.0,Injury to the ankle,25.4,True
#7Lucas Moura,Ankle injury,2021-09-16,8.0,Fc Sao Paulo,127.0,5.0,Injury to the ankle,25.4,True
#7Lucas Moura,Knock,2020-07-16,5.0,Fc Sao Paulo,127.0,5.0,Injury to the ankle,25.4,True
#7Lucas Moura,Knock,2019-12-23,11.0,Fc Sao Paulo,127.0,5.0,Injury to the ankle,25.4,True
#7Lucas Moura,Knee injury,2019-01-03,22.0,Fc Sao Paulo,127.0,5.0,Injury to the ankle,25.4,True
#7Lucas Moura,Knock,2018-08-09,12.0,Fc Sao Paulo,127.0,5.0,Injury to the ankle,25.4,True
#7Lucas Moura,Ankle injury,2017-08-21,18.0,Fc Sao Paulo,127.0,5.0,Injury to the ankle,25.4,True
#7Lucas Moura,Thigh problems,2015-02-16,57.0,Fc Sao Paulo,127.0,5.0,Injury to the ankle,25.4,True
#45Lucca,ankle sprain,2025-05-18,13.0,Fc Sao Paulo,156.0,5.0,muscular problems,31.2,True
#10Luciano,Hamstring injury,2023-07-05,6.0,Fc Sao Paulo,79.0,3.0,Hamstring injury,26.33333333333333,True
#10Luciano,Ill,2021-11-20,16.0,Fc Sao Paulo,79.0,3.0,Hamstring injury,26.33333333333333,True
#10Luciano,Muscle injury,2021-06-21,57.0,Fc Sao Paulo,79.0,3.0,Hamstring injury,26.33333333333333,True
#10Luciano,Fitness,2020-12-28,25.0,Fc Sao Paulo,79.0,3.0,Hamstring injury,26.33333333333333,True
#10Luciano,Muscle injury,2020-12-13,12.0,Fc Sao Paulo,79.0,3.0,Hamstring injury,26.33333333333333,True
#10Luciano,Hamstring injury,2020-08-12,9.0,Fc Sao Paulo,79.0,3.0,Hamstring injury,26.33333333333333,True
#10Luciano,Hamstring injury,2018-08-18,16.0,Fc Sao Paulo,79.0,3.0,Hamstring injury,26.33333333333333,True
#10Luciano,Cruciate ligament tear,2017-09-20,309.0,Fc Sao Paulo,79.0,3.0,Hamstring injury,26.33333333333333,True
#10Luciano,Cruciate ligament tear,2015-08-19,196.0,Fc Sao Paulo,79.0,3.0,Hamstring injury,26.33333333333333,True
#10Luciano,Thigh problems,2015-05-08,43.0,Fc Sao Paulo,79.0,3.0,Hamstring injury,26.33333333333333,True
#16Luiz Gustavo,Lung contusion,2025-04-03,75.0,Fc Sao Paulo,191.0,6.0,Achilles tendon problems,31.83333333333333,True
#16Luiz Gustavo,Toe injury,2025-01-17,71.0,Fc Sao Paulo,191.0,6.0,Achilles tendon problems,31.83333333333333,True
#16Luiz Gustavo,Achilles tendon problems,2024-02-24,66.0,Fc Sao Paulo,191.0,6.0,Achilles tendon problems,31.83333333333333,True
#16Luiz Gustavo,Fitness,2022-03-07,8.0,Fc Sao Paulo,191.0,6.0,Achilles tendon problems,31.83333333333333,True
#16Luiz Gustavo,Tendon rupture,2022-01-28,39.0,Fc Sao Paulo,191.0,6.0,Achilles tendon problems,31.83333333333333,True
#16Luiz Gustavo,Tendonitis,2021-12-25,18.0,Fc Sao Paulo,191.0,6.0,Achilles tendon problems,31.83333333333333,True
#16Luiz Gustavo,Hamstring injury,2021-10-30,28.0,Fc Sao Paulo,191.0,6.0,Achilles tendon problems,31.83333333333333,True
#16Luiz Gustavo,Edema in the knee,2021-02-02,32.0,Fc Sao Paulo,191.0,6.0,Achilles tendon problems,31.83333333333333,True
#16Luiz Gustavo,Corona virus,2020-12-24,10.0,Fc Sao Paulo,191.0,6.0,Achilles tendon problems,31.83333333333333,True
#16Luiz Gustavo,unknown injury,2020-07-18,9.0,Fc Sao Paulo,191.0,6.0,Achilles tendon problems,31.83333333333333,True
#16Luiz Gustavo,Ill,2019-02-04,12.0,Fc Sao Paulo,191.0,6.0,Achilles tendon problems,31.83333333333333,True
#16Luiz Gustavo,Bruised knee,2019-01-19,6.0,Fc Sao Paulo,191.0,6.0,Achilles tendon problems,31.83333333333333,True
#16Luiz Gustavo,Muscle injury,2016-09-16,27.0,Fc Sao Paulo,191.0,6.0,Achilles tendon problems,31.83333333333333,True
#16Luiz Gustavo,muscle stiffness,2015-11-23,59.0,Fc Sao Paulo,191.0,6.0,Achilles tendon problems,31.83333333333333,True
#16Luiz Gustavo,Knee problems,2015-09-17,5.0,Fc Sao Paulo,191.0,6.0,Achilles tendon problems,31.83333333333333,True
#20Marcos Antônio,Hamstring injury,2025-05-18,30.0,Fc Sao Paulo,134.0,4.0,Fitness,33.5,True
#20Marcos Antônio,Fitness,2023-11-02,29.0,Fc Sao Paulo,134.0,4.0,Fitness,33.5,True
#20Marcos Antônio,Muscle injury,2023-08-02,93.0,Fc Sao Paulo,134.0,4.0,Fitness,33.5,True
#20Marcos Antônio,Ankle injury,2023-05-17,9.0,Fc Sao Paulo,134.0,4.0,Fitness,33.5,True
#20Marcos Antônio,Stomach flu,2023-02-21,3.0,Fc Sao Paulo,134.0,4.0,Fitness,33.5,True
Matheus Belém,Muscle injury,2024-05-09,6.0,Fc Sao Paulo,24.0,4.0,Muscle injury,6.0,True
Matheus Belém,Muscle injury,2024-05-09,6.0,Fc Sao Paulo,24.0,4.0,Muscle injury,6.0,True
#32NahuelFerraresi,Torn knee ligaments,2023-01-22,247.0,Fc Sao Paulo,247.0,1.0,Torn knee ligaments,247.0,True
#8Oscar,Thigh problems,2025-05-25,23.0,Fc Sao Paulo,43.0,1.0,Broken toe,43.0,False
#8Oscar,Hamstring injury,2025-03-11,67.0,Fc Sao Paulo,43.0,1.0,Broken toe,43.0,False
#8Oscar,Broken toe,2021-09-16,43.0,Fc Sao Paulo,43.0,1.0,Broken toe,43.0,False
#8Oscar,Hamstring strain,2020-11-02,20.0,Fc Sao Paulo,43.0,1.0,Broken toe,43.0,False
#8Oscar,Ill,2016-12-08,10.0,Fc Sao Paulo,43.0,1.0,Broken toe,43.0,False
#8Oscar,Knee bruise,2015-08-14,34.0,Fc Sao Paulo,43.0,1.0,Broken toe,43.0,False
#8Oscar,Hamstring injury,2015-05-01,61.0,Fc Sao Paulo,43.0,1.0,Broken toe,43.0,False
#29Pablo Maia,Inner ankle ligament tear,2025-02-24,71.0,Fc Sao Paulo,255.0,1.0,Hamstring muscle injury,255.0,True
#29Pablo Maia,Hamstring muscle injury,2024-04-22,255.0,Fc Sao Paulo,255.0,1.0,Hamstring muscle injury,255.0,True
#36Patryck,Broken collarbone,2024-08-18,94.0,Fc Sao Paulo,151.0,3.0,Broken collarbone,50.333333333333336,True
#36Patryck,Muscle injury,2024-04-03,14.0,Fc Sao Paulo,151.0,3.0,Broken collarbone,50.333333333333336,True
#36Patryck,Injury to the ankle,2023-07-24,43.0,Fc Sao Paulo,151.0,3.0,Broken collarbone,50.333333333333336,True
#5RobertArboleda,muscular problems,2025-04-17,19.0,Fc Sao Paulo,186.0,4.0,Leg injury,46.5,True
#5RobertArboleda,Leg injury,2024-11-06,17.0,Fc Sao Paulo,186.0,4.0,Leg injury,46.5,True
#5RobertArboleda,Tendonitis,2023-01-29,40.0,Fc Sao Paulo,186.0,4.0,Leg injury,46.5,True
#5RobertArboleda,Broken ankle,2022-06-25,123.0,Fc Sao Paulo,186.0,4.0,Leg injury,46.5,True
#5RobertArboleda,Corona virus,2022-01-16,6.0,Fc Sao Paulo,186.0,4.0,Leg injury,46.5,True
#5RobertArboleda,Contracture,2019-05-04,21.0,Fc Sao Paulo,186.0,4.0,Leg injury,46.5,True
#11RodrigoNestor,ankle sprain,2024-09-02,20.0,Fc Sao Paulo,350.0,4.0,ankle sprain,87.5,True
#11RodrigoNestor,Knee injury,2023-11-06,155.0,Fc Sao Paulo,350.0,4.0,ankle sprain,87.5,True
#15Rodriguinho,ankle sprain,2025-05-15,5.0,Fc Sao Paulo,27.0,2.0,ankle sprain,13.5,False
#15Rodriguinho,Knee problems,2025-02-06,66.0,Fc Sao Paulo,27.0,2.0,ankle sprain,13.5,False
#15Rodriguinho,ankle sprain,2024-02-14,12.0,Fc Sao Paulo,27.0,2.0,ankle sprain,13.5,False
#15Rodriguinho,Back problems,2022-11-03,15.0,Fc Sao Paulo,27.0,2.0,ankle sprain,13.5,False
#22Ruan,Knee problems,2025-05-21,27.0,Fc Sao Paulo,5.0,1.0,unknown injury,5.0,False
#22Ruan,Hamstring injury,2025-02-17,40.0,Fc Sao Paulo,5.0,1.0,unknown injury,5.0,False
#22Ruan,unknown injury,2023-10-02,5.0,Fc Sao Paulo,5.0,1.0,unknown injury,5.0,False
#5SantiagoLongo,strain,2024-07-30,8.0,Fc Sao Paulo,8.0,1.0,strain,8.0,False
#18Wendell,unknown injury,2024-10-21,121.0,Fc Sao Paulo,207.0,4.0,unknown injury,51.75,True
#18Wendell,unknown injury,2023-10-26,47.0,Fc Sao Paulo,207.0,4.0,unknown injury,51.75,True
#18Wendell,unknown injury,2023-02-06,11.0,Fc Sao Paulo,207.0,4.0,unknown injury,51.75,True
#18Wendell,Knee injury,2021-10-20,28.0,Fc Sao Paulo,207.0,4.0,unknown injury,51.75,True
#18Wendell,Corona virus,2020-12-28,11.0,Fc Sao Paulo,207.0,4.0,unknown injury,51.75,True
#18Wendell,Hamstring strain,2019-10-19,13.0,Fc Sao Paulo,207.0,4.0,unknown injury,51.75,True
#18Wendell,Fitness,2018-05-02,6.0,Fc Sao Paulo,207.0,4.0,unknown injury,51.75,True
#18Wendell,double ligament tear,2018-04-10,25.0,Fc Sao Paulo,207.0,4.0,unknown injury,51.75,True
#18Wendell,Foot bruise,2018-02-19,4.0,Fc Sao Paulo,207.0,4.0,unknown injury,51.75,True
#18Wendell,minor knock,2017-04-10,4.0,Fc Sao Paulo,207.0,4.0,unknown injury,51.75,True
#18Wendell,Syndesmotic ligament tear,2016-04-25,67.0,Fc Sao Paulo,207.0,4.0,unknown injury,51.75,True
#50Young,Foot injury,2025-01-17,87.0,Fc Sao Paulo,,,,,
#17AgustínCanobbio,Skull fracture,2025-05-15,33.0,Fluminense Fc,210.0,8.0,Bone edema,26.25,True
#17AgustínCanobbio,Bone edema,2024-10-19,43.0,Fluminense Fc,210.0,8.0,Bone edema,26.25,True
#17AgustínCanobbio,Injury to the ankle,2024-05-05,10.0,Fluminense Fc,210.0,8.0,Bone edema,26.25,True
#17AgustínCanobbio,Knock,2022-06-10,18.0,Fluminense Fc,210.0,8.0,Bone edema,26.25,True
#17AgustínCanobbio,Facial fracture,2022-03-06,34.0,Fluminense Fc,210.0,8.0,Bone edema,26.25,True
#17AgustínCanobbio,Leg injury,2020-08-30,86.0,Fluminense Fc,210.0,8.0,Bone edema,26.25,True
#17AgustínCanobbio,Rest,2019-05-25,3.0,Fluminense Fc,210.0,8.0,Bone edema,26.25,True
#17AgustínCanobbio,Rest,2019-03-02,4.0,Fluminense Fc,210.0,8.0,Bone edema,26.25,True
#17AgustínCanobbio,Stomach flu,2018-04-12,6.0,Fluminense Fc,210.0,8.0,Bone edema,26.25,True
#11Alexsander,Broken finger,2025-01-23,45.0,Fluminense Fc,126.0,2.0,Hamstring injury,63.0,True
#11Alexsander,Hamstring injury,2024-07-22,10.0,Fluminense Fc,126.0,2.0,Hamstring injury,63.0,True
#11Alexsander,Knee injury,2023-05-12,116.0,Fluminense Fc,126.0,2.0,Hamstring injury,63.0,True
#7André,Knee injury,2024-04-26,69.0,Fluminense Fc,69.0,1.0,Knee injury,69.0,True
#2Calegari,Ankle injury,2024-06-28,39.0,Fluminense Fc,341.0,4.0,Ankle injury,85.25,True
#2Calegari,Knee surgery,2023-09-15,226.0,Fluminense Fc,341.0,4.0,Ankle injury,85.25,True
#2Calegari,Knee injury,2023-09-04,11.0,Fluminense Fc,341.0,4.0,Ankle injury,85.25,True
#2Calegari,Hamstring injury,2022-10-28,65.0,Fluminense Fc,341.0,4.0,Ankle injury,85.25,True
#9Everaldo,Pubalgia,2023-05-08,8.0,Fluminense Fc,92.0,2.0,Pubalgia,46.0,True
#9Everaldo,Groin injury,2022-03-08,84.0,Fluminense Fc,92.0,2.0,Pubalgia,46.0,True
#1Fábio,Torn lateral knee ligament,2016-08-14,245.0,Fluminense Fc,,,,,
#5FacundoBernal,Hamstring injury,2025-05-12,36.0,Fluminense Fc,308.0,3.0,Cruciate ligament tear,102.66666666666669,True
#5FacundoBernal,Leg injury,2025-02-17,13.0,Fluminense Fc,308.0,3.0,Cruciate ligament tear,102.66666666666669,True
#5FacundoBernal,Cruciate ligament tear,2022-10-05,294.0,Fluminense Fc,308.0,3.0,Cruciate ligament tear,102.66666666666669,True
#5FacundoBernal,unknown injury,2022-09-24,4.0,Fluminense Fc,308.0,3.0,Cruciate ligament tear,102.66666666666669,True
#5FacundoBernal,Hamstring strain,2022-02-20,10.0,Fluminense Fc,308.0,3.0,Cruciate ligament tear,102.66666666666669,True
#12GabrielFuentes,Hamstring injury,2025-03-13,44.0,Fluminense Fc,,,,,
#10Ganso,heart problems,2025-01-01,95.0,Fluminense Fc,,,,,
#10Ganso,Knock,2017-05-06,15.0,Fluminense Fc,,,,,
#10Ganso,Adductor pain,2017-03-13,18.0,Fluminense Fc,,,,,
#10Ganso,Cruciate ligament tear,2010-08-27,185.0,Fluminense Fc,,,,,
#14GermánCano,Knee injury,2025-04-30,48.0,Fluminense Fc,52.0,1.0,Foot bruise,52.0,False
#14GermánCano,Foot bruise,2024-07-25,52.0,Fluminense Fc,52.0,1.0,Foot bruise,52.0,False
#14GermánCano,Corona virus,2020-12-01,16.0,Fluminense Fc,52.0,1.0,Foot bruise,52.0,False
#23Guga,Hamstring injury,2025-04-07,22.0,Fluminense Fc,,,,,
#23Guga,Corona virus,2020-11-18,16.0,Fluminense Fc,,,,,
Gustavo Apis,Cruciate ligament injury,2023-01-23,344.0,Fluminense Fc,344.0,1.0,Cruciate ligament injury,344.0,True
#35Hércules,Cruciate ligament tear,2023-07-10,263.0,Fluminense Fc,526.0,2.0,Cruciate ligament tear,263.0,True
#4Ignácio,Knee problems,2024-10-27,80.0,Fluminense Fc,140.0,2.0,Knee problems,70.0,True
#4Ignácio,Meniscus injury,2024-08-18,60.0,Fluminense Fc,140.0,2.0,Knee problems,70.0,True
#37Isaque,Ligament injury,2025-03-22,48.0,Fluminense Fc,,,,,
#11Keno,Hamstring injury,2024-11-27,8.0,Fluminense Fc,141.0,5.0,Hamstring injury,28.2,True
#11Keno,unknown injury,2024-06-10,5.0,Fluminense Fc,141.0,5.0,Hamstring injury,28.2,True
#11Keno,ankle sprain,2024-03-20,54.0,Fluminense Fc,141.0,5.0,Hamstring injury,28.2,True
#11Keno,Thigh problems,2023-05-04,50.0,Fluminense Fc,141.0,5.0,Hamstring injury,28.2,True
#11Keno,Elbow injury,2021-01-26,24.0,Fluminense Fc,141.0,5.0,Hamstring injury,28.2,True
#90KevinSerna,Thigh problems,2024-10-09,30.0,Fluminense Fc,46.0,3.0,Thigh problems,15.333333333333334,True
#90KevinSerna,Calf injury,2024-08-08,10.0,Fluminense Fc,46.0,3.0,Thigh problems,15.333333333333334,True
#90KevinSerna,unknown injury,2022-07-25,6.0,Fluminense Fc,46.0,3.0,Thigh problems,15.333333333333334,True
#45Lima,Hamstring injury,2025-05-04,20.0,Fluminense Fc,26.0,1.0,Hamstring injury,26.0,False
#45Lima,Calf injury,2025-02-27,17.0,Fluminense Fc,26.0,1.0,Hamstring injury,26.0,False
#45Lima,Hamstring injury,2024-06-28,26.0,Fluminense Fc,26.0,1.0,Hamstring injury,26.0,False
#26Manoel,Hamstring injury,2024-06-18,40.0,Fluminense Fc,70.0,2.0,Hamstring injury,35.0,True
#26Manoel,Injury to the ankle,2024-03-17,30.0,Fluminense Fc,70.0,2.0,Hamstring injury,35.0,True
#26Manoel,Fitness,2020-01-31,10.0,Fluminense Fc,70.0,2.0,Hamstring injury,35.0,True
#8Martinelli,Injury to the ankle,2024-08-14,6.0,Fluminense Fc,62.0,3.0,Injury to the ankle,20.666666666666668,True
#8Martinelli,Hamstring injury,2023-04-03,48.0,Fluminense Fc,62.0,3.0,Injury to the ankle,20.666666666666668,True
#8Martinelli,Hip bruise,2021-09-12,8.0,Fluminense Fc,62.0,3.0,Injury to the ankle,20.666666666666668,True
#16Nonato,Broken nose bone,2024-09-22,40.0,Fluminense Fc,58.0,2.0,Broken nose bone,29.0,False
#16Nonato,ankle sprain,2024-08-02,18.0,Fluminense Fc,58.0,2.0,Broken nose bone,29.0,False
#94Otávio,Achilles tendon rupture,2025-03-17,92.0,Fluminense Fc,498.0,6.0,Shoulder injury,83.0,True
#94Otávio,Shoulder injury,2024-09-13,19.0,Fluminense Fc,498.0,6.0,Shoulder injury,83.0,True
#94Otávio,Hamstring injury,2024-05-16,48.0,Fluminense Fc,498.0,6.0,Shoulder injury,83.0,True
#94Otávio,Achilles tendon rupture,2021-01-20,182.0,Fluminense Fc,498.0,6.0,Shoulder injury,83.0,True
#6Renê,Head injury,2024-07-08,8.0,Fluminense Fc,143.0,5.0,Knock,28.6,True
#6Renê,Knock,2024-06-18,5.0,Fluminense Fc,143.0,5.0,Knock,28.6,True
#6Renê,Thigh problems,2023-10-30,32.0,Fluminense Fc,143.0,5.0,Knock,28.6,True
#6Renê,Muscle injury,2022-06-14,46.0,Fluminense Fc,143.0,5.0,Knock,28.6,True
#6Renê,Knock,2021-07-28,52.0,Fluminense Fc,143.0,5.0,Knock,28.6,True
#28Riquelme,Knee injury,2025-03-17,65.0,Fluminense Fc,,,,,
#2Samuel Xavier,Knee problems,2024-06-18,6.0,Fluminense Fc,59.0,3.0,Knee problems,19.666666666666668,True
#2Samuel Xavier,Broken foot,2024-04-27,45.0,Fluminense Fc,59.0,3.0,Knee problems,19.666666666666668,True
#2Samuel Xavier,Hamstring injury,2023-05-08,8.0,Fluminense Fc,59.0,3.0,Knee problems,19.666666666666668,True
#29Thiago Santos,Knee problems,2025-02-09,17.0,Fluminense Fc,40.0,1.0,Hamstring injury,40.0,False
#29Thiago Santos,Hamstring injury,2024-04-12,40.0,Fluminense Fc,40.0,1.0,Hamstring injury,40.0,False
#3ThiagoSilva,Hamstring injury,2025-04-14,27.0,Fluminense Fc,196.0,9.0,unknown injury,21.77777777777778,True
#3ThiagoSilva,Heel injury,2025-02-09,28.0,Fluminense Fc,196.0,9.0,unknown injury,21.77777777777778,True
#3ThiagoSilva,Heel injury,2024-09-26,36.0,Fluminense Fc,196.0,9.0,unknown injury,21.77777777777778,True
#3ThiagoSilva,Ankle injury,2024-09-19,6.0,Fluminense Fc,196.0,9.0,unknown injury,21.77777777777778,True
#3ThiagoSilva,unknown injury,2024-05-01,5.0,Fluminense Fc,196.0,9.0,unknown injury,21.77777777777778,True
#3ThiagoSilva,unknown injury,2024-02-13,18.0,Fluminense Fc,196.0,9.0,unknown injury,21.77777777777778,True
#3ThiagoSilva,Ligament injury,2023-02-27,43.0,Fluminense Fc,196.0,9.0,unknown injury,21.77777777777778,True
#3ThiagoSilva,Knee injury,2023-02-26,44.0,Fluminense Fc,196.0,9.0,unknown injury,21.77777777777778,True
#3ThiagoSilva,Corona virus,2022-01-05,7.0,Fluminense Fc,196.0,9.0,unknown injury,21.77777777777778,True
#3ThiagoSilva,Knee problems,2021-12-26,6.0,Fluminense Fc,196.0,9.0,unknown injury,21.77777777777778,True
#3ThiagoSilva,Thigh problems,2021-02-05,31.0,Fluminense Fc,196.0,9.0,unknown injury,21.77777777777778,True
#3ThiagoSilva,Knock,2020-09-10,13.0,Fluminense Fc,196.0,9.0,unknown injury,21.77777777777778,True
#3ThiagoSilva,Hamstring strain,2020-02-24,21.0,Fluminense Fc,196.0,9.0,unknown injury,21.77777777777778,True
#3ThiagoSilva,Groin injury,2020-01-27,15.0,Fluminense Fc,196.0,9.0,unknown injury,21.77777777777778,True
#3ThiagoSilva,Ill,2019-10-30,5.0,Fluminense Fc,196.0,9.0,unknown injury,21.77777777777778,True
YefersonSoteldo,Hamstring muscle injury,2025-05-19,19.0,Fluminense Fc,378.0,8.0,muscular problems,47.25,True
YefersonSoteldo,Hamstring injury,2025-04-14,20.0,Fluminense Fc,378.0,8.0,muscular problems,47.25,True
YefersonSoteldo,Adductor injury,2025-03-27,10.0,Fluminense Fc,378.0,8.0,muscular problems,47.25,True
YefersonSoteldo,muscular problems,2024-09-27,5.0,Fluminense Fc,378.0,8.0,muscular problems,47.25,True
YefersonSoteldo,Thigh problems,2024-02-01,61.0,Fluminense Fc,378.0,8.0,muscular problems,47.25,True
YefersonSoteldo,Muscle injury,2023-04-30,23.0,Fluminense Fc,378.0,8.0,muscular problems,47.25,True
YefersonSoteldo,Hamstring injury,2022-10-08,100.0,Fluminense Fc,378.0,8.0,muscular problems,47.25,True
YefersonSoteldo,Thigh problems,2018-09-19,4.0,Fluminense Fc,378.0,8.0,muscular problems,47.25,True
YefersonSoteldo,Torn muscle bundle,2018-04-30,13.0,Fluminense Fc,378.0,8.0,muscular problems,47.25,True
YefersonSoteldo,Knee injury,2017-03-27,11.0,Fluminense Fc,378.0,8.0,muscular problems,47.25,True
#13BenjamínKuscevic,ankle sprain,2025-01-22,10.0,Fortaleza Ec,90.0,4.0,Hamstring injury,22.5,True
#13BenjamínKuscevic,Hamstring injury,2024-04-14,29.0,Fortaleza Ec,90.0,4.0,Hamstring injury,22.5,True
#13BenjamínKuscevic,Adductor injury,2023-05-06,16.0,Fortaleza Ec,90.0,4.0,Hamstring injury,22.5,True
#13BenjamínKuscevic,Corona virus,2020-11-20,15.0,Fortaleza Ec,90.0,4.0,Hamstring injury,22.5,True
#13BenjamínKuscevic,Ankle surgery,2020-09-21,51.0,Fortaleza Ec,90.0,4.0,Hamstring injury,22.5,True
#13BenjamínKuscevic,Ankle problems,2020-08-17,35.0,Fortaleza Ec,90.0,4.0,Hamstring injury,22.5,True
#13BenjamínKuscevic,Knee injury,2019-07-28,49.0,Fortaleza Ec,90.0,4.0,Hamstring injury,22.5,True
#13BenjamínKuscevic,muscular problems,2019-05-15,12.0,Fortaleza Ec,90.0,4.0,Hamstring injury,22.5,True
#13BenjamínKuscevic,Inflammation in the knee,2018-07-28,10.0,Fortaleza Ec,90.0,4.0,Hamstring injury,22.5,True
#13BenjamínKuscevic,Skull fracture,2018-03-01,25.0,Fortaleza Ec,90.0,4.0,Hamstring injury,22.5,True
#3BrayanCeballos,Head injury,2025-05-26,22.0,Fortaleza Ec,44.0,2.0,Thigh problems,22.0,False
#3BrayanCeballos,Thigh problems,2024-09-25,40.0,Fortaleza Ec,44.0,2.0,Thigh problems,22.0,False
#3BrayanCeballos,Head injury,2024-09-18,4.0,Fortaleza Ec,44.0,2.0,Thigh problems,22.0,False
#12Brenno,laceration,2022-10-09,9.0,Fortaleza Ec,9.0,1.0,laceration,9.0,False
#26Breno Lopes,Forearm fracture,2025-03-16,38.0,Fortaleza Ec,53.0,1.0,Ligament stretching,53.0,False
#26Breno Lopes,Ligament stretching,2021-04-16,53.0,Fortaleza Ec,53.0,1.0,Ligament stretching,53.0,False
#26Breno Lopes,Corona virus,2020-11-20,9.0,Fortaleza Ec,53.0,1.0,Ligament stretching,53.0,False
#6Bruno Pacheco,Tendonitis,2024-11-23,61.0,Fortaleza Ec,121.0,5.0,Tendonitis,24.2,True
#6Bruno Pacheco,Tendonitis,2024-09-01,28.0,Fortaleza Ec,121.0,5.0,Tendonitis,24.2,True
#6Bruno Pacheco,Hand injury,2024-02-16,8.0,Fortaleza Ec,121.0,5.0,Tendonitis,24.2,True
#6Bruno Pacheco,Ill,2022-11-07,5.0,Fortaleza Ec,121.0,5.0,Tendonitis,24.2,True
#6Bruno Pacheco,muscular problems,2022-09-19,19.0,Fortaleza Ec,121.0,5.0,Tendonitis,24.2,True
#6Bruno Pacheco,Shoulder injury,2017-10-30,7.0,Fortaleza Ec,121.0,5.0,Tendonitis,24.2,True
#10Calebe,Hamstring injury,2024-06-23,80.0,Fortaleza Ec,261.0,5.0,Hamstring injury,52.2,True
#10Calebe,Hamstring injury,2024-04-03,78.0,Fortaleza Ec,261.0,5.0,Hamstring injury,52.2,True
#10Calebe,Thigh problems,2024-02-04,42.0,Fortaleza Ec,261.0,5.0,Hamstring injury,52.2,True
#10Calebe,Thigh problems,2023-10-27,12.0,Fortaleza Ec,261.0,5.0,Hamstring injury,52.2,True
#10Calebe,Inner ligament stretch of the knee,2023-08-08,49.0,Fortaleza Ec,261.0,5.0,Hamstring injury,52.2,True
#23David Luiz,Head injury,2025-04-24,5.0,Fortaleza Ec,46.0,4.0,Fever,11.5,True
#23David Luiz,Muscle injury,2025-03-23,6.0,Fortaleza Ec,46.0,4.0,Fever,11.5,True
#23David Luiz,Fever,2024-11-14,12.0,Fortaleza Ec,46.0,4.0,Fever,11.5,True
#23David Luiz,Achilles tendon problems,2024-10-27,7.0,Fortaleza Ec,46.0,4.0,Fever,11.5,True
#23David Luiz,muscular problems,2023-05-15,5.0,Fortaleza Ec,46.0,4.0,Fever,11.5,True
#23David Luiz,Hamstring injury,2021-05-03,22.0,Fortaleza Ec,46.0,4.0,Fever,11.5,True
#23David Luiz,Ill,2020-12-25,8.0,Fortaleza Ec,46.0,4.0,Fever,11.5,True
#23David Luiz,Head injury,2020-12-01,15.0,Fortaleza Ec,46.0,4.0,Fever,11.5,True
#23David Luiz,Knock,2020-11-27,2.0,Fortaleza Ec,46.0,4.0,Fever,11.5,True
#23David Luiz,Hamstring injury,2020-10-26,9.0,Fortaleza Ec,46.0,4.0,Fever,11.5,True
#23David Luiz,Neck injury,2020-09-11,8.0,Fortaleza Ec,46.0,4.0,Fever,11.5,True
#23David Luiz,Knee injury,2018-04-01,43.0,Fortaleza Ec,46.0,4.0,Fever,11.5,True
#23David Luiz,Ankle injury,2018-02-10,50.0,Fortaleza Ec,46.0,4.0,Fever,11.5,True
#23David Luiz,Ankle problems,2018-01-25,9.0,Fortaleza Ec,46.0,4.0,Fever,11.5,True
#23David Luiz,Knee injury,2017-11-26,41.0,Fortaleza Ec,46.0,4.0,Fever,11.5,True
#18Deyverson,bruise,2015-04-08,28.0,Fortaleza Ec,,,,,
#18Deyverson,Dead leg,2015-03-23,10.0,Fortaleza Ec,,,,,
#16Diogo Barbosa,ankle sprain,2025-04-27,24.0,Fortaleza Ec,90.0,2.0,Muscle injury,45.0,True
#16Diogo Barbosa,Muscle injury,2024-12-02,52.0,Fortaleza Ec,90.0,2.0,Muscle injury,45.0,True
#16Diogo Barbosa,Arthroscopy,2024-08-11,38.0,Fortaleza Ec,90.0,2.0,Muscle injury,45.0,True
#27DylanBorrero,Hip injury,2024-07-05,42.0,Fortaleza Ec,406.0,2.0,Hip injury,203.0,True
#27DylanBorrero,Cruciate ligament tear,2023-04-29,364.0,Fortaleza Ec,406.0,2.0,Hip injury,203.0,True
#33EmanuelBrítez,ankle sprain,2025-01-29,97.0,Fortaleza Ec,6.0,1.0,Thigh problems,6.0,False
#33EmanuelBrítez,Thigh problems,2024-08-15,6.0,Fortaleza Ec,6.0,1.0,Thigh problems,6.0,False
#8EmmanuelMartínez,Hamstring injury,2025-04-21,8.0,Fortaleza Ec,242.0,5.0,Knee injury,48.4,True
#8EmmanuelMartínez,Knee injury,2024-06-24,42.0,Fortaleza Ec,242.0,5.0,Knee injury,48.4,True
#8EmmanuelMartínez,Tendonitis,2024-02-02,44.0,Fortaleza Ec,242.0,5.0,Knee injury,48.4,True
#8EmmanuelMartínez,unknown injury,2022-09-12,111.0,Fortaleza Ec,242.0,5.0,Knee injury,48.4,True
#8EmmanuelMartínez,Knee collateral ligament strain,2022-04-01,30.0,Fortaleza Ec,242.0,5.0,Knee injury,48.4,True
#8EmmanuelMartínez,ankle sprain,2021-11-22,15.0,Fortaleza Ec,242.0,5.0,Knee injury,48.4,True
#14ErosMancuso,Knee bruise,2025-03-02,13.0,Fortaleza Ec,50.0,4.0,strain,12.5,True
#14ErosMancuso,Adductor injury,2024-07-29,26.0,Fortaleza Ec,50.0,4.0,strain,12.5,True
#14ErosMancuso,strain,2024-07-22,5.0,Fortaleza Ec,50.0,4.0,strain,12.5,True
#14ErosMancuso,strain,2024-07-02,8.0,Fortaleza Ec,50.0,4.0,strain,12.5,True
#14ErosMancuso,Muscle injury,2024-03-01,11.0,Fortaleza Ec,50.0,4.0,strain,12.5,True
#36Felipe Jonatan,Torn knee ligaments,2023-04-22,255.0,Fortaleza Ec,358.0,2.0,Torn knee ligaments,179.0,True
#36Felipe Jonatan,unknown injury,2022-11-06,103.0,Fortaleza Ec,358.0,2.0,Torn knee ligaments,179.0,True
#32GastónÁvila,Hand injury,2025-04-30,10.0,Fortaleza Ec,382.0,3.0,Cruciate ligament tear,127.33333333333331,True
#32GastónÁvila,Fitness,2025-01-01,40.0,Fortaleza Ec,382.0,3.0,Cruciate ligament tear,127.33333333333331,True
#32GastónÁvila,Cruciate ligament tear,2024-01-19,348.0,Fortaleza Ec,382.0,3.0,Cruciate ligament tear,127.33333333333331,True
#32GastónÁvila,Adductor injury,2022-04-18,15.0,Fortaleza Ec,382.0,3.0,Cruciate ligament tear,127.33333333333331,True
#32GastónÁvila,Shoulder injury,2021-03-09,19.0,Fortaleza Ec,382.0,3.0,Cruciate ligament tear,127.33333333333331,True
#35Hércules,Cruciate ligament tear,2023-07-10,263.0,Fortaleza Ec,526.0,2.0,Cruciate ligament tear,263.0,True
#39ImanolMachuca,Knee problems,2025-03-03,20.0,Fortaleza Ec,16.0,1.0,Hamstring injury,16.0,False
#39ImanolMachuca,Torn muscle bundle,2025-02-03,21.0,Fortaleza Ec,16.0,1.0,Hamstring injury,16.0,False
#39ImanolMachuca,Hamstring injury,2024-07-25,16.0,Fortaleza Ec,16.0,1.0,Hamstring injury,16.0,False
#1João Ricardo,Adductor injury,2023-03-18,62.0,Fortaleza Ec,62.0,1.0,Adductor injury,62.0,True
#9Juan MartínLucero,muscular problems,2024-07-28,24.0,Fortaleza Ec,38.0,2.0,muscular problems,19.0,False
#9Juan MartínLucero,Thigh problems,2022-08-22,14.0,Fortaleza Ec,38.0,2.0,muscular problems,19.0,False
#88Lucas Sasha,Forearm fracture,2025-05-18,30.0,Fortaleza Ec,107.0,2.0,Calf injury,53.5,True
#88Lucas Sasha,Calf injury,2024-09-18,65.0,Fortaleza Ec,107.0,2.0,Calf injury,53.5,True
#88Lucas Sasha,Inner ligament stretch of the knee,2024-04-29,42.0,Fortaleza Ec,107.0,2.0,Calf injury,53.5,True
#88Lucas Sasha,Broken jaw,2018-08-09,37.0,Fortaleza Ec,107.0,2.0,Calf injury,53.5,True
#82Luquinhas,Groin injury,2023-04-06,51.0,Fortaleza Ec,51.0,1.0,Groin injury,51.0,False
#11Marinho,Thigh problems,2025-04-17,12.0,Fortaleza Ec,83.0,4.0,Thigh problems,20.75,True
#11Marinho,Thigh problems,2024-08-15,27.0,Fortaleza Ec,83.0,4.0,Thigh problems,20.75,True
#11Marinho,Muscle injury,2024-07-18,6.0,Fortaleza Ec,83.0,4.0,Thigh problems,20.75,True
#11Marinho,Hamstring injury,2024-05-24,40.0,Fortaleza Ec,83.0,4.0,Thigh problems,20.75,True
#11Marinho,Corona virus,2021-02-25,10.0,Fortaleza Ec,83.0,4.0,Thigh problems,20.75,True
#80MatheusPereira,Corona virus,2022-01-01,8.0,Fortaleza Ec,8.0,1.0,Corona virus,8.0,False
#80MatheusPereira,unknown injury,2018-12-24,31.0,Fortaleza Ec,8.0,1.0,Corona virus,8.0,False
#20MatheusRossetto,Calf injury,2025-05-18,30.0,Fortaleza Ec,143.0,6.0,Muscle injury,23.83333333333333,True
#20MatheusRossetto,Calf injury,2025-01-22,16.0,Fortaleza Ec,143.0,6.0,Muscle injury,23.83333333333333,True
#20MatheusRossetto,Calf injury,2024-08-18,30.0,Fortaleza Ec,143.0,6.0,Muscle injury,23.83333333333333,True
#20MatheusRossetto,Thigh problems,2024-06-17,13.0,Fortaleza Ec,143.0,6.0,Muscle injury,23.83333333333333,True
#20MatheusRossetto,Hamstring injury,2024-03-28,30.0,Fortaleza Ec,143.0,6.0,Muscle injury,23.83333333333333,True
#20MatheusRossetto,Muscle injury,2023-03-08,15.0,Fortaleza Ec,143.0,6.0,Muscle injury,23.83333333333333,True
#20MatheusRossetto,Muscle injury,2022-04-04,25.0,Fortaleza Ec,143.0,6.0,Muscle injury,23.83333333333333,True
#20MatheusRossetto,Quarantine,2021-04-01,30.0,Fortaleza Ec,143.0,6.0,Muscle injury,23.83333333333333,True
#21Moisés,Thigh problems,2025-04-14,64.0,Fortaleza Ec,122.0,4.0,Thigh problems,30.5,True
#21Moisés,Thigh problems,2024-09-15,19.0,Fortaleza Ec,122.0,4.0,Thigh problems,30.5,True
#21Moisés,Thigh problems,2024-06-10,27.0,Fortaleza Ec,122.0,4.0,Thigh problems,30.5,True
#21Moisés,Foot bruise,2023-05-10,7.0,Fortaleza Ec,122.0,4.0,Thigh problems,30.5,True
#21Moisés,Metatarsal fracture,2023-01-14,69.0,Fortaleza Ec,122.0,4.0,Thigh problems,30.5,True
#28Pedro Augusto,Inflammation of pubic bone,2024-11-01,83.0,Fortaleza Ec,102.0,2.0,Inflammation of pubic bone,51.0,True
#28Pedro Augusto,Elbow injury,2024-03-15,19.0,Fortaleza Ec,102.0,2.0,Inflammation of pubic bone,51.0,True
Pol Fernández,ankle sprain,2024-02-15,41.0,Fortaleza Ec,60.0,3.0,ankle sprain,20.0,True
Pol Fernández,Thigh problems,2023-05-25,11.0,Fortaleza Ec,60.0,3.0,ankle sprain,20.0,True
Pol Fernández,Calf problems,2022-03-31,8.0,Fortaleza Ec,60.0,3.0,ankle sprain,20.0,True
#29Rodrigo Santos,Fitness,2025-04-09,53.0,Fortaleza Ec,,,,,
#2Tinga,ankle sprain,2025-04-27,13.0,Fortaleza Ec,36.0,2.0,Calf injury,18.0,False
#2Tinga,Calf problems,2025-03-30,21.0,Fortaleza Ec,36.0,2.0,Calf injury,18.0,False
#2Tinga,Calf injury,2025-03-23,6.0,Fortaleza Ec,36.0,2.0,Calf injury,18.0,False
#2Tinga,Calf injury,2024-07-25,20.0,Fortaleza Ec,36.0,2.0,Calf injury,18.0,False
#2Tinga,Hamstring injury,2024-03-21,16.0,Fortaleza Ec,36.0,2.0,Calf injury,18.0,False
#3TomásCardona,unknown injury,2025-03-25,18.0,Fortaleza Ec,98.0,3.0,Thigh problems,32.666666666666664,True
#3TomásCardona,Thigh problems,2024-10-05,48.0,Fortaleza Ec,98.0,3.0,Thigh problems,32.666666666666664,True
#3TomásCardona,Thigh problems,2024-04-12,39.0,Fortaleza Ec,98.0,3.0,Thigh problems,32.666666666666664,True
#3TomásCardona,muscular problems,2023-09-13,11.0,Fortaleza Ec,98.0,3.0,Thigh problems,32.666666666666664,True
#7TomásPochettino,Tendonitis,2025-04-02,24.0,Fortaleza Ec,27.0,3.0,muscular problems,9.0,True
#7TomásPochettino,muscular problems,2024-07-25,16.0,Fortaleza Ec,27.0,3.0,muscular problems,9.0,True
#7TomásPochettino,flu,2022-08-29,5.0,Fortaleza Ec,27.0,3.0,muscular problems,9.0,True
#7TomásPochettino,Corona virus,2022-05-18,6.0,Fortaleza Ec,27.0,3.0,muscular problems,9.0,True
#22YagoPikachu,Gunshot wound,2019-07-30,12.0,Fortaleza Ec,,,,,
#17Zé Welison,Thigh problems,2025-05-07,14.0,Fortaleza Ec,25.0,1.0,Hamstring injury,25.0,False
#17Zé Welison,Hamstring injury,2024-06-29,25.0,Fortaleza Ec,25.0,1.0,Hamstring injury,25.0,False
#17Zé Welison,Cruciate ligament tear,2015-02-21,182.0,Fortaleza Ec,25.0,1.0,Hamstring injury,25.0,False
Alex Santana,Hamstring injury,2024-08-05,76.0,Gremio Fbpa,232.0,11.0,minor knock,21.09090909090909,True
Alex Santana,Knee injury,2024-01-28,42.0,Gremio Fbpa,232.0,11.0,minor knock,21.09090909090909,True
Alex Santana,Muscle injury,2022-04-28,27.0,Gremio Fbpa,232.0,11.0,minor knock,21.09090909090909,True
Alex Santana,minor knock,2021-12-11,3.0,Gremio Fbpa,232.0,11.0,minor knock,21.09090909090909,True
Alex Santana,unknown injury,2021-10-31,41.0,Gremio Fbpa,232.0,11.0,minor knock,21.09090909090909,True
Alex Santana,Rest,2021-07-31,1.0,Gremio Fbpa,232.0,11.0,minor knock,21.09090909090909,True
Alex Santana,minor knock,2021-07-30,3.0,Gremio Fbpa,232.0,11.0,minor knock,21.09090909090909,True
Alex Santana,unknown injury,2021-06-06,25.0,Gremio Fbpa,232.0,11.0,minor knock,21.09090909090909,True
Alex Santana,minor knock,2021-05-25,3.0,Gremio Fbpa,232.0,11.0,minor knock,21.09090909090909,True
Alex Santana,Knock,2021-04-17,3.0,Gremio Fbpa,232.0,11.0,minor knock,21.09090909090909,True
Alex Santana,minor knock,2021-02-14,8.0,Gremio Fbpa,232.0,11.0,minor knock,21.09090909090909,True
Alex Santana,Knock,2020-11-27,4.0,Gremio Fbpa,232.0,11.0,minor knock,21.09090909090909,True
Alex Santana,Knock,2020-05-19,217.0,Gremio Fbpa,232.0,11.0,minor knock,21.09090909090909,True
Alex Santana,minor knock,2019-12-07,4.0,Gremio Fbpa,232.0,11.0,minor knock,21.09090909090909,True
Alex Santana,Muscle injury,2019-09-20,35.0,Gremio Fbpa,232.0,11.0,minor knock,21.09090909090909,True
#16AlexanderAravena,Knock,2025-06-02,15.0,Gremio Fbpa,33.0,3.0,muscular problems,11.0,True
#16AlexanderAravena,muscular problems,2025-04-28,15.0,Gremio Fbpa,33.0,3.0,muscular problems,11.0,True
#16AlexanderAravena,Thigh problems,2025-02-20,26.0,Gremio Fbpa,33.0,3.0,muscular problems,11.0,True
#16AlexanderAravena,muscular problems,2024-12-05,5.0,Gremio Fbpa,33.0,3.0,muscular problems,11.0,True
#16AlexanderAravena,muscular problems,2023-04-21,15.0,Gremio Fbpa,33.0,3.0,muscular problems,11.0,True
#16AlexanderAravena,Muscle contusion,2021-01-07,13.0,Gremio Fbpa,33.0,3.0,muscular problems,11.0,True
#16AlexanderAravena,Hamstring strain,2020-12-19,12.0,Gremio Fbpa,33.0,3.0,muscular problems,11.0,True
#77André Henrique,Injury to the ankle,2024-03-29,299.0,Gremio Fbpa,299.0,1.0,Injury to the ankle,299.0,True
#15Camilo,Injury to the ankle,2022-10-07,24.0,Gremio Fbpa,24.0,1.0,Injury to the ankle,24.0,False
#99CristianOlivera,Stomach flu,2025-05-13,8.0,Gremio Fbpa,44.0,4.0,Hamstring strain,11.0,True
#99CristianOlivera,Dental surgery,2025-04-09,10.0,Gremio Fbpa,44.0,4.0,Hamstring strain,11.0,True
#99CristianOlivera,muscular problems,2025-04-03,5.0,Gremio Fbpa,44.0,4.0,Hamstring strain,11.0,True
#99CristianOlivera,Hamstring strain,2023-03-28,9.0,Gremio Fbpa,44.0,4.0,Hamstring strain,11.0,True
#99CristianOlivera,Quarantine,2022-02-26,10.0,Gremio Fbpa,44.0,4.0,Hamstring strain,11.0,True
#99CristianOlivera,stomach problems,2021-07-07,21.0,Gremio Fbpa,44.0,4.0,Hamstring strain,11.0,True
#99CristianOlivera,influenza,2021-05-16,4.0,Gremio Fbpa,44.0,4.0,Hamstring strain,11.0,True
#99CristianOlivera,unknown injury,2020-10-14,6.0,Gremio Fbpa,44.0,4.0,Hamstring strain,11.0,True
#7CristianPavón,muscular problems,2025-04-17,30.0,Gremio Fbpa,211.0,6.0,Hamstring injury,35.166666666666664,True
#7CristianPavón,Thigh problems,2025-02-14,15.0,Gremio Fbpa,211.0,6.0,Hamstring injury,35.166666666666664,True
#7CristianPavón,Hamstring injury,2024-08-24,46.0,Gremio Fbpa,211.0,6.0,Hamstring injury,35.166666666666664,True
#7CristianPavón,Hamstring injury,2024-04-19,50.0,Gremio Fbpa,211.0,6.0,Hamstring injury,35.166666666666664,True
#7CristianPavón,Hamstring injury,2023-01-19,12.0,Gremio Fbpa,211.0,6.0,Hamstring injury,35.166666666666664,True
#7CristianPavón,Quarantine,2021-07-22,8.0,Gremio Fbpa,211.0,6.0,Hamstring injury,35.166666666666664,True
#7CristianPavón,Fitness,2021-04-01,23.0,Gremio Fbpa,211.0,6.0,Hamstring injury,35.166666666666664,True
#7CristianPavón,Ankle injury,2021-01-19,72.0,Gremio Fbpa,211.0,6.0,Hamstring injury,35.166666666666664,True
#7CristianPavón,Torn muscle bundle,2019-02-22,34.0,Gremio Fbpa,211.0,6.0,Hamstring injury,35.166666666666664,True
#7CristianPavón,Torn muscle bundle,2018-11-12,23.0,Gremio Fbpa,211.0,6.0,Hamstring injury,35.166666666666664,True
#7CristianPavón,Thigh problems,2018-10-09,14.0,Gremio Fbpa,211.0,6.0,Hamstring injury,35.166666666666664,True
#7CristianPavón,Knee injury,2016-02-07,39.0,Gremio Fbpa,211.0,6.0,Hamstring injury,35.166666666666664,True
#17Dodi,Injury to the ankle,2025-05-05,5.0,Gremio Fbpa,,,,,
#8Edenilson,Thigh problems,2025-05-06,42.0,Gremio Fbpa,,,,,
#20FelipeCarballo,Abdominal problems,2025-05-20,28.0,Gremio Fbpa,232.0,7.0,Appendectomy,33.142857142857146,True
#20FelipeCarballo,Appendectomy,2024-12-03,18.0,Gremio Fbpa,232.0,7.0,Appendectomy,33.142857142857146,True
#20FelipeCarballo,Appendicitis,2024-12-01,2.0,Gremio Fbpa,232.0,7.0,Appendectomy,33.142857142857146,True
#20FelipeCarballo,Muscle injury,2024-07-05,12.0,Gremio Fbpa,232.0,7.0,Appendectomy,33.142857142857146,True
#20FelipeCarballo,surgery,2023-12-21,128.0,Gremio Fbpa,232.0,7.0,Appendectomy,33.142857142857146,True
#20FelipeCarballo,Knee injury,2023-09-16,13.0,Gremio Fbpa,232.0,7.0,Appendectomy,33.142857142857146,True
#20FelipeCarballo,Head injury,2021-05-14,55.0,Gremio Fbpa,232.0,7.0,Appendectomy,33.142857142857146,True
#20FelipeCarballo,strain,2021-02-11,4.0,Gremio Fbpa,232.0,7.0,Appendectomy,33.142857142857146,True
#20FelipeCarballo,Contracture,2020-10-16,5.0,Gremio Fbpa,232.0,7.0,Appendectomy,33.142857142857146,True
#20FelipeCarballo,Knock,2019-05-20,9.0,Gremio Fbpa,232.0,7.0,Appendectomy,33.142857142857146,True
#20FelipeCarballo,Ankle injury,2018-03-01,93.0,Gremio Fbpa,232.0,7.0,Appendectomy,33.142857142857146,True
#20FelipeCarballo,Ankle injury,2017-09-17,31.0,Gremio Fbpa,232.0,7.0,Appendectomy,33.142857142857146,True
#20FelipeCarballo,Ankle injury,2017-04-16,25.0,Gremio Fbpa,232.0,7.0,Appendectomy,33.142857142857146,True
#9FrancisAmuzu,muscular problems,2025-04-17,23.0,Gremio Fbpa,220.0,11.0,Hamstring injury,20.0,True
#9FrancisAmuzu,Head injury,2025-04-06,7.0,Gremio Fbpa,220.0,11.0,Hamstring injury,20.0,True
#9FrancisAmuzu,muscular problems,2025-02-23,13.0,Gremio Fbpa,220.0,11.0,Hamstring injury,20.0,True
#9FrancisAmuzu,concussion,2025-01-12,10.0,Gremio Fbpa,220.0,11.0,Hamstring injury,20.0,True
#9FrancisAmuzu,Hamstring injury,2024-09-26,20.0,Gremio Fbpa,220.0,11.0,Hamstring injury,20.0,True
#9FrancisAmuzu,Hamstring injury,2024-08-17,11.0,Gremio Fbpa,220.0,11.0,Hamstring injury,20.0,True
#9FrancisAmuzu,Ankle injury,2024-07-20,19.0,Gremio Fbpa,220.0,11.0,Hamstring injury,20.0,True
#9FrancisAmuzu,Ill,2024-05-24,5.0,Gremio Fbpa,220.0,11.0,Hamstring injury,20.0,True
#9FrancisAmuzu,Pubalgia,2023-12-12,98.0,Gremio Fbpa,220.0,11.0,Hamstring injury,20.0,True
#9FrancisAmuzu,Pubalgia,2023-11-10,29.0,Gremio Fbpa,220.0,11.0,Hamstring injury,20.0,True
#9FrancisAmuzu,Hip injury,2023-09-24,12.0,Gremio Fbpa,220.0,11.0,Hamstring injury,20.0,True
#9FrancisAmuzu,Muscle injury,2023-02-12,7.0,Gremio Fbpa,220.0,11.0,Hamstring injury,20.0,True
#9FrancisAmuzu,Hamstring injury,2022-09-20,10.0,Gremio Fbpa,220.0,11.0,Hamstring injury,20.0,True
#9FrancisAmuzu,Ill,2022-09-02,5.0,Gremio Fbpa,220.0,11.0,Hamstring injury,20.0,True
#9FrancisAmuzu,Ill,2022-02-26,4.0,Gremio Fbpa,220.0,11.0,Hamstring injury,20.0,True
#10FrancoCristaldo,Muscle injury,2024-07-12,16.0,Gremio Fbpa,36.0,2.0,Muscle injury,18.0,False
#10FrancoCristaldo,Adductor injury,2023-07-26,20.0,Gremio Fbpa,36.0,2.0,Muscle injury,18.0,False
#10FrancoCristaldo,Muscle injury,2016-03-22,14.0,Gremio Fbpa,36.0,2.0,Muscle injury,18.0,False
#6GustavoCuéllar,muscular problems,2025-05-08,40.0,Gremio Fbpa,,,,,
#6GustavoCuéllar,muscular problems,2025-03-17,27.0,Gremio Fbpa,,,,,
#6GustavoCuéllar,Hamstring injury,2025-03-02,14.0,Gremio Fbpa,,,,,
#53Gustavo Martins,Knee injury,2025-04-20,35.0,Gremio Fbpa,107.0,4.0,Thigh problems,26.75,True
#53Gustavo Martins,Thigh problems,2024-10-05,46.0,Gremio Fbpa,107.0,4.0,Thigh problems,26.75,True
#53Gustavo Martins,muscular problems,2024-07-11,20.0,Gremio Fbpa,107.0,4.0,Thigh problems,26.75,True
#53Gustavo Martins,Groin injury,2024-06-27,10.0,Gremio Fbpa,107.0,4.0,Thigh problems,26.75,True
#53Gustavo Martins,Hamstring injury,2024-05-01,31.0,Gremio Fbpa,107.0,4.0,Thigh problems,26.75,True
#39GustavoNunes,Fitness,2025-03-19,22.0,Gremio Fbpa,204.0,1.0,Back injury,204.0,True
#39GustavoNunes,Back injury,2024-08-28,204.0,Gremio Fbpa,204.0,1.0,Back injury,204.0,True
#34Igor Serrote,Wrist fracture,2025-05-13,35.0,Gremio Fbpa,,,,,
#21Jemerson,muscular problems,2024-09-23,16.0,Gremio Fbpa,63.0,4.0,muscular problems,15.75,True
#21Jemerson,Fitness,2024-07-09,19.0,Gremio Fbpa,63.0,4.0,muscular problems,15.75,True
#21Jemerson,Wrist injury,2024-04-16,4.0,Gremio Fbpa,63.0,4.0,muscular problems,15.75,True
#21Jemerson,Inner ligament stretch of the knee,2021-01-23,24.0,Gremio Fbpa,63.0,4.0,muscular problems,15.75,True
#21Jemerson,Corona virus,2020-11-20,17.0,Gremio Fbpa,63.0,4.0,muscular problems,15.75,True
#21Jemerson,Thigh problems,2018-01-13,15.0,Gremio Fbpa,63.0,4.0,muscular problems,15.75,True
#2João Lucas,muscular problems,2025-05-13,35.0,Gremio Fbpa,46.0,2.0,Hamstring injury,23.0,False
#2João Lucas,Hamstring injury,2024-07-28,27.0,Gremio Fbpa,46.0,2.0,Hamstring injury,23.0,False
#2João Lucas,Knock,2022-10-07,19.0,Gremio Fbpa,46.0,2.0,Hamstring injury,23.0,False
#18João Pedro,Ankle surgery,2025-05-26,22.0,Gremio Fbpa,24.0,1.0,muscular problems,24.0,False
#18João Pedro,muscular problems,2023-04-29,24.0,Gremio Fbpa,24.0,1.0,muscular problems,24.0,False
#18João Pedro,unknown injury,2018-12-23,36.0,Gremio Fbpa,24.0,1.0,muscular problems,24.0,False
#30LuanCândido,ankle sprain,2024-08-26,54.0,Gremio Fbpa,348.0,4.0,ankle sprain,87.0,True
#30LuanCândido,Leg injury,2023-02-27,120.0,Gremio Fbpa,348.0,4.0,ankle sprain,87.0,True
#25Lucas Esteves,Thigh problems,2023-02-26,47.0,Gremio Fbpa,94.0,2.0,Thigh problems,47.0,True
#23Marlon,Chest injury,2024-07-08,14.0,Gremio Fbpa,162.0,8.0,Chest injury,20.25,True
#23Marlon,Tear of the lateral meniscus,2022-10-23,41.0,Gremio Fbpa,162.0,8.0,Chest injury,20.25,True
#23Marlon,unknown injury,2022-09-30,15.0,Gremio Fbpa,162.0,8.0,Chest injury,20.25,True
#23Marlon,Corona virus,2021-02-17,11.0,Gremio Fbpa,162.0,8.0,Chest injury,20.25,True
#23Marlon,Hamstring injury,2020-09-08,15.0,Gremio Fbpa,162.0,8.0,Chest injury,20.25,True
#23Marlon,Knee injury,2019-12-07,24.0,Gremio Fbpa,162.0,8.0,Chest injury,20.25,True
#22MartinBraithwaite,ankle sprain,2025-04-03,5.0,Gremio Fbpa,190.0,6.0,Muscle injury,31.666666666666668,True
#22MartinBraithwaite,Adductor injury,2025-03-17,16.0,Gremio Fbpa,190.0,6.0,Muscle injury,31.666666666666668,True
#22MartinBraithwaite,Muscle injury,2023-08-26,9.0,Gremio Fbpa,190.0,6.0,Muscle injury,31.666666666666668,True
#22MartinBraithwaite,Dead leg,2023-05-18,6.0,Gremio Fbpa,190.0,6.0,Muscle injury,31.666666666666668,True
#22MartinBraithwaite,Corona virus,2022-04-29,8.0,Gremio Fbpa,190.0,6.0,Muscle injury,31.666666666666668,True
#22MartinBraithwaite,Knee injury,2021-08-30,144.0,Gremio Fbpa,190.0,6.0,Muscle injury,31.666666666666668,True
#22MartinBraithwaite,Ankle injury,2021-04-20,15.0,Gremio Fbpa,190.0,6.0,Muscle injury,31.666666666666668,True
#22MartinBraithwaite,Hamstring injury,2021-02-09,8.0,Gremio Fbpa,190.0,6.0,Muscle injury,31.666666666666668,True
#22MartinBraithwaite,Quarantine,2020-11-10,4.0,Gremio Fbpa,190.0,6.0,Muscle injury,31.666666666666668,True
#22MartinBraithwaite,Muscle injury,2020-09-20,11.0,Gremio Fbpa,190.0,6.0,Muscle injury,31.666666666666668,True
#22MartinBraithwaite,Adductor pain,2015-12-06,12.0,Gremio Fbpa,190.0,6.0,Muscle injury,31.666666666666668,True
#22MartinBraithwaite,Broken fibula,2011-03-20,103.0,Gremio Fbpa,190.0,6.0,Muscle injury,31.666666666666668,True
#20MathíasVillasanti,Hamstring injury,2025-04-28,19.0,Gremio Fbpa,,,,,
#19MatíasArezo,muscular problems,2025-04-20,14.0,Gremio Fbpa,27.0,4.0,muscular problems,6.75,True
#19MatíasArezo,muscular problems,2023-07-01,10.0,Gremio Fbpa,27.0,4.0,muscular problems,6.75,True
#19MatíasArezo,Sore muscles,2023-06-30,4.0,Gremio Fbpa,27.0,4.0,muscular problems,6.75,True
#19MatíasArezo,Muscle injury,2023-03-14,9.0,Gremio Fbpa,27.0,4.0,muscular problems,6.75,True
#19MatíasArezo,unknown injury,2021-02-02,4.0,Gremio Fbpa,27.0,4.0,muscular problems,6.75,True
#19MatíasArezo,Muscle injury,2020-11-13,11.0,Gremio Fbpa,27.0,4.0,muscular problems,6.75,True
#11MiguelMonsalve,Muscle injury,2025-05-21,27.0,Gremio Fbpa,,,,,
#16Nathan Fernandes,Thigh problems,2025-02-08,84.0,Gremio Fbpa,64.0,4.0,Dead leg,16.0,True
#16Nathan Fernandes,Dead leg,2024-09-14,14.0,Gremio Fbpa,64.0,4.0,Dead leg,16.0,True
#16Nathan Fernandes,ankle sprain,2024-02-07,18.0,Gremio Fbpa,64.0,4.0,Dead leg,16.0,True
#14Nathan,Knee injury,2017-01-01,19.0,Gremio Fbpa,,,,,
#14Nathan,Back injury,2016-04-04,59.0,Gremio Fbpa,,,,,
#14Nathan,Knee injury,2015-11-19,44.0,Gremio Fbpa,,,,,
#6Pepê,sprain,2025-04-28,20.0,Gremio Fbpa,140.0,4.0,Hamstring injury,35.0,True
#6Pepê,Hamstring injury,2024-04-09,14.0,Gremio Fbpa,140.0,4.0,Hamstring injury,35.0,True
#6Pepê,muscular problems,2022-11-07,56.0,Gremio Fbpa,140.0,4.0,Hamstring injury,35.0,True
#5RodrigoEly,Cruciate ligament tear,2025-04-14,64.0,Gremio Fbpa,199.0,5.0,Foot injury,39.8,True
#5RodrigoEly,Hamstring injury,2025-02-23,21.0,Gremio Fbpa,199.0,5.0,Foot injury,39.8,True
#5RodrigoEly,Foot injury,2025-01-23,9.0,Gremio Fbpa,199.0,5.0,Foot injury,39.8,True
#5RodrigoEly,Foot injury,2024-11-27,56.0,Gremio Fbpa,199.0,5.0,Foot injury,39.8,True
#5RodrigoEly,Thigh problems,2024-08-26,44.0,Gremio Fbpa,199.0,5.0,Foot injury,39.8,True
#5RodrigoEly,Muscle injury,2024-07-07,7.0,Gremio Fbpa,199.0,5.0,Foot injury,39.8,True
#5RodrigoEly,Hamstring injury,2023-09-25,60.0,Gremio Fbpa,199.0,5.0,Foot injury,39.8,True
#5RodrigoEly,muscular problems,2021-11-01,32.0,Gremio Fbpa,199.0,5.0,Foot injury,39.8,True
#5RodrigoEly,Cruciate ligament tear,2020-12-21,192.0,Gremio Fbpa,199.0,5.0,Foot injury,39.8,True
#5RodrigoEly,Hamstring injury,2019-10-06,47.0,Gremio Fbpa,199.0,5.0,Foot injury,39.8,True
#5RodrigoEly,Muscle injury,2019-04-24,18.0,Gremio Fbpa,199.0,5.0,Foot injury,39.8,True
#5RodrigoEly,Knee injury,2018-10-30,123.0,Gremio Fbpa,199.0,5.0,Foot injury,39.8,True
#5RodrigoEly,Cruciate ligament tear,2018-08-10,57.0,Gremio Fbpa,199.0,5.0,Foot injury,39.8,True
#5RodrigoEly,muscular problems,2017-12-05,29.0,Gremio Fbpa,199.0,5.0,Foot injury,39.8,True
#5RodrigoEly,muscular problems,2017-05-08,18.0,Gremio Fbpa,199.0,5.0,Foot injury,39.8,True
#3Wagner Leonardo,muscular problems,2025-04-20,7.0,Gremio Fbpa,16.0,2.0,Corona virus,8.0,False
#3Wagner Leonardo,Corona virus,2021-01-10,8.0,Gremio Fbpa,16.0,2.0,Corona virus,8.0,False
#4WalterKannemann,Hip flexor problems,2024-10-05,193.0,Gremio Fbpa,332.0,5.0,Hip flexor problems,66.4,True
#4WalterKannemann,muscular problems,2024-08-24,8.0,Gremio Fbpa,332.0,5.0,Hip flexor problems,66.4,True
#4WalterKannemann,Knock,2024-04-14,6.0,Gremio Fbpa,332.0,5.0,Hip flexor problems,66.4,True
#4WalterKannemann,Broken hand,2023-07-26,27.0,Gremio Fbpa,332.0,5.0,Hip flexor problems,66.4,True
#4WalterKannemann,unknown injury,2022-06-20,98.0,Gremio Fbpa,332.0,5.0,Hip flexor problems,66.4,True
#23Alex Muralha,Leg injury,2025-05-06,18.0,Mirassol Fc,,,,,
Da Silva,Inner ligament stretch of the knee,2022-06-22,193.0,Mirassol Fc,193.0,1.0,Inner ligament stretch of the knee,193.0,True
#20Daniel Borges,Bone edema,2022-09-06,38.0,Mirassol Fc,38.0,1.0,Bone edema,38.0,False
#14David Braz,unknown injury,2025-03-03,106.0,Mirassol Fc,,,,,
#95Edson Carioca,Muscle injury,2024-11-27,49.0,Mirassol Fc,174.0,4.0,Muscle injury,43.5,True
#95Edson Carioca,Muscle injury,2024-11-10,13.0,Mirassol Fc,174.0,4.0,Muscle injury,43.5,True
#95Edson Carioca,Knee injury,2024-05-30,63.0,Mirassol Fc,174.0,4.0,Muscle injury,43.5,True
#95Edson Carioca,Muscle injury,2024-04-11,49.0,Mirassol Fc,174.0,4.0,Muscle injury,43.5,True
#70Fabrício Daniel,muscular problems,2022-10-22,9.0,Mirassol Fc,9.0,1.0,muscular problems,9.0,False
#27Gabriel,Muscle injury,2025-04-17,9.0,Mirassol Fc,,,,,
#27Gabriel,unknown injury,2025-03-03,34.0,Mirassol Fc,,,,,
#27Gabriel,Muscle injury,2018-09-07,19.0,Mirassol Fc,,,,,
#27Gabriel,Hamstring injury,2018-04-26,5.0,Mirassol Fc,,,,,
Iury Castilho,unknown injury,2024-06-02,45.0,Mirassol Fc,122.0,4.0,unknown injury,30.5,True
Iury Castilho,Hamstring injury,2024-04-26,16.0,Mirassol Fc,122.0,4.0,unknown injury,30.5,True
Iury Castilho,Adductor injury,2019-09-11,9.0,Mirassol Fc,122.0,4.0,unknown injury,30.5,True
#9Léo Gamalho,unknown injury,2025-03-03,106.0,Mirassol Fc,81.0,1.0,Knee injury,81.0,True
#9Léo Gamalho,Knee injury,2024-01-06,81.0,Mirassol Fc,81.0,1.0,Knee injury,81.0,True
#9Léo Gamalho,Muscle injury,2019-08-01,9.0,Mirassol Fc,81.0,1.0,Knee injury,81.0,True
#77LucasSilva,unknown injury,2020-10-28,56.0,Mirassol Fc,,,,,
#13Luiz Filipe,Cruciate ligament injury,2022-04-28,248.0,Mirassol Fc,248.0,1.0,Cruciate ligament injury,248.0,True
#4Luiz Otávio,unknown injury,2025-03-03,82.0,Mirassol Fc,32.0,1.0,Thigh problems,32.0,False
#4Luiz Otávio,Calf injury,2025-01-15,46.0,Mirassol Fc,32.0,1.0,Thigh problems,32.0,False
#4Luiz Otávio,Thigh problems,2022-08-30,32.0,Mirassol Fc,32.0,1.0,Thigh problems,32.0,False
#18Matheus Bianqui,unknown injury,2025-02-28,44.0,Mirassol Fc,,,,,
Matheus Davó,Cruciate ligament injury,2023-11-25,258.0,Mirassol Fc,774.0,3.0,Cruciate ligament injury,258.0,True
Matheus Sales,unknown injury,2025-02-05,132.0,Mirassol Fc,,,,,
Matheus Sales,Knee injury,2020-12-26,93.0,Mirassol Fc,,,,,
#11Negueba,unknown injury,2025-02-24,51.0,Mirassol Fc,,,,,
#25Neto Moura,Bruise on ankle,2022-09-25,98.0,Mirassol Fc,98.0,1.0,Bruise on ankle,98.0,True
#12Rafa Silva,Thigh problems,2024-10-27,233.0,Mirassol Fc,564.0,6.0,Thigh problems,94.0,True
#12Rafa Silva,Patellar tendon problems,2024-08-14,70.0,Mirassol Fc,564.0,6.0,Thigh problems,94.0,True
#12Rafa Silva,Hamstring injury,2024-06-16,55.0,Mirassol Fc,564.0,6.0,Thigh problems,94.0,True
#12Rafa Silva,Fitness,2024-02-03,39.0,Mirassol Fc,564.0,6.0,Thigh problems,94.0,True
#12Rafa Silva,unknown injury,2023-10-23,19.0,Mirassol Fc,564.0,6.0,Thigh problems,94.0,True
#12Rafa Silva,Knee injury,2022-10-11,148.0,Mirassol Fc,564.0,6.0,Thigh problems,94.0,True
#12Rafa Silva,Knee injury,2020-08-14,171.0,Mirassol Fc,564.0,6.0,Thigh problems,94.0,True
#12Rafa Silva,Groin strain,2017-05-14,35.0,Mirassol Fc,564.0,6.0,Thigh problems,94.0,True
#6Reinaldo,Ligament injury,2024-03-06,84.0,Mirassol Fc,109.0,2.0,Ligament injury,54.5,True
#6Reinaldo,Hamstring injury,2022-07-10,25.0,Mirassol Fc,109.0,2.0,Ligament injury,54.5,True
#6Reinaldo,Hamstring injury,2015-06-15,20.0,Mirassol Fc,109.0,2.0,Ligament injury,54.5,True
#5Roni,unknown injury,2025-03-03,41.0,Mirassol Fc,25.0,1.0,Hamstring injury,25.0,False
#5Roni,Inflammation in the knee,2025-01-20,19.0,Mirassol Fc,25.0,1.0,Hamstring injury,25.0,False
#5Roni,Hamstring injury,2024-08-07,25.0,Mirassol Fc,25.0,1.0,Hamstring injury,25.0,False
#22Walter,unknown injury,2025-02-04,61.0,Mirassol Fc,39.0,1.0,Muscle injury,39.0,False
#22Walter,Muscle injury,2022-09-06,39.0,Mirassol Fc,39.0,1.0,Muscle injury,39.0,False
#22Walter,Hamstring injury,2017-11-09,117.0,Mirassol Fc,39.0,1.0,Muscle injury,39.0,False
#41Yago Felipe,muscular problems,2023-05-19,44.0,Mirassol Fc,88.0,2.0,muscular problems,44.0,True
#88Zé Vitor,unknown injury,2025-03-17,68.0,Mirassol Fc,,,,,
#32AgustínSant'Anna,Hamstring injury,2025-05-19,29.0,Rb Bragantino,185.0,7.0,Hamstring strain,26.428571428571427,True
#32AgustínSant'Anna,Thigh problems,2025-02-21,54.0,Rb Bragantino,185.0,7.0,Hamstring strain,26.428571428571427,True
#32AgustínSant'Anna,Hamstring strain,2024-11-27,22.0,Rb Bragantino,185.0,7.0,Hamstring strain,26.428571428571427,True
#32AgustínSant'Anna,Knee problems,2024-10-04,43.0,Rb Bragantino,185.0,7.0,Hamstring strain,26.428571428571427,True
#32AgustínSant'Anna,Tear of the lateral meniscus,2024-07-10,59.0,Rb Bragantino,185.0,7.0,Hamstring strain,26.428571428571427,True
#32AgustínSant'Anna,Torn muscle bundle,2024-06-03,22.0,Rb Bragantino,185.0,7.0,Hamstring strain,26.428571428571427,True
#32AgustínSant'Anna,muscular problems,2023-10-05,23.0,Rb Bragantino,185.0,7.0,Hamstring strain,26.428571428571427,True
#32AgustínSant'Anna,unknown injury,2023-09-27,3.0,Rb Bragantino,185.0,7.0,Hamstring strain,26.428571428571427,True
#32AgustínSant'Anna,Corona virus,2021-01-16,13.0,Rb Bragantino,185.0,7.0,Hamstring strain,26.428571428571427,True
#32AgustínSant'Anna,Ankle injury,2017-05-23,15.0,Rb Bragantino,185.0,7.0,Hamstring strain,26.428571428571427,True
#32AgustínSant'Anna,Knock,2017-02-16,19.0,Rb Bragantino,185.0,7.0,Hamstring strain,26.428571428571427,True
#32AgustínSant'Anna,unknown injury,2016-05-16,19.0,Rb Bragantino,185.0,7.0,Hamstring strain,26.428571428571427,True
#32AgustínSant'Anna,Hamstring injury,2015-11-20,4.0,Rb Bragantino,185.0,7.0,Hamstring strain,26.428571428571427,True
#7Alerrandro,Muscle injury,2022-09-19,46.0,Rb Bragantino,46.0,1.0,Muscle injury,46.0,False
#7Alerrandro,Hamstring strain,2020-10-10,44.0,Rb Bragantino,46.0,1.0,Muscle injury,46.0,False
#1Cleiton,Virus,2025-04-17,10.0,Rb Bragantino,21.0,1.0,Hamstring injury,21.0,False
#1Cleiton,Hamstring injury,2024-08-04,21.0,Rb Bragantino,21.0,1.0,Hamstring injury,21.0,False
#39DouglasMendes,Hamstring injury,2025-05-19,24.0,Rb Bragantino,,,,,
#8EduardoSasha,ankle sprain,2025-02-21,38.0,Rb Bragantino,73.0,3.0,Hamstring injury,24.33333333333333,True
#8EduardoSasha,Hamstring injury,2024-07-18,20.0,Rb Bragantino,73.0,3.0,Hamstring injury,24.33333333333333,True
#8EduardoSasha,Hamstring injury,2024-05-11,24.0,Rb Bragantino,73.0,3.0,Hamstring injury,24.33333333333333,True
#8EduardoSasha,muscular problems,2022-11-03,29.0,Rb Bragantino,73.0,3.0,Hamstring injury,24.33333333333333,True
#8EduardoSasha,Ankle injury,2015-05-29,41.0,Rb Bragantino,73.0,3.0,Hamstring injury,24.33333333333333,True
#3Eduardo,Hamstring injury,2024-11-25,52.0,Rb Bragantino,405.0,6.0,Ill,67.5,True
#3Eduardo,pneumonia,2024-07-22,19.0,Rb Bragantino,405.0,6.0,Ill,67.5,True
#3Eduardo,Torn lateral knee ligament,2023-07-10,282.0,Rb Bragantino,405.0,6.0,Ill,67.5,True
#3Eduardo,Ill,2023-03-07,9.0,Rb Bragantino,405.0,6.0,Ill,67.5,True
#3Eduardo,Muscle injury,2022-09-26,33.0,Rb Bragantino,405.0,6.0,Ill,67.5,True
#3Eduardo,Ill,2022-09-05,10.0,Rb Bragantino,405.0,6.0,Ill,67.5,True
#3Eduardo,Ankle problems,2020-02-01,17.0,Rb Bragantino,405.0,6.0,Ill,67.5,True
#7Eric Ramires,Hamstring injury,2024-10-27,42.0,Rb Bragantino,247.0,4.0,Hamstring injury,61.75,True
#7Eric Ramires,Calf injury,2024-08-11,49.0,Rb Bragantino,247.0,4.0,Hamstring injury,61.75,True
#7Eric Ramires,Hamstring injury,2024-01-19,32.0,Rb Bragantino,247.0,4.0,Hamstring injury,61.75,True
#7Eric Ramires,Hamstring injury,2022-10-23,124.0,Rb Bragantino,247.0,4.0,Hamstring injury,61.75,True
#7Eric Ramires,Corona virus,2020-08-19,34.0,Rb Bragantino,247.0,4.0,Hamstring injury,61.75,True
#7Eric Ramires,unknown injury,2020-07-23,17.0,Rb Bragantino,247.0,4.0,Hamstring injury,61.75,True
#7Eric Ramires,Hamstring injury,2019-10-04,118.0,Rb Bragantino,247.0,4.0,Hamstring injury,61.75,True
#5Fabinho,Hamstring injury,2025-04-07,9.0,Rb Bragantino,,,,,
#11Fernando,Tendonitis,2025-03-03,106.0,Rb Bragantino,791.0,8.0,Adductor pain,98.875,True
#11Fernando,Hamstring injury,2024-04-07,314.0,Rb Bragantino,791.0,8.0,Adductor pain,98.875,True
#11Fernando,Adductor pain,2023-11-11,28.0,Rb Bragantino,791.0,8.0,Adductor pain,98.875,True
#11Fernando,Adductor pain,2023-09-02,67.0,Rb Bragantino,791.0,8.0,Adductor pain,98.875,True
#11Fernando,Thigh problems,2023-02-22,179.0,Rb Bragantino,791.0,8.0,Adductor pain,98.875,True
#11Fernando,Muscle injury,2022-09-14,109.0,Rb Bragantino,791.0,8.0,Adductor pain,98.875,True
#11Fernando,unknown injury,2021-11-27,10.0,Rb Bragantino,791.0,8.0,Adductor pain,98.875,True
#11Fernando,unknown injury,2021-09-17,28.0,Rb Bragantino,791.0,8.0,Adductor pain,98.875,True
#11Fernando,Knee injury,2021-07-06,56.0,Rb Bragantino,791.0,8.0,Adductor pain,98.875,True
#11Fernando,unknown injury,2020-10-16,21.0,Rb Bragantino,791.0,8.0,Adductor pain,98.875,True
#11Fernando,Knock,2019-09-01,89.0,Rb Bragantino,791.0,8.0,Adductor pain,98.875,True
#11Fernando,ankle sprain,2018-10-31,62.0,Rb Bragantino,791.0,8.0,Adductor pain,98.875,True
#6Gabriel,Torn knee ligaments,2022-10-02,281.0,Rb Bragantino,281.0,1.0,Torn knee ligaments,281.0,True
#6Gabriel,Cruciate ligament tear,2015-08-03,183.0,Rb Bragantino,281.0,1.0,Torn knee ligaments,281.0,True
#31Guilherme Lopes,Hamstring injury,2025-04-28,24.0,Rb Bragantino,,,,,
#22Gustavo Neves,Hamstring injury,2024-11-21,14.0,Rb Bragantino,14.0,1.0,Hamstring injury,14.0,False
#11Helinho,Hamstring injury,2024-10-17,23.0,Rb Bragantino,273.0,5.0,Hamstring injury,54.6,True
#11Helinho,Calf strain,2024-08-18,14.0,Rb Bragantino,273.0,5.0,Hamstring injury,54.6,True
#11Helinho,Foot injury,2024-04-02,26.0,Rb Bragantino,273.0,5.0,Hamstring injury,54.6,True
#11Helinho,Knee problems,2023-06-05,54.0,Rb Bragantino,273.0,5.0,Hamstring injury,54.6,True
#11Helinho,Inner ligament stretch of the knee,2022-11-06,156.0,Rb Bragantino,273.0,5.0,Hamstring injury,54.6,True
#30HenryMosquera,Hamstring injury,2025-05-06,42.0,Rb Bragantino,482.0,7.0,Knee injury,68.85714285714286,True
#30HenryMosquera,Thigh problems,2025-04-21,14.0,Rb Bragantino,482.0,7.0,Knee injury,68.85714285714286,True
#30HenryMosquera,Adductor injury,2024-10-20,20.0,Rb Bragantino,482.0,7.0,Knee injury,68.85714285714286,True
#30HenryMosquera,Hamstring injury,2024-02-18,52.0,Rb Bragantino,482.0,7.0,Knee injury,68.85714285714286,True
#30HenryMosquera,ankle sprain,2024-01-27,14.0,Rb Bragantino,482.0,7.0,Knee injury,68.85714285714286,True
#30HenryMosquera,Knee injury,2023-06-24,99.0,Rb Bragantino,482.0,7.0,Knee injury,68.85714285714286,True
#30HenryMosquera,Knee injury,2023-06-24,99.0,Rb Bragantino,482.0,7.0,Knee injury,68.85714285714286,True
#30HenryMosquera,Knee injury,2023-06-24,99.0,Rb Bragantino,482.0,7.0,Knee injury,68.85714285714286,True
#30HenryMosquera,Knee injury,2023-06-24,99.0,Rb Bragantino,482.0,7.0,Knee injury,68.85714285714286,True
#33IgnacioLaquintana,Ankle injury,2023-04-23,113.0,Rb Bragantino,124.0,2.0,Ankle injury,62.0,True
#33IgnacioLaquintana,Corona virus,2022-01-06,11.0,Rb Bragantino,124.0,2.0,Ankle injury,62.0,True
#9IsidroPitta,Injury to the ankle,2022-11-03,80.0,Rb Bragantino,160.0,2.0,Injury to the ankle,80.0,True
#21João Neto,unknown injury,2021-01-01,97.0,Rb Bragantino,97.0,1.0,unknown injury,97.0,True
#34José AndrésHurtado,Muscle fatigue,2025-05-06,12.0,Rb Bragantino,201.0,5.0,Hamstring injury,40.2,True
#34José AndrésHurtado,Thigh problems,2025-02-16,14.0,Rb Bragantino,201.0,5.0,Hamstring injury,40.2,True
#34José AndrésHurtado,Hamstring injury,2024-10-20,13.0,Rb Bragantino,201.0,5.0,Hamstring injury,40.2,True
#34José AndrésHurtado,Hamstring injury,2024-07-18,23.0,Rb Bragantino,201.0,5.0,Hamstring injury,40.2,True
#34José AndrésHurtado,Injury to the ankle,2024-04-25,33.0,Rb Bragantino,201.0,5.0,Hamstring injury,40.2,True
#34José AndrésHurtado,Adductor injury,2023-03-22,27.0,Rb Bragantino,201.0,5.0,Hamstring injury,40.2,True
#34José AndrésHurtado,unknown injury,2022-10-03,105.0,Rb Bragantino,201.0,5.0,Hamstring injury,40.2,True
#29JuninhoCapixaba,Hamstring injury,2025-06-01,16.0,Rb Bragantino,86.0,1.0,Knee injury,86.0,True
#29JuninhoCapixaba,Knee injury,2024-07-25,86.0,Rb Bragantino,86.0,1.0,Knee injury,86.0,True
#30LuanCândido,ankle sprain,2024-08-26,54.0,Rb Bragantino,348.0,4.0,ankle sprain,87.0,True
#30LuanCândido,Leg injury,2023-02-27,120.0,Rb Bragantino,348.0,4.0,ankle sprain,87.0,True
#40Lucão,ankle sprain,2025-04-21,52.0,Rb Bragantino,69.0,1.0,Hamstring injury,69.0,True
#40Lucão,Hamstring injury,2024-08-11,69.0,Rb Bragantino,69.0,1.0,Hamstring injury,69.0,True
#21Lucas Barbosa,Thigh problems,2025-01-17,44.0,Rb Bragantino,24.0,2.0,ankle sprain,12.0,False
#21Lucas Barbosa,ankle sprain,2024-10-21,12.0,Rb Bragantino,24.0,2.0,ankle sprain,12.0,False
#30LucasEvangelista,Hamstring injury,2025-04-07,13.0,Rb Bragantino,134.0,2.0,Hamstring injury,67.0,True
#30LucasEvangelista,Hamstring injury,2024-02-24,67.0,Rb Bragantino,134.0,2.0,Hamstring injury,67.0,True
#30LucasEvangelista,Muscle fatigue,2019-12-05,20.0,Rb Bragantino,134.0,2.0,Hamstring injury,67.0,True
#30LucasEvangelista,Inflammation in the knee,2017-02-18,30.0,Rb Bragantino,134.0,2.0,Hamstring injury,67.0,True
#30LucasEvangelista,Shoulder injury,2016-08-28,14.0,Rb Bragantino,134.0,2.0,Hamstring injury,67.0,True
#30LucasEvangelista,Abdominal problems,2016-02-05,15.0,Rb Bragantino,134.0,2.0,Hamstring injury,67.0,True
#30LucasEvangelista,surgery,2015-02-28,94.0,Rb Bragantino,134.0,2.0,Hamstring injury,67.0,True
#35Matheus Fernandes,Thigh problems,2025-04-07,9.0,Rb Bragantino,127.0,5.0,Muscle injury,25.4,True
#35Matheus Fernandes,Hamstring injury,2025-01-15,20.0,Rb Bragantino,127.0,5.0,Muscle injury,25.4,True
#35Matheus Fernandes,Hamstring injury,2024-08-01,45.0,Rb Bragantino,127.0,5.0,Muscle injury,25.4,True
#35Matheus Fernandes,Hamstring injury,2024-06-21,26.0,Rb Bragantino,127.0,5.0,Muscle injury,25.4,True
#35Matheus Fernandes,Muscle injury,2024-04-09,19.0,Rb Bragantino,127.0,5.0,Muscle injury,25.4,True
#35Matheus Fernandes,Muscle injury,2024-02-18,24.0,Rb Bragantino,127.0,5.0,Muscle injury,25.4,True
#35Matheus Fernandes,Muscle injury,2024-02-01,13.0,Rb Bragantino,127.0,5.0,Muscle injury,25.4,True
#35Matheus Fernandes,muscular problems,2020-09-14,43.0,Rb Bragantino,127.0,5.0,Muscle injury,25.4,True
#35Matheus Fernandes,Hamstring injury,2020-06-24,17.0,Rb Bragantino,127.0,5.0,Muscle injury,25.4,True
#45Nathan Mendes,Thigh problems,2024-10-20,218.0,Rb Bragantino,293.0,3.0,Thigh problems,97.66666666666669,True
#45Nathan Mendes,Foot bruise,2024-08-21,59.0,Rb Bragantino,293.0,3.0,Thigh problems,97.66666666666669,True
#45Nathan Mendes,Ill,2024-04-12,16.0,Rb Bragantino,293.0,3.0,Thigh problems,97.66666666666669,True
#14Pedro Henrique,Hamstring injury,2024-08-11,35.0,Rb Bragantino,125.0,3.0,Hamstring injury,41.66666666666666,True
#14Pedro Henrique,Inflammation of pubic bone,2024-07-29,9.0,Rb Bragantino,125.0,3.0,Hamstring injury,41.66666666666666,True
#14Pedro Henrique,Injury to the ankle,2023-07-14,81.0,Rb Bragantino,125.0,3.0,Hamstring injury,41.66666666666666,True
Praxedes,Hamstring injury,2024-06-09,25.0,Rb Bragantino,260.0,4.0,Hamstring injury,65.0,True
Praxedes,unknown injury,2022-10-03,105.0,Rb Bragantino,260.0,4.0,Hamstring injury,65.0,True
#18ThiagoBorbas,Hamstring injury,2024-09-16,86.0,Rb Bragantino,86.0,1.0,Hamstring injury,86.0,True
Vitinho,Hamstring injury,2018-02-09,19.0,Rb Bragantino,,,,,
Vitinho,Pubic bone bruise,2017-12-14,6.0,Rb Bragantino,,,,,
#3AgustínRogel,Thigh problems,2024-09-26,23.0,Sc Internacional Porto Alegre,334.0,4.0,Knee surgery,83.5,True
#3AgustínRogel,Knee surgery,2023-07-01,283.0,Sc Internacional Porto Alegre,334.0,4.0,Knee surgery,83.5,True
#3AgustínRogel,Knee surgery,2023-06-26,5.0,Sc Internacional Porto Alegre,334.0,4.0,Knee surgery,83.5,True
#3AgustínRogel,Knee injury,2023-01-25,23.0,Sc Internacional Porto Alegre,334.0,4.0,Knee surgery,83.5,True
#3AgustínRogel,Broken collarbone,2019-08-11,93.0,Sc Internacional Porto Alegre,334.0,4.0,Knee surgery,83.5,True
#2AlanBenítez,Muscle injury,2023-12-01,128.0,Sc Internacional Porto Alegre,128.0,1.0,Muscle injury,128.0,True
#10Alan Patrick,ankle sprain,2025-02-13,23.0,Sc Internacional Porto Alegre,147.0,5.0,Hamstring injury,29.4,True
#10Alan Patrick,Muscle injury,2024-12-02,14.0,Sc Internacional Porto Alegre,147.0,5.0,Hamstring injury,29.4,True
#10Alan Patrick,Inner ligament stretch of the knee,2024-07-24,32.0,Sc Internacional Porto Alegre,147.0,5.0,Hamstring injury,29.4,True
#10Alan Patrick,Hamstring injury,2024-06-14,9.0,Sc Internacional Porto Alegre,147.0,5.0,Hamstring injury,29.4,True
#10Alan Patrick,Hamstring injury,2024-04-11,48.0,Sc Internacional Porto Alegre,147.0,5.0,Hamstring injury,29.4,True
#10Alan Patrick,unknown injury,2021-11-18,44.0,Sc Internacional Porto Alegre,147.0,5.0,Hamstring injury,29.4,True
#10Alan Patrick,unknown injury,2020-03-02,9.0,Sc Internacional Porto Alegre,147.0,5.0,Hamstring injury,29.4,True
#10Alan Patrick,unknown injury,2018-10-06,10.0,Sc Internacional Porto Alegre,147.0,5.0,Hamstring injury,29.4,True
#26AlexandroBernabei,Hamstring injury,2025-05-29,19.0,Sc Internacional Porto Alegre,,,,,
#35BraianAguirre,Adductor injury,2024-08-15,38.0,Sc Internacional Porto Alegre,86.0,4.0,Adductor injury,21.5,True
#35BraianAguirre,Ankle sprain,2023-10-11,12.0,Sc Internacional Porto Alegre,86.0,4.0,Adductor injury,21.5,True
#35BraianAguirre,ankle sprain,2023-05-16,25.0,Sc Internacional Porto Alegre,86.0,4.0,Adductor injury,21.5,True
#35BraianAguirre,Knee injury,2023-03-09,11.0,Sc Internacional Porto Alegre,86.0,4.0,Adductor injury,21.5,True
#15Bruno Gomes,Cruciate ligament tear,2025-01-23,145.0,Sc Internacional Porto Alegre,31.0,1.0,Bruise on ankle,31.0,False
#15Bruno Gomes,Bruise on ankle,2023-09-16,31.0,Sc Internacional Porto Alegre,31.0,1.0,Bruise on ankle,31.0,False
#17BrunoTabata,Hamstring injury,2025-01-10,90.0,Sc Internacional Porto Alegre,139.0,6.0,Hamstring injury,23.166666666666668,True
#17BrunoTabata,Virus,2024-09-30,19.0,Sc Internacional Porto Alegre,139.0,6.0,Hamstring injury,23.166666666666668,True
#17BrunoTabata,Hamstring injury,2024-09-12,17.0,Sc Internacional Porto Alegre,139.0,6.0,Hamstring injury,23.166666666666668,True
#17BrunoTabata,Hamstring injury,2023-03-20,51.0,Sc Internacional Porto Alegre,139.0,6.0,Hamstring injury,23.166666666666668,True
#17BrunoTabata,Knee injury,2021-04-23,39.0,Sc Internacional Porto Alegre,139.0,6.0,Hamstring injury,23.166666666666668,True
#17BrunoTabata,unknown injury,2021-04-10,5.0,Sc Internacional Porto Alegre,139.0,6.0,Hamstring injury,23.166666666666668,True
#17BrunoTabata,Corona virus,2021-01-18,8.0,Sc Internacional Porto Alegre,139.0,6.0,Hamstring injury,23.166666666666668,True
#17BrunoTabata,Muscle injury,2020-10-23,27.0,Sc Internacional Porto Alegre,139.0,6.0,Hamstring injury,23.166666666666668,True
#17BrunoTabata,unknown injury,2018-12-25,16.0,Sc Internacional Porto Alegre,139.0,6.0,Hamstring injury,23.166666666666668,True
#17BrunoTabata,unknown injury,2018-12-08,9.0,Sc Internacional Porto Alegre,139.0,6.0,Hamstring injury,23.166666666666668,True
#17BrunoTabata,Hamstring injury,2018-03-17,27.0,Sc Internacional Porto Alegre,139.0,6.0,Hamstring injury,23.166666666666668,True
#17BrunoTabata,Muscle injury,2018-03-06,7.0,Sc Internacional Porto Alegre,139.0,6.0,Hamstring injury,23.166666666666668,True
#17BrunoTabata,unknown injury,2017-09-01,54.0,Sc Internacional Porto Alegre,139.0,6.0,Hamstring injury,23.166666666666668,True
#20Clayton,Heel injury,2025-01-23,73.0,Sc Internacional Porto Alegre,,,,,
#33Diego Rosa,Hamstring injury,2025-04-20,18.0,Sc Internacional Porto Alegre,,,,,
#13EnnerValencia,Hamstring injury,2025-05-09,31.0,Sc Internacional Porto Alegre,202.0,12.0,Foot injury,16.833333333333332,True
#13EnnerValencia,Hip flexor problems,2024-07-14,9.0,Sc Internacional Porto Alegre,202.0,12.0,Foot injury,16.833333333333332,True
#13EnnerValencia,Foot injury,2024-04-01,58.0,Sc Internacional Porto Alegre,202.0,12.0,Foot injury,16.833333333333332,True
#13EnnerValencia,Foot bruise,2024-02-26,12.0,Sc Internacional Porto Alegre,202.0,12.0,Foot injury,16.833333333333332,True
#13EnnerValencia,Head injury,2023-04-29,8.0,Sc Internacional Porto Alegre,202.0,12.0,Foot injury,16.833333333333332,True
#13EnnerValencia,Meniscus injury,2023-03-19,11.0,Sc Internacional Porto Alegre,202.0,12.0,Foot injury,16.833333333333332,True
#13EnnerValencia,Knee problems,2022-12-26,10.0,Sc Internacional Porto Alegre,202.0,12.0,Foot injury,16.833333333333332,True
#13EnnerValencia,Knee injury,2022-11-29,18.0,Sc Internacional Porto Alegre,202.0,12.0,Foot injury,16.833333333333332,True
#13EnnerValencia,Foot injury,2022-02-28,15.0,Sc Internacional Porto Alegre,202.0,12.0,Foot injury,16.833333333333332,True
#13EnnerValencia,Ill,2022-01-14,3.0,Sc Internacional Porto Alegre,202.0,12.0,Foot injury,16.833333333333332,True
#13EnnerValencia,Fitness,2021-12-06,10.0,Sc Internacional Porto Alegre,202.0,12.0,Foot injury,16.833333333333332,True
#13EnnerValencia,Ankle injury,2021-10-30,38.0,Sc Internacional Porto Alegre,202.0,12.0,Foot injury,16.833333333333332,True
#13EnnerValencia,unknown injury,2021-08-12,10.0,Sc Internacional Porto Alegre,202.0,12.0,Foot injury,16.833333333333332,True
#13EnnerValencia,Partial muscle tear,2020-12-07,22.0,Sc Internacional Porto Alegre,202.0,12.0,Foot injury,16.833333333333332,True
#13EnnerValencia,Corona virus,2020-11-14,17.0,Sc Internacional Porto Alegre,202.0,12.0,Foot injury,16.833333333333332,True
#16FabricioBustos,Knee problems,2025-01-20,8.0,Sc Internacional Porto Alegre,47.0,4.0,Torn muscle bundle,11.75,True
#16FabricioBustos,Torn muscle bundle,2024-10-07,13.0,Sc Internacional Porto Alegre,47.0,4.0,Torn muscle bundle,11.75,True
#16FabricioBustos,Adductor injury,2024-07-17,6.0,Sc Internacional Porto Alegre,47.0,4.0,Torn muscle bundle,11.75,True
#16FabricioBustos,Pelvic injury,2024-06-29,8.0,Sc Internacional Porto Alegre,47.0,4.0,Torn muscle bundle,11.75,True
#16FabricioBustos,Hamstring injury,2023-04-06,20.0,Sc Internacional Porto Alegre,47.0,4.0,Torn muscle bundle,11.75,True
#16FabricioBustos,Corona virus,2020-08-08,15.0,Sc Internacional Porto Alegre,47.0,4.0,Torn muscle bundle,11.75,True
#5Fernando,Knee injury,2025-06-02,15.0,Sc Internacional Porto Alegre,330.0,9.0,Shoulder injury,36.66666666666666,True
#5Fernando,Calf injury,2024-10-20,32.0,Sc Internacional Porto Alegre,330.0,9.0,Shoulder injury,36.66666666666666,True
#5Fernando,Hamstring injury,2024-07-14,31.0,Sc Internacional Porto Alegre,330.0,9.0,Shoulder injury,36.66666666666666,True
#5Fernando,Shoulder injury,2024-04-17,12.0,Sc Internacional Porto Alegre,330.0,9.0,Shoulder injury,36.66666666666666,True
#5Fernando,Shoulder injury,2023-12-04,56.0,Sc Internacional Porto Alegre,330.0,9.0,Shoulder injury,36.66666666666666,True
#5Fernando,Groin problems,2023-11-02,5.0,Sc Internacional Porto Alegre,330.0,9.0,Shoulder injury,36.66666666666666,True
#5Fernando,Groin problems,2023-10-23,5.0,Sc Internacional Porto Alegre,330.0,9.0,Shoulder injury,36.66666666666666,True
#5Fernando,muscular problems,2023-08-25,18.0,Sc Internacional Porto Alegre,330.0,9.0,Shoulder injury,36.66666666666666,True
#5Fernando,Mononucleation,2022-09-18,47.0,Sc Internacional Porto Alegre,330.0,9.0,Shoulder injury,36.66666666666666,True
#5Fernando,Ankle injury,2022-02-28,124.0,Sc Internacional Porto Alegre,330.0,9.0,Shoulder injury,36.66666666666666,True
#5Fernando,Adductor injury,2020-03-02,60.0,Sc Internacional Porto Alegre,330.0,9.0,Shoulder injury,36.66666666666666,True
#5Fernando,Groin injury,2019-11-25,11.0,Sc Internacional Porto Alegre,330.0,9.0,Shoulder injury,36.66666666666666,True
#5Fernando,Knee problems,2019-02-14,33.0,Sc Internacional Porto Alegre,330.0,9.0,Shoulder injury,36.66666666666666,True
#5Fernando,Hamstring strain,2018-10-19,32.0,Sc Internacional Porto Alegre,330.0,9.0,Shoulder injury,36.66666666666666,True
#5Fernando,Knee medial ligament tear,2017-12-24,60.0,Sc Internacional Porto Alegre,330.0,9.0,Shoulder injury,36.66666666666666,True
#34Gabriel Carvalho,Metatarsal fracture,2025-01-12,91.0,Sc Internacional Porto Alegre,,,,,
#25GabrielMercado,Cruciate ligament tear,2024-09-23,267.0,Sc Internacional Porto Alegre,419.0,5.0,Cruciate ligament tear,83.8,True
#25GabrielMercado,muscular problems,2024-07-28,17.0,Sc Internacional Porto Alegre,419.0,5.0,Cruciate ligament tear,83.8,True
#25GabrielMercado,Knee problems,2024-02-24,18.0,Sc Internacional Porto Alegre,419.0,5.0,Cruciate ligament tear,83.8,True
#25GabrielMercado,unknown injury,2022-10-07,25.0,Sc Internacional Porto Alegre,419.0,5.0,Cruciate ligament tear,83.8,True
#25GabrielMercado,Outer ligament tear,2021-04-07,92.0,Sc Internacional Porto Alegre,419.0,5.0,Cruciate ligament tear,83.8,True
#25GabrielMercado,Knee injury,2019-04-01,6.0,Sc Internacional Porto Alegre,419.0,5.0,Cruciate ligament tear,83.8,True
#25GabrielMercado,Muscle injury,2018-10-29,13.0,Sc Internacional Porto Alegre,419.0,5.0,Cruciate ligament tear,83.8,True
#25GabrielMercado,Broken arm,2018-09-03,47.0,Sc Internacional Porto Alegre,419.0,5.0,Cruciate ligament tear,83.8,True
#25GabrielMercado,Back injury,2018-05-16,8.0,Sc Internacional Porto Alegre,419.0,5.0,Cruciate ligament tear,83.8,True
#25GabrielMercado,Hamstring injury,2017-11-02,19.0,Sc Internacional Porto Alegre,419.0,5.0,Cruciate ligament tear,83.8,True
#25GabrielMercado,Back injury,2017-10-26,5.0,Sc Internacional Porto Alegre,419.0,5.0,Cruciate ligament tear,83.8,True
#25GabrielMercado,Knee injury,2017-03-27,8.0,Sc Internacional Porto Alegre,419.0,5.0,Cruciate ligament tear,83.8,True
#25GabrielMercado,Muscle injury,2015-04-17,21.0,Sc Internacional Porto Alegre,419.0,5.0,Cruciate ligament tear,83.8,True
#25GabrielMercado,Torn muscle bundle,2014-02-20,13.0,Sc Internacional Porto Alegre,419.0,5.0,Cruciate ligament tear,83.8,True
#25GabrielMercado,Knee collateral ligament tear,2012-09-10,15.0,Sc Internacional Porto Alegre,419.0,5.0,Cruciate ligament tear,83.8,True
Gustavo,Hamstring injury,2025-02-06,41.0,Sc Internacional Porto Alegre,,,,,
#25IgorGomes,Thigh problems,2024-03-11,14.0,Sc Internacional Porto Alegre,292.0,5.0,Thigh problems,58.4,True
#25IgorGomes,Hamstring injury,2024-01-26,23.0,Sc Internacional Porto Alegre,292.0,5.0,Thigh problems,58.4,True
#25IgorGomes,Longitudinal tendon tear,2021-12-08,183.0,Sc Internacional Porto Alegre,292.0,5.0,Thigh problems,58.4,True
#25IgorGomes,Ligament injury,2021-11-05,22.0,Sc Internacional Porto Alegre,292.0,5.0,Thigh problems,58.4,True
#25IgorGomes,Leg injury,2021-08-13,50.0,Sc Internacional Porto Alegre,292.0,5.0,Thigh problems,58.4,True
#25IgorGomes,Hamstring injury,2020-11-02,146.0,Sc Internacional Porto Alegre,292.0,5.0,Thigh problems,58.4,True
#25IgorGomes,Muscle injury,2020-09-24,31.0,Sc Internacional Porto Alegre,292.0,5.0,Thigh problems,58.4,True
#12Ivan,Cruciate ligament injury,2024-01-21,316.0,Sc Internacional Porto Alegre,561.0,2.0,Cruciate ligament injury,280.5,True
#12Ivan,Cruciate ligament injury,2024-01-21,245.0,Sc Internacional Porto Alegre,561.0,2.0,Cruciate ligament injury,280.5,True
#12Ivan,Wrist injury,2020-10-30,66.0,Sc Internacional Porto Alegre,561.0,2.0,Cruciate ligament injury,280.5,True
#7JohanCarbonero,Hamstring injury,2025-04-14,64.0,Sc Internacional Porto Alegre,407.0,10.0,Torn muscle bundle,40.7,True
#7JohanCarbonero,Tonsillitis,2024-10-18,4.0,Sc Internacional Porto Alegre,407.0,10.0,Torn muscle bundle,40.7,True
#7JohanCarbonero,Sore muscles,2024-03-22,23.0,Sc Internacional Porto Alegre,407.0,10.0,Torn muscle bundle,40.7,True
#7JohanCarbonero,Muscle injury,2024-01-29,23.0,Sc Internacional Porto Alegre,407.0,10.0,Torn muscle bundle,40.7,True
#7JohanCarbonero,Fitness,2023-10-11,24.0,Sc Internacional Porto Alegre,407.0,10.0,Torn muscle bundle,40.7,True
#7JohanCarbonero,Torn muscle bundle,2023-10-08,62.0,Sc Internacional Porto Alegre,407.0,10.0,Torn muscle bundle,40.7,True
#7JohanCarbonero,Cruciate ligament tear,2023-03-18,207.0,Sc Internacional Porto Alegre,407.0,10.0,Torn muscle bundle,40.7,True
#7JohanCarbonero,Knock,2023-02-02,7.0,Sc Internacional Porto Alegre,407.0,10.0,Torn muscle bundle,40.7,True
#7JohanCarbonero,Torn muscle bundle,2022-08-16,23.0,Sc Internacional Porto Alegre,407.0,10.0,Torn muscle bundle,40.7,True
#7JohanCarbonero,Torn muscle bundle,2021-07-18,25.0,Sc Internacional Porto Alegre,407.0,10.0,Torn muscle bundle,40.7,True
#7JohanCarbonero,Corona virus,2021-04-08,9.0,Sc Internacional Porto Alegre,407.0,10.0,Torn muscle bundle,40.7,True
#18Juninho,Hamstring injury,2025-04-04,15.0,Sc Internacional Porto Alegre,,,,,
#27Kaique Rocha,Hamstring injury,2024-11-10,25.0,Sc Internacional Porto Alegre,25.0,1.0,Hamstring injury,25.0,False
#48Lucca Drummond,Cruciate ligament injury,2024-12-07,207.0,Sc Internacional Porto Alegre,207.0,1.0,Cruciate ligament injury,207.0,True
#45Lucca,muscular problems,2024-08-12,101.0,Sc Internacional Porto Alegre,156.0,5.0,muscular problems,31.2,True
#45Lucca,muscular problems,2024-07-21,14.0,Sc Internacional Porto Alegre,156.0,5.0,muscular problems,31.2,True
#45Lucca,Hamstring injury,2024-06-23,23.0,Sc Internacional Porto Alegre,156.0,5.0,muscular problems,31.2,True
#45Lucca,Thigh problems,2024-06-14,9.0,Sc Internacional Porto Alegre,156.0,5.0,muscular problems,31.2,True
#45Lucca,muscular problems,2024-05-27,9.0,Sc Internacional Porto Alegre,156.0,5.0,muscular problems,31.2,True
#39Luis Otávio,Hamstring injury,2025-02-03,33.0,Sc Internacional Porto Alegre,,,,,
#18Mauricio,Shoulder injury,2025-02-17,51.0,Sc Internacional Porto Alegre,138.0,6.0,Inner ligament stretch of the knee,23.0,True
#18Mauricio,Inner ligament stretch of the knee,2024-10-12,14.0,Sc Internacional Porto Alegre,138.0,6.0,Inner ligament stretch of the knee,23.0,True
#18Mauricio,Bruised knee,2024-06-07,40.0,Sc Internacional Porto Alegre,138.0,6.0,Inner ligament stretch of the knee,23.0,True
#18Mauricio,Inner ligament stretch of the knee,2022-10-11,15.0,Sc Internacional Porto Alegre,138.0,6.0,Inner ligament stretch of the knee,23.0,True
#11ÓscarRomero,unknown injury,2024-01-17,14.0,Sc Internacional Porto Alegre,91.0,7.0,unknown injury,13.0,True
#11ÓscarRomero,unknown injury,2023-12-25,17.0,Sc Internacional Porto Alegre,91.0,7.0,unknown injury,13.0,True
#11ÓscarRomero,unknown injury,2023-10-27,19.0,Sc Internacional Porto Alegre,91.0,7.0,unknown injury,13.0,True
#11ÓscarRomero,Forearm fracture,2023-09-28,19.0,Sc Internacional Porto Alegre,91.0,7.0,unknown injury,13.0,True
#11ÓscarRomero,muscular problems,2023-07-03,11.0,Sc Internacional Porto Alegre,91.0,7.0,unknown injury,13.0,True
#11ÓscarRomero,Thigh problems,2022-04-19,4.0,Sc Internacional Porto Alegre,91.0,7.0,unknown injury,13.0,True
#11ÓscarRomero,Thigh problems,2022-03-11,7.0,Sc Internacional Porto Alegre,91.0,7.0,unknown injury,13.0,True
#19RafaelBorré,Abdominal problems,2025-06-02,10.0,Sc Internacional Porto Alegre,52.0,4.0,Hamstring injury,13.0,True
#19RafaelBorré,Hamstring injury,2025-04-27,31.0,Sc Internacional Porto Alegre,52.0,4.0,Hamstring injury,13.0,True
#19RafaelBorré,Hamstring injury,2025-02-16,20.0,Sc Internacional Porto Alegre,52.0,4.0,Hamstring injury,13.0,True
#19RafaelBorré,Hamstring injury,2024-09-26,23.0,Sc Internacional Porto Alegre,52.0,4.0,Hamstring injury,13.0,True
#19RafaelBorré,Hamstring injury,2024-08-09,16.0,Sc Internacional Porto Alegre,52.0,4.0,Hamstring injury,13.0,True
#19RafaelBorré,Corona virus,2021-05-15,9.0,Sc Internacional Porto Alegre,52.0,4.0,Hamstring injury,13.0,True
#19RafaelBorré,Knock,2021-05-05,4.0,Sc Internacional Porto Alegre,52.0,4.0,Hamstring injury,13.0,True
#19RafaelBorré,Knock,2020-12-03,5.0,Sc Internacional Porto Alegre,52.0,4.0,Hamstring injury,13.0,True
#19RafaelBorré,Corona virus,2020-11-07,12.0,Sc Internacional Porto Alegre,52.0,4.0,Hamstring injury,13.0,True
#19RafaelBorré,Hip problems,2020-03-03,5.0,Sc Internacional Porto Alegre,52.0,4.0,Hamstring injury,13.0,True
#19RafaelBorré,Foot bruise,2018-10-25,6.0,Sc Internacional Porto Alegre,52.0,4.0,Hamstring injury,13.0,True
#2Ramon,Adductor injury,2024-08-11,20.0,Sc Internacional Porto Alegre,20.0,1.0,Adductor injury,20.0,False
#49Ricardo Mathias,Hamstring injury,2025-05-26,17.0,Sc Internacional Porto Alegre,,,,,
#16Ronaldo,Shoulder injury,2024-09-30,20.0,Sc Internacional Porto Alegre,67.0,2.0,Shoulder injury,33.5,True
#16Ronaldo,Knee injury,2022-05-22,47.0,Sc Internacional Porto Alegre,67.0,2.0,Shoulder injury,33.5,True
#16Ronaldo,Tonsillitis,2017-10-28,9.0,Sc Internacional Porto Alegre,67.0,2.0,Shoulder injury,33.5,True
#1SergioRochet,Broken hand,2025-03-30,79.0,Sc Internacional Porto Alegre,156.0,4.0,Bruised ribs,39.0,True
#1SergioRochet,Knee injury,2025-01-13,54.0,Sc Internacional Porto Alegre,156.0,4.0,Bruised ribs,39.0,True
#1SergioRochet,Bruised ribs,2024-01-16,66.0,Sc Internacional Porto Alegre,156.0,4.0,Bruised ribs,39.0,True
#1SergioRochet,Corona virus,2022-05-16,5.0,Sc Internacional Porto Alegre,156.0,4.0,Bruised ribs,39.0,True
#1SergioRochet,Inflammation in the ankle joint,2022-04-08,5.0,Sc Internacional Porto Alegre,156.0,4.0,Bruised ribs,39.0,True
#1SergioRochet,Hand injury,2021-10-23,80.0,Sc Internacional Porto Alegre,156.0,4.0,Bruised ribs,39.0,True
#1SergioRochet,unknown injury,2019-02-12,7.0,Sc Internacional Porto Alegre,156.0,4.0,Bruised ribs,39.0,True
#1SergioRochet,unknown injury,2018-11-01,6.0,Sc Internacional Porto Alegre,156.0,4.0,Bruised ribs,39.0,True
#1SergioRochet,Elbow injury,2015-09-25,7.0,Sc Internacional Porto Alegre,156.0,4.0,Bruised ribs,39.0,True
#29Thiago Maia,muscular problems,2024-11-09,22.0,Sc Internacional Porto Alegre,136.0,6.0,muscular problems,22.666666666666668,True
#29Thiago Maia,Hamstring injury,2024-07-01,41.0,Sc Internacional Porto Alegre,136.0,6.0,muscular problems,22.666666666666668,True
#29Thiago Maia,Ankle injury,2024-06-18,5.0,Sc Internacional Porto Alegre,136.0,6.0,muscular problems,22.666666666666668,True
#29Thiago Maia,Cruciate ligament tear,2020-12-01,212.0,Sc Internacional Porto Alegre,136.0,6.0,muscular problems,22.666666666666668,True
#29Thiago Maia,Corona virus,2020-11-21,10.0,Sc Internacional Porto Alegre,136.0,6.0,muscular problems,22.666666666666668,True
#29Thiago Maia,Knee injury,2020-01-05,11.0,Sc Internacional Porto Alegre,136.0,6.0,muscular problems,22.666666666666668,True
#29Thiago Maia,Foot injury,2019-11-27,17.0,Sc Internacional Porto Alegre,136.0,6.0,muscular problems,22.666666666666668,True
#29Thiago Maia,Fitness,2019-10-23,14.0,Sc Internacional Porto Alegre,136.0,6.0,muscular problems,22.666666666666668,True
#29Thiago Maia,unknown injury,2019-08-25,42.0,Sc Internacional Porto Alegre,136.0,6.0,muscular problems,22.666666666666668,True
#29Thiago Maia,Ankle injury,2019-04-27,5.0,Sc Internacional Porto Alegre,136.0,6.0,muscular problems,22.666666666666668,True
#29Thiago Maia,Leg injury,2019-01-18,16.0,Sc Internacional Porto Alegre,136.0,6.0,muscular problems,22.666666666666668,True
#41Victor Gabriel,Inner ankle ligament tear,2025-05-23,25.0,Sc Internacional Porto Alegre,,,,,
#41Victor Gabriel,Hamstring injury,2025-03-17,33.0,Sc Internacional Porto Alegre,,,,,
#4Vitão,Hamstring injury,2024-07-16,19.0,Sc Internacional Porto Alegre,71.0,4.0,Hamstring injury,17.75,True
#4Vitão,Hamstring injury,2023-08-28,29.0,Sc Internacional Porto Alegre,71.0,4.0,Hamstring injury,17.75,True
#4Vitão,Inflammation of ligaments in the knee,2023-05-15,10.0,Sc Internacional Porto Alegre,71.0,4.0,Hamstring injury,17.75,True
#4Vitão,unknown injury,2021-10-02,13.0,Sc Internacional Porto Alegre,71.0,4.0,Hamstring injury,17.75,True
#4Vitão,unknown injury,2020-12-09,24.0,Sc Internacional Porto Alegre,71.0,4.0,Hamstring injury,17.75,True
#28Vitinho,Elbow injury,2025-06-02,15.0,Sc Internacional Porto Alegre,3.0,1.0,cold,3.0,False
#28Vitinho,Broken finger,2025-04-30,25.0,Sc Internacional Porto Alegre,3.0,1.0,cold,3.0,False
#28Vitinho,cold,2022-01-23,3.0,Sc Internacional Porto Alegre,3.0,1.0,cold,3.0,False
#94Wanderson,Knee bruise,2025-05-19,13.0,Sc Internacional Porto Alegre,798.0,12.0,Thigh problems,66.5,True
#94Wanderson,muscular problems,2024-08-12,35.0,Sc Internacional Porto Alegre,798.0,12.0,Thigh problems,66.5,True
#94Wanderson,Muscle fatigue,2024-07-14,28.0,Sc Internacional Porto Alegre,798.0,12.0,Thigh problems,66.5,True
#94Wanderson,ankle sprain,2024-04-22,48.0,Sc Internacional Porto Alegre,798.0,12.0,Thigh problems,66.5,True
#94Wanderson,Thigh problems,2022-09-11,27.0,Sc Internacional Porto Alegre,798.0,12.0,Thigh problems,66.5,True
#94Wanderson,Thigh problems,2022-06-20,28.0,Sc Internacional Porto Alegre,798.0,12.0,Thigh problems,66.5,True
#94Wanderson,Ankle injury,2021-05-16,233.0,Sc Internacional Porto Alegre,798.0,12.0,Thigh problems,66.5,True
#94Wanderson,unknown injury,2020-11-05,17.0,Sc Internacional Porto Alegre,798.0,12.0,Thigh problems,66.5,True
#94Wanderson,Muscle injury,2020-09-22,43.0,Sc Internacional Porto Alegre,798.0,12.0,Thigh problems,66.5,True
#94Wanderson,Muscle injury,2019-09-25,52.0,Sc Internacional Porto Alegre,798.0,12.0,Thigh problems,66.5,True
#94Wanderson,unknown injury,2018-12-02,6.0,Sc Internacional Porto Alegre,798.0,12.0,Thigh problems,66.5,True
#94Wanderson,Torn thigh muscle,2016-10-03,91.0,Sc Internacional Porto Alegre,798.0,12.0,Thigh problems,66.5,True
#94Wanderson,unknown injury,2014-01-26,34.0,Sc Internacional Porto Alegre,798.0,12.0,Thigh problems,66.5,True
#21Wesley,muscular problems,2025-04-14,5.0,Sc Internacional Porto Alegre,60.0,2.0,Inflammation of pubic bone,30.0,False
#21Wesley,Hamstring injury,2025-02-12,24.0,Sc Internacional Porto Alegre,60.0,2.0,Inflammation of pubic bone,30.0,False
#21Wesley,Inflammation of pubic bone,2024-06-27,10.0,Sc Internacional Porto Alegre,60.0,2.0,Inflammation of pubic bone,30.0,False
#21Wesley,Shoulder injury,2023-12-29,50.0,Sc Internacional Porto Alegre,60.0,2.0,Inflammation of pubic bone,30.0,False
#21Wesley,Inflammation of ligaments in the knee,2020-11-05,106.0,Sc Internacional Porto Alegre,60.0,2.0,Inflammation of pubic bone,30.0,False
#4AgustínGiay,ankle sprain,2023-01-25,29.0,Se Palmeiras Sao Paulo,29.0,1.0,ankle sprain,29.0,False
#5AníbalMoreno,Shoulder injury,2025-03-28,9.0,Se Palmeiras Sao Paulo,81.0,5.0,muscular problems,16.2,True
#5AníbalMoreno,Torn muscle bundle,2023-08-31,28.0,Se Palmeiras Sao Paulo,81.0,5.0,muscular problems,16.2,True
#5AníbalMoreno,muscular problems,2023-07-08,24.0,Se Palmeiras Sao Paulo,81.0,5.0,muscular problems,16.2,True
#5AníbalMoreno,muscular problems,2023-05-05,7.0,Se Palmeiras Sao Paulo,81.0,5.0,muscular problems,16.2,True
#5AníbalMoreno,Hamstring strain,2023-04-11,17.0,Se Palmeiras Sao Paulo,81.0,5.0,muscular problems,16.2,True
#5AníbalMoreno,Knee problems,2023-02-11,5.0,Se Palmeiras Sao Paulo,81.0,5.0,muscular problems,16.2,True
#3BrunoFuchs,Hamstring injury,2023-06-26,33.0,Se Palmeiras Sao Paulo,201.0,9.0,Fitness,22.33333333333333,True
#3BrunoFuchs,Tendon irritation,2022-10-01,24.0,Se Palmeiras Sao Paulo,201.0,9.0,Fitness,22.33333333333333,True
#3BrunoFuchs,Fitness,2022-07-19,27.0,Se Palmeiras Sao Paulo,201.0,9.0,Fitness,22.33333333333333,True
#3BrunoFuchs,Tendonitis,2022-06-20,29.0,Se Palmeiras Sao Paulo,201.0,9.0,Fitness,22.33333333333333,True
#3BrunoFuchs,Tooth infection,2022-05-11,6.0,Se Palmeiras Sao Paulo,201.0,9.0,Fitness,22.33333333333333,True
#3BrunoFuchs,Virus,2022-04-02,6.0,Se Palmeiras Sao Paulo,201.0,9.0,Fitness,22.33333333333333,True
#3BrunoFuchs,Muscle injury,2022-03-17,16.0,Se Palmeiras Sao Paulo,201.0,9.0,Fitness,22.33333333333333,True
#3BrunoFuchs,Fitness,2021-10-01,25.0,Se Palmeiras Sao Paulo,201.0,9.0,Fitness,22.33333333333333,True
#3BrunoFuchs,muscular problems,2021-08-27,35.0,Se Palmeiras Sao Paulo,201.0,9.0,Fitness,22.33333333333333,True
#3BrunoFuchs,Foot surgery,2020-12-12,134.0,Se Palmeiras Sao Paulo,201.0,9.0,Fitness,22.33333333333333,True
#3BrunoFuchs,Hip injury,2020-10-14,56.0,Se Palmeiras Sao Paulo,201.0,9.0,Fitness,22.33333333333333,True
#3BrunoFuchs,Hip injury,2020-08-30,43.0,Se Palmeiras Sao Paulo,201.0,9.0,Fitness,22.33333333333333,True
#11Bruno Rodrigues,Knee injury,2024-01-26,508.0,Se Palmeiras Sao Paulo,508.0,1.0,Knee injury,508.0,True
#32EmilianoMartínez,Muscle injury,2023-09-08,85.0,Se Palmeiras Sao Paulo,311.0,4.0,Achilles tendon problems,77.75,True
#32EmilianoMartínez,Achilles tendon problems,2022-08-16,21.0,Se Palmeiras Sao Paulo,311.0,4.0,Achilles tendon problems,77.75,True
#32EmilianoMartínez,Achilles tendon problems,2022-01-20,190.0,Se Palmeiras Sao Paulo,311.0,4.0,Achilles tendon problems,77.75,True
#32EmilianoMartínez,Corona virus,2021-05-16,15.0,Se Palmeiras Sao Paulo,311.0,4.0,Achilles tendon problems,77.75,True
#32EmilianoMartínez,Muscle injury,2020-03-07,10.0,Se Palmeiras Sao Paulo,311.0,4.0,Achilles tendon problems,77.75,True
#16Endrick,Muscle injury,2025-05-21,62.0,Se Palmeiras Sao Paulo,,,,,
#41Estêvão,Hamstring injury,2024-09-16,19.0,Se Palmeiras Sao Paulo,47.0,2.0,Hamstring injury,23.5,False
#41Estêvão,ankle sprain,2024-07-17,28.0,Se Palmeiras Sao Paulo,47.0,2.0,Hamstring injury,23.5,False
#17FacundoTorres,Arm injury,2024-03-07,6.0,Se Palmeiras Sao Paulo,54.0,4.0,Arm injury,13.5,True
#17FacundoTorres,Corona virus,2022-01-06,15.0,Se Palmeiras Sao Paulo,54.0,4.0,Arm injury,13.5,True
#17FacundoTorres,Ankle injury,2021-11-01,5.0,Se Palmeiras Sao Paulo,54.0,4.0,Arm injury,13.5,True
#17FacundoTorres,Cruciate ligament strain,2021-08-13,28.0,Se Palmeiras Sao Paulo,54.0,4.0,Arm injury,13.5,True
#7Felipe Anderson,Hamstring injury,2025-05-23,9.0,Se Palmeiras Sao Paulo,4.0,1.0,Toe injury,4.0,False
#7Felipe Anderson,Inflammation of pubic bone,2025-01-23,37.0,Se Palmeiras Sao Paulo,4.0,1.0,Toe injury,4.0,False
#7Felipe Anderson,Toe injury,2024-04-23,4.0,Se Palmeiras Sao Paulo,4.0,1.0,Toe injury,4.0,False
#7Felipe Anderson,Knock,2020-07-02,15.0,Se Palmeiras Sao Paulo,4.0,1.0,Toe injury,4.0,False
#7Felipe Anderson,Back injury,2020-01-12,44.0,Se Palmeiras Sao Paulo,4.0,1.0,Toe injury,4.0,False
#7Felipe Anderson,Chest injury,2019-08-11,13.0,Se Palmeiras Sao Paulo,4.0,1.0,Toe injury,4.0,False
#7Felipe Anderson,Muscle strain,2019-08-11,13.0,Se Palmeiras Sao Paulo,4.0,1.0,Toe injury,4.0,False
#7Felipe Anderson,Ill,2019-04-28,14.0,Se Palmeiras Sao Paulo,4.0,1.0,Toe injury,4.0,False
#7Felipe Anderson,Ankle injury,2019-03-28,11.0,Se Palmeiras Sao Paulo,4.0,1.0,Toe injury,4.0,False
#7Felipe Anderson,Adductor injury,2017-07-31,129.0,Se Palmeiras Sao Paulo,4.0,1.0,Toe injury,4.0,False
#7Felipe Anderson,Knee injury,2015-01-15,22.0,Se Palmeiras Sao Paulo,4.0,1.0,Toe injury,4.0,False
#7Felipe Anderson,Ankle injury,2013-06-06,106.0,Se Palmeiras Sao Paulo,4.0,1.0,Toe injury,4.0,False
#38Figueiredo,Cruciate ligament injury,2023-10-16,290.0,Se Palmeiras Sao Paulo,550.0,2.0,Cruciate ligament injury,275.0,True
#38Figueiredo,Cruciate ligament injury,2022-09-16,260.0,Se Palmeiras Sao Paulo,550.0,2.0,Cruciate ligament injury,275.0,True
#15GustavoGómez,Inflammation of ligaments in the knee,2025-03-12,22.0,Se Palmeiras Sao Paulo,38.0,1.0,Broken foot,38.0,False
#15GustavoGómez,Hamstring injury,2025-02-17,21.0,Se Palmeiras Sao Paulo,38.0,1.0,Broken foot,38.0,False
#15GustavoGómez,Broken foot,2024-02-19,38.0,Se Palmeiras Sao Paulo,38.0,1.0,Broken foot,38.0,False
#15GustavoGómez,Muscle fatigue,2017-03-25,9.0,Se Palmeiras Sao Paulo,38.0,1.0,Broken foot,38.0,False
#22JoaquínPiquerez,Knee injury,2024-07-17,192.0,Se Palmeiras Sao Paulo,274.0,7.0,Knee injury,39.142857142857146,True
#22JoaquínPiquerez,Muscle injury,2022-05-10,26.0,Se Palmeiras Sao Paulo,274.0,7.0,Knee injury,39.142857142857146,True
#22JoaquínPiquerez,Shoulder injury,2022-04-04,13.0,Se Palmeiras Sao Paulo,274.0,7.0,Knee injury,39.142857142857146,True
#22JoaquínPiquerez,Ankle injury,2021-07-24,11.0,Se Palmeiras Sao Paulo,274.0,7.0,Knee injury,39.142857142857146,True
#22JoaquínPiquerez,Muscle strain,2021-05-31,11.0,Se Palmeiras Sao Paulo,274.0,7.0,Knee injury,39.142857142857146,True
#22JoaquínPiquerez,Fitness,2021-01-26,6.0,Se Palmeiras Sao Paulo,274.0,7.0,Knee injury,39.142857142857146,True
#22JoaquínPiquerez,Corona virus,2021-01-11,15.0,Se Palmeiras Sao Paulo,274.0,7.0,Knee injury,39.142857142857146,True
#22JoaquínPiquerez,Quarantine,2020-12-04,4.0,Se Palmeiras Sao Paulo,274.0,7.0,Knee injury,39.142857142857146,True
#22JoaquínPiquerez,Rest,2020-10-16,4.0,Se Palmeiras Sao Paulo,274.0,7.0,Knee injury,39.142857142857146,True
#22JoaquínPiquerez,Muscle injury,2020-09-20,7.0,Se Palmeiras Sao Paulo,274.0,7.0,Knee injury,39.142857142857146,True
#22JoaquínPiquerez,influenza,2017-06-02,7.0,Se Palmeiras Sao Paulo,274.0,7.0,Knee injury,39.142857142857146,True
#30LucasEvangelista,Hamstring injury,2025-04-07,13.0,Se Palmeiras Sao Paulo,134.0,2.0,Hamstring injury,67.0,True
#30LucasEvangelista,Hamstring injury,2024-02-24,67.0,Se Palmeiras Sao Paulo,134.0,2.0,Hamstring injury,67.0,True
#30LucasEvangelista,Muscle fatigue,2019-12-05,20.0,Se Palmeiras Sao Paulo,134.0,2.0,Hamstring injury,67.0,True
#30LucasEvangelista,Inflammation in the knee,2017-02-18,30.0,Se Palmeiras Sao Paulo,134.0,2.0,Hamstring injury,67.0,True
#30LucasEvangelista,Shoulder injury,2016-08-28,14.0,Se Palmeiras Sao Paulo,134.0,2.0,Hamstring injury,67.0,True
#30LucasEvangelista,Abdominal problems,2016-02-05,15.0,Se Palmeiras Sao Paulo,134.0,2.0,Hamstring injury,67.0,True
#30LucasEvangelista,surgery,2015-02-28,94.0,Se Palmeiras Sao Paulo,134.0,2.0,Hamstring injury,67.0,True
#14Marcelo Lomba,Inflammation of pubic bone,2024-08-25,41.0,Se Palmeiras Sao Paulo,41.0,1.0,Inflammation of pubic bone,41.0,False
#2Marcos Rocha,Calf injury,2025-04-13,24.0,Se Palmeiras Sao Paulo,45.0,2.0,Hamstring injury,22.5,False
#2Marcos Rocha,Hamstring injury,2025-03-17,26.0,Se Palmeiras Sao Paulo,45.0,2.0,Hamstring injury,22.5,False
#2Marcos Rocha,Hamstring injury,2024-09-16,19.0,Se Palmeiras Sao Paulo,45.0,2.0,Hamstring injury,22.5,False
#2Marcos Rocha,Hamstring injury,2023-04-24,26.0,Se Palmeiras Sao Paulo,45.0,2.0,Hamstring injury,22.5,False
#2Marcos Rocha,Calf problems,2015-05-10,74.0,Se Palmeiras Sao Paulo,45.0,2.0,Hamstring injury,22.5,False
#2Marcos Rocha,Dead leg,2015-02-14,24.0,Se Palmeiras Sao Paulo,45.0,2.0,Hamstring injury,22.5,False
#18Mauricio,Shoulder injury,2025-02-17,51.0,Se Palmeiras Sao Paulo,138.0,6.0,Inner ligament stretch of the knee,23.0,True
#18Mauricio,Inner ligament stretch of the knee,2024-10-12,14.0,Se Palmeiras Sao Paulo,138.0,6.0,Inner ligament stretch of the knee,23.0,True
#18Mauricio,Bruised knee,2024-06-07,40.0,Se Palmeiras Sao Paulo,138.0,6.0,Inner ligament stretch of the knee,23.0,True
#18Mauricio,Inner ligament stretch of the knee,2022-10-11,15.0,Se Palmeiras Sao Paulo,138.0,6.0,Inner ligament stretch of the knee,23.0,True
#12Mayke,Hamstring injury,2025-04-04,30.0,Se Palmeiras Sao Paulo,113.0,4.0,Calf injury,28.25,True
#12Mayke,Calf injury,2024-08-25,56.0,Se Palmeiras Sao Paulo,113.0,4.0,Calf injury,28.25,True
#12Mayke,Calf injury,2024-08-08,13.0,Se Palmeiras Sao Paulo,113.0,4.0,Calf injury,28.25,True
#12Mayke,muscular problems,2024-07-22,16.0,Se Palmeiras Sao Paulo,113.0,4.0,Calf injury,28.25,True
#12Mayke,Hamstring injury,2024-02-04,28.0,Se Palmeiras Sao Paulo,113.0,4.0,Calf injury,28.25,True
#12Mayke,Hamstring injury,2019-08-19,69.0,Se Palmeiras Sao Paulo,113.0,4.0,Calf injury,28.25,True
#12Mayke,unknown injury,2013-08-13,3.0,Se Palmeiras Sao Paulo,113.0,4.0,Calf injury,28.25,True
#13Micael,ankle sprain,2025-04-21,31.0,Se Palmeiras Sao Paulo,,,,,
#26Murilo,Hamstring injury,2025-04-13,21.0,Se Palmeiras Sao Paulo,219.0,8.0,Muscle injury,27.375,True
#26Murilo,Leg injury,2024-11-21,5.0,Se Palmeiras Sao Paulo,219.0,8.0,Muscle injury,27.375,True
#26Murilo,Hamstring injury,2024-10-19,16.0,Se Palmeiras Sao Paulo,219.0,8.0,Muscle injury,27.375,True
#26Murilo,ankle sprain,2024-07-22,13.0,Se Palmeiras Sao Paulo,219.0,8.0,Muscle injury,27.375,True
#26Murilo,Injury to the ankle,2024-06-29,18.0,Se Palmeiras Sao Paulo,219.0,8.0,Muscle injury,27.375,True
#26Murilo,Shoulder injury,2023-05-05,57.0,Se Palmeiras Sao Paulo,219.0,8.0,Muscle injury,27.375,True
#26Murilo,Muscle injury,2021-11-29,33.0,Se Palmeiras Sao Paulo,219.0,8.0,Muscle injury,27.375,True
#26Murilo,Muscle injury,2021-09-17,46.0,Se Palmeiras Sao Paulo,219.0,8.0,Muscle injury,27.375,True
#26Murilo,bruise,2021-07-31,31.0,Se Palmeiras Sao Paulo,219.0,8.0,Muscle injury,27.375,True
#10Paulinho,Cracked bone,2024-12-01,132.0,Se Palmeiras Sao Paulo,334.0,8.0,Cracked bone,41.75,True
#10Paulinho,Muscle injury,2024-10-13,6.0,Se Palmeiras Sao Paulo,334.0,8.0,Cracked bone,41.75,True
#10Paulinho,cold,2022-11-03,11.0,Se Palmeiras Sao Paulo,334.0,8.0,Cracked bone,41.75,True
#10Paulinho,Corona virus,2022-01-10,18.0,Se Palmeiras Sao Paulo,334.0,8.0,Cracked bone,41.75,True
#10Paulinho,Cruciate ligament tear,2020-07-02,316.0,Se Palmeiras Sao Paulo,334.0,8.0,Cracked bone,41.75,True
#10Paulinho,Broken arm,2018-04-05,117.0,Se Palmeiras Sao Paulo,334.0,8.0,Cracked bone,41.75,True
#23RaphaelVeiga,Shoulder injury,2025-04-10,24.0,Se Palmeiras Sao Paulo,162.0,3.0,Hamstring injury,54.0,True
#23RaphaelVeiga,Lumbar vertebra problems,2025-03-31,6.0,Se Palmeiras Sao Paulo,162.0,3.0,Hamstring injury,54.0,True
#23RaphaelVeiga,Hamstring injury,2023-04-10,15.0,Se Palmeiras Sao Paulo,162.0,3.0,Hamstring injury,54.0,True
#23RaphaelVeiga,Arthroscopy,2022-08-30,125.0,Se Palmeiras Sao Paulo,162.0,3.0,Hamstring injury,54.0,True
#23RaphaelVeiga,Muscle injury,2022-06-05,22.0,Se Palmeiras Sao Paulo,162.0,3.0,Hamstring injury,54.0,True
#23RaphaelVeiga,Corona virus,2020-11-20,15.0,Se Palmeiras Sao Paulo,162.0,3.0,Hamstring injury,54.0,True
#8RichardRíos,Injury to the ankle,2025-04-21,6.0,Se Palmeiras Sao Paulo,,,,,
#33Rony,Broken arm,2023-04-10,16.0,Se Palmeiras Sao Paulo,32.0,2.0,Broken arm,16.0,False
#33Rony,Corona virus,2020-11-20,9.0,Se Palmeiras Sao Paulo,32.0,2.0,Broken arm,16.0,False
#22Vitor Reis,Muscle injury,2024-08-22,24.0,Se Palmeiras Sao Paulo,24.0,1.0,Muscle injury,24.0,False
#9Vitor Roque,Hamstring injury,2025-04-21,6.0,Se Palmeiras Sao Paulo,66.0,2.0,Bruise on ankle,33.0,True
#9Vitor Roque,Bruise on ankle,2024-09-25,3.0,Se Palmeiras Sao Paulo,66.0,2.0,Bruise on ankle,33.0,True
#9Vitor Roque,Bruise on ankle,2023-09-23,63.0,Se Palmeiras Sao Paulo,66.0,2.0,Bruise on ankle,33.0,True
#10AlanRuiz,unknown injury,2025-02-01,11.0,Sport Club Do Recife,28.0,2.0,flu,14.0,False
#10AlanRuiz,flu,2024-12-15,4.0,Sport Club Do Recife,28.0,2.0,flu,14.0,False
#10AlanRuiz,Muscle injury,2024-10-01,24.0,Sport Club Do Recife,28.0,2.0,flu,14.0,False
#10AlanRuiz,Adductor injury,2017-10-06,29.0,Sport Club Do Recife,28.0,2.0,flu,14.0,False
#10AlanRuiz,Knee problems,2017-08-01,14.0,Sport Club Do Recife,28.0,2.0,flu,14.0,False
#10AlanRuiz,Knee injury,2017-05-01,51.0,Sport Club Do Recife,28.0,2.0,flu,14.0,False
#25Antônio Carlos,Hamstring injury,2025-03-30,20.0,Sport Club Do Recife,144.0,3.0,Leg injury,48.0,True
#25Antônio Carlos,Leg injury,2023-08-17,48.0,Sport Club Do Recife,144.0,3.0,Leg injury,48.0,True
#25Antônio Carlos,Leg injury,2023-02-20,18.0,Sport Club Do Recife,144.0,3.0,Leg injury,48.0,True
#25Antônio Carlos,Muscle tear,2022-04-04,78.0,Sport Club Do Recife,144.0,3.0,Leg injury,48.0,True
#17Carlos Alberto,Virus,2025-04-07,9.0,Sport Club Do Recife,,,,,
#59ChristianOrtíz,Calf injury,2025-02-23,38.0,Sport Club Do Recife,,,,,
#29Dalbert,Calf injury,2025-03-23,41.0,Sport Club Do Recife,330.0,4.0,Cruciate ligament injury,82.5,True
#29Dalbert,Cruciate ligament injury,2022-07-14,262.0,Sport Club Do Recife,330.0,4.0,Cruciate ligament injury,82.5,True
#29Dalbert,Ankle sprain,2022-05-16,16.0,Sport Club Do Recife,330.0,4.0,Cruciate ligament injury,82.5,True
#29Dalbert,Knee injury,2021-10-17,34.0,Sport Club Do Recife,330.0,4.0,Cruciate ligament injury,82.5,True
#29Dalbert,Thigh problems,2021-09-26,18.0,Sport Club Do Recife,330.0,4.0,Cruciate ligament injury,82.5,True
#29Dalbert,Leg injury,2018-11-22,26.0,Sport Club Do Recife,330.0,4.0,Cruciate ligament injury,82.5,True
#1Denis,Knee injury,2023-09-28,628.0,Sport Club Do Recife,908.0,2.0,Knee injury,454.0,True
#1Denis,Torn knee ligaments,2022-08-25,280.0,Sport Club Do Recife,908.0,2.0,Knee injury,454.0,True
#1Denis,Corona virus,2020-12-30,10.0,Sport Club Do Recife,908.0,2.0,Knee injury,454.0,True
#1Denis,Shoulder injury,2015-02-25,126.0,Sport Club Do Recife,908.0,2.0,Knee injury,454.0,True
#37Du Queiroz,Broken toe,2024-08-18,41.0,Sport Club Do Recife,41.0,1.0,Broken toe,41.0,False
#8FabricioDomínguez,Muscle injury,2023-11-18,31.0,Sport Club Do Recife,77.0,4.0,Muscle injury,19.25,True
#8FabricioDomínguez,unknown injury,2021-10-05,23.0,Sport Club Do Recife,77.0,4.0,Muscle injury,19.25,True
#8FabricioDomínguez,Fever,2021-07-22,7.0,Sport Club Do Recife,77.0,4.0,Muscle injury,19.25,True
#8FabricioDomínguez,Muscle injury,2021-04-25,16.0,Sport Club Do Recife,77.0,4.0,Muscle injury,19.25,True
#8FabricioDomínguez,Muscle injury,2020-02-05,33.0,Sport Club Do Recife,77.0,4.0,Muscle injury,19.25,True
Felipinho,Thigh problems,2025-04-27,35.0,Sport Club Do Recife,,,,,
Felipinho,Arm injury,2025-02-16,41.0,Sport Club Do Recife,,,,,
#7GonçaloPaciência,Hip flexor problems,2025-04-27,51.0,Sport Club Do Recife,74.0,4.0,Calf problems,18.5,True
#7GonçaloPaciência,muscular problems,2025-03-27,23.0,Sport Club Do Recife,74.0,4.0,Calf problems,18.5,True
#7GonçaloPaciência,Calf problems,2023-08-18,29.0,Sport Club Do Recife,74.0,4.0,Calf problems,18.5,True
#7GonçaloPaciência,strain,2022-02-15,8.0,Sport Club Do Recife,74.0,4.0,Calf problems,18.5,True
#7GonçaloPaciência,Corona virus,2021-12-30,6.0,Sport Club Do Recife,74.0,4.0,Calf problems,18.5,True
#7GonçaloPaciência,Muscle injury,2021-10-25,31.0,Sport Club Do Recife,74.0,4.0,Calf problems,18.5,True
#7GonçaloPaciência,Knee injury,2020-11-25,129.0,Sport Club Do Recife,74.0,4.0,Calf problems,18.5,True
#7GonçaloPaciência,Fitness,2020-06-12,11.0,Sport Club Do Recife,74.0,4.0,Calf problems,18.5,True
#7GonçaloPaciência,Muscle injury,2020-05-05,39.0,Sport Club Do Recife,74.0,4.0,Calf problems,18.5,True
#7GonçaloPaciência,Quarantine,2020-03-19,15.0,Sport Club Do Recife,74.0,4.0,Calf problems,18.5,True
#7GonçaloPaciência,muscular problems,2019-12-19,5.0,Sport Club Do Recife,74.0,4.0,Calf problems,18.5,True
#7GonçaloPaciência,Fitness,2018-12-03,29.0,Sport Club Do Recife,74.0,4.0,Calf problems,18.5,True
#7GonçaloPaciência,Meniscus tear,2018-09-10,84.0,Sport Club Do Recife,74.0,4.0,Calf problems,18.5,True
#7GonçaloPaciência,Knock,2017-03-01,7.0,Sport Club Do Recife,74.0,4.0,Calf problems,18.5,True
#7GonçaloPaciência,Cruciate ligament strain,2014-09-05,63.0,Sport Club Do Recife,74.0,4.0,Calf problems,18.5,True
#91Gustavo Coutinho,Muscle injury,2023-05-09,18.0,Sport Club Do Recife,36.0,2.0,Muscle injury,18.0,False
#19Hyoran,Hamstring injury,2024-04-13,46.0,Sport Club Do Recife,93.0,4.0,Hamstring injury,23.25,True
#19Hyoran,Injury to the ankle,2023-06-28,31.0,Sport Club Do Recife,93.0,4.0,Hamstring injury,23.25,True
#19Hyoran,Thigh problems,2022-11-06,6.0,Sport Club Do Recife,93.0,4.0,Hamstring injury,23.25,True
#19Hyoran,Ill,2022-10-10,10.0,Sport Club Do Recife,93.0,4.0,Hamstring injury,23.25,True
#19Hyoran,Knee injury,2016-11-10,62.0,Sport Club Do Recife,93.0,4.0,Hamstring injury,23.25,True
#16Igor Cariús,Hamstring injury,2025-04-07,19.0,Sport Club Do Recife,36.0,2.0,Bruise on ankle,18.0,False
#16Igor Cariús,Nerval disease,2025-03-30,7.0,Sport Club Do Recife,36.0,2.0,Bruise on ankle,18.0,False
#16Igor Cariús,Bruise on ankle,2022-10-07,9.0,Sport Club Do Recife,36.0,2.0,Bruise on ankle,18.0,False
#16Igor Cariús,Calf strain,2021-07-23,27.0,Sport Club Do Recife,36.0,2.0,Bruise on ankle,18.0,False
#16Igor Cariús,Rib fracture,2018-09-16,26.0,Sport Club Do Recife,36.0,2.0,Bruise on ankle,18.0,False
#16Igor Cariús,Hip injury,2018-07-24,9.0,Sport Club Do Recife,36.0,2.0,Bruise on ankle,18.0,False
#16Igor Cariús,Leg injury,2018-04-15,26.0,Sport Club Do Recife,36.0,2.0,Bruise on ankle,18.0,False
#2LeonelDi Plácido,Ligament tear,2020-12-06,257.0,Sport Club Do Recife,,,,,
#3Lucas Cunha,Torn lateral knee ligament,2023-04-30,205.0,Sport Club Do Recife,205.0,1.0,Torn lateral knee ligament,205.0,True
#3Lucas Cunha,Torn knee ligaments,2018-12-06,207.0,Sport Club Do Recife,205.0,1.0,Torn lateral knee ligament,205.0,True
#10Lucas Lima,Hamstring injury,2017-05-21,24.0,Sport Club Do Recife,,,,,
#33Matheus Alexandre,Knee injury,2024-08-18,18.0,Sport Club Do Recife,92.0,6.0,Knee injury,15.333333333333334,True
#33Matheus Alexandre,Muscle injury,2024-07-03,15.0,Sport Club Do Recife,92.0,6.0,Knee injury,15.333333333333334,True
#33Matheus Alexandre,Hamstring injury,2024-04-01,13.0,Sport Club Do Recife,92.0,6.0,Knee injury,15.333333333333334,True
#92Pablo,Calf injury,2025-05-12,13.0,Sport Club Do Recife,36.0,2.0,Knee injury,18.0,False
#92Pablo,Thigh problems,2025-04-13,20.0,Sport Club Do Recife,36.0,2.0,Knee injury,18.0,False
#92Pablo,Knee injury,2024-09-20,6.0,Sport Club Do Recife,36.0,2.0,Knee injury,18.0,False
#92Pablo,Hamstring injury,2024-08-12,30.0,Sport Club Do Recife,36.0,2.0,Knee injury,18.0,False
#37Pedro Lima,Ankle injury,2025-04-21,7.0,Sport Club Do Recife,,,,,
#15Rafael Thyere,Herniated disc,2025-01-27,110.0,Sport Club Do Recife,102.0,3.0,Thigh problems,34.0,True
#15Rafael Thyere,Thigh problems,2023-08-27,17.0,Sport Club Do Recife,102.0,3.0,Thigh problems,34.0,True
#15Rafael Thyere,Muscle injury,2022-07-20,52.0,Sport Club Do Recife,102.0,3.0,Thigh problems,34.0,True
#15Rafael Thyere,muscular problems,2021-08-09,33.0,Sport Club Do Recife,102.0,3.0,Thigh problems,34.0,True
#15Rafael Thyere,muscular problems,2019-11-15,4.0,Sport Club Do Recife,102.0,3.0,Thigh problems,34.0,True
#15Rafael Thyere,muscular problems,2019-06-11,21.0,Sport Club Do Recife,102.0,3.0,Thigh problems,34.0,True
#13Renzo,Cruciate ligament injury,2024-03-01,327.0,Sport Club Do Recife,327.0,1.0,Cruciate ligament injury,327.0,True
#20RodrigoAtencio,Broken toe,2025-03-03,40.0,Sport Club Do Recife,,,,,
#27SérgioOliveira,Thigh problems,2025-04-20,19.0,Sport Club Do Recife,125.0,6.0,Chest injury,20.83333333333333,True
#27SérgioOliveira,Hamstring injury,2025-04-13,6.0,Sport Club Do Recife,125.0,6.0,Chest injury,20.83333333333333,True
#27SérgioOliveira,Chest injury,2023-12-15,61.0,Sport Club Do Recife,125.0,6.0,Chest injury,20.83333333333333,True
#27SérgioOliveira,unknown injury,2023-08-29,15.0,Sport Club Do Recife,125.0,6.0,Chest injury,20.83333333333333,True
#27SérgioOliveira,Fitness,2022-12-19,5.0,Sport Club Do Recife,125.0,6.0,Chest injury,20.83333333333333,True
#27SérgioOliveira,Torn lateral ankle ligament,2022-11-26,24.0,Sport Club Do Recife,125.0,6.0,Chest injury,20.83333333333333,True
#27SérgioOliveira,Heel problems,2022-02-25,9.0,Sport Club Do Recife,125.0,6.0,Chest injury,20.83333333333333,True
#27SérgioOliveira,Corona virus,2021-01-17,11.0,Sport Club Do Recife,125.0,6.0,Chest injury,20.83333333333333,True
#27SérgioOliveira,Muscle injury,2020-07-10,13.0,Sport Club Do Recife,125.0,6.0,Chest injury,20.83333333333333,True
#27SérgioOliveira,Muscle injury,2019-11-01,21.0,Sport Club Do Recife,125.0,6.0,Chest injury,20.83333333333333,True
#27SérgioOliveira,Injury to the ankle,2019-08-14,67.0,Sport Club Do Recife,125.0,6.0,Chest injury,20.83333333333333,True
#27SérgioOliveira,Knee injury,2017-02-23,23.0,Sport Club Do Recife,125.0,6.0,Chest injury,20.83333333333333,True
#27SérgioOliveira,Knock,2016-08-15,9.0,Sport Club Do Recife,125.0,6.0,Chest injury,20.83333333333333,True
#27SérgioOliveira,Dislocation of the kneecap,2015-02-09,32.0,Sport Club Do Recife,125.0,6.0,Chest injury,20.83333333333333,True
#99Zé Roberto,Torn knee ligaments,2024-11-04,305.0,Sport Club Do Recife,305.0,1.0,Torn knee ligaments,305.0,True
#99Zé Roberto,Shin injury,2018-08-22,132.0,Sport Club Do Recife,305.0,1.0,Torn knee ligaments,305.0,True
#8AldairRodríguez,Muscle strain,2021-09-23,9.0,Amazonas Fc,9.0,1.0,Muscle strain,9.0,False
#15CarlosAkapo,Leg injury,2024-06-21,82.0,Amazonas Fc,232.0,6.0,unknown injury,38.66666666666666,True
#15CarlosAkapo,Foot injury,2024-03-04,25.0,Amazonas Fc,232.0,6.0,unknown injury,38.66666666666666,True
#15CarlosAkapo,Muscle injury,2023-05-01,33.0,Amazonas Fc,232.0,6.0,unknown injury,38.66666666666666,True
#15CarlosAkapo,unknown injury,2021-11-22,13.0,Amazonas Fc,232.0,6.0,unknown injury,38.66666666666666,True
#15CarlosAkapo,unknown injury,2021-09-27,21.0,Amazonas Fc,232.0,6.0,unknown injury,38.66666666666666,True
#15CarlosAkapo,Knee injury,2021-01-17,58.0,Amazonas Fc,232.0,6.0,unknown injury,38.66666666666666,True
#15CarlosAkapo,Knee injury,2019-02-26,281.0,Amazonas Fc,232.0,6.0,unknown injury,38.66666666666666,True
#15CarlosAkapo,Knee injury,2019-02-13,8.0,Amazonas Fc,232.0,6.0,unknown injury,38.66666666666666,True
#15CarlosAkapo,Hamstring injury,2018-12-02,21.0,Amazonas Fc,232.0,6.0,unknown injury,38.66666666666666,True
#15CarlosAkapo,Meniscus injury,2017-12-07,134.0,Amazonas Fc,232.0,6.0,unknown injury,38.66666666666666,True
#15CarlosAkapo,Knock,2016-10-10,17.0,Amazonas Fc,232.0,6.0,unknown injury,38.66666666666666,True
#22DiegoZabala,Muscle injury,2023-06-10,40.0,Amazonas Fc,40.0,1.0,Muscle injury,40.0,False
#22DiegoZabala,Broken collarbone,2011-08-28,64.0,Amazonas Fc,40.0,1.0,Muscle injury,40.0,False
#37Giovanni,Ankle injury,2021-01-19,48.0,Amazonas Fc,48.0,1.0,Ankle injury,48.0,False
#91Henrique Almeida,Ankle injury,2020-08-01,209.0,Amazonas Fc,,,,,
#91Henrique Almeida,Muscle injury,2019-12-01,10.0,Amazonas Fc,,,,,
#91Henrique Almeida,Muscle injury,2019-09-25,16.0,Amazonas Fc,,,,,
#91Henrique Almeida,Forearm fracture,2019-02-11,165.0,Amazonas Fc,,,,,
#91Henrique Almeida,Muscle injury,2018-10-25,19.0,Amazonas Fc,,,,,
#91Henrique Almeida,Fitness,2018-08-27,6.0,Amazonas Fc,,,,,
#3Jackson,Hamstring injury,2015-06-09,22.0,Amazonas Fc,,,,,
#50JonnyUchuari,Knee injury,2014-12-09,133.0,Amazonas Fc,,,,,
#50JonnyUchuari,Knee injury,2014-10-28,29.0,Amazonas Fc,,,,,
#50JonnyUchuari,Knee injury,2014-04-22,9.0,Amazonas Fc,,,,,
#7KevinRamírez,Ankle injury,2017-05-25,20.0,Amazonas Fc,,,,,
#7KevinRamírez,Ankle injury,2017-03-20,12.0,Amazonas Fc,,,,,
#7KevinRamírez,stomach problems,2016-10-20,6.0,Amazonas Fc,,,,,
#7KevinRamírez,stomach problems,2016-09-27,8.0,Amazonas Fc,,,,,
#7KevinRamírez,Adductor pain,2016-05-14,19.0,Amazonas Fc,,,,,
#7KevinRamírez,Adductor pain,2016-03-18,19.0,Amazonas Fc,,,,,
Maciel,Achilles tendon problems,2023-02-20,209.0,Amazonas Fc,209.0,1.0,Achilles tendon problems,209.0,True
#27NicolásLinares,Ankle problems,2023-10-30,41.0,Amazonas Fc,55.0,2.0,Ankle problems,27.5,False
#27NicolásLinares,Knee problems,2023-07-24,14.0,Amazonas Fc,55.0,2.0,Ankle problems,27.5,False
#27NicolásLinares,Corona virus,2020-08-09,15.0,Amazonas Fc,55.0,2.0,Ankle problems,27.5,False
#13NilsonCastrillón,Hip problems,2023-04-11,27.0,Amazonas Fc,321.0,15.0,Arch problems,21.4,True
#13NilsonCastrillón,Arch problems,2023-03-18,3.0,Amazonas Fc,321.0,15.0,Arch problems,21.4,True
#13NilsonCastrillón,Arch problems,2023-02-24,3.0,Amazonas Fc,321.0,15.0,Arch problems,21.4,True
#13NilsonCastrillón,Ill,2023-01-29,3.0,Amazonas Fc,321.0,15.0,Arch problems,21.4,True
#13NilsonCastrillón,Knee injury,2022-09-15,109.0,Amazonas Fc,321.0,15.0,Arch problems,21.4,True
#13NilsonCastrillón,Ankle problems,2022-04-10,15.0,Amazonas Fc,321.0,15.0,Arch problems,21.4,True
#13NilsonCastrillón,Ankle problems,2022-02-21,19.0,Amazonas Fc,321.0,15.0,Arch problems,21.4,True
#13NilsonCastrillón,unknown injury,2021-12-02,21.0,Amazonas Fc,321.0,15.0,Arch problems,21.4,True
#13NilsonCastrillón,Achilles heel problems,2021-11-08,24.0,Amazonas Fc,321.0,15.0,Arch problems,21.4,True
#13NilsonCastrillón,Arch problems,2021-11-07,3.0,Amazonas Fc,321.0,15.0,Arch problems,21.4,True
#13NilsonCastrillón,Arch problems,2021-10-28,4.0,Amazonas Fc,321.0,15.0,Arch problems,21.4,True
#13NilsonCastrillón,Muscle injury,2021-09-19,41.0,Amazonas Fc,321.0,15.0,Arch problems,21.4,True
#13NilsonCastrillón,unknown injury,2021-08-30,16.0,Amazonas Fc,321.0,15.0,Arch problems,21.4,True
#13NilsonCastrillón,Foot injury,2021-07-31,27.0,Amazonas Fc,321.0,15.0,Arch problems,21.4,True
#13NilsonCastrillón,Hip problems,2021-05-26,6.0,Amazonas Fc,321.0,15.0,Arch problems,21.4,True
#31Renan,Calf injury,2024-02-23,58.0,Amazonas Fc,82.0,2.0,Calf injury,41.0,True
#31Renan,Calf injury,2024-01-26,24.0,Amazonas Fc,82.0,2.0,Calf injury,41.0,True
#31Renan,Muscle strain,2020-09-13,18.0,Amazonas Fc,82.0,2.0,Calf injury,41.0,True
#31Renan,Muscle strain,2018-08-16,10.0,Amazonas Fc,82.0,2.0,Calf injury,41.0,True
#30SantiagoViera,Ill,2017-02-23,5.0,Amazonas Fc,,,,,
#30SantiagoViera,Meniscus injury,2016-08-15,100.0,Amazonas Fc,,,,,
#99Sassá,Leg injury,2018-07-14,61.0,Amazonas Fc,,,,,
#99Sassá,Leg injury,2017-10-30,123.0,Amazonas Fc,,,,,
#99Sassá,Knee injury,2015-10-31,184.0,Amazonas Fc,,,,,
Sidcley,Thigh problems,2022-10-03,28.0,Amazonas Fc,56.0,2.0,Thigh problems,28.0,False
Sidcley,Muscle contusion,2021-10-24,28.0,Amazonas Fc,56.0,2.0,Thigh problems,28.0,False
#26Vágner Dias,unknown injury,2024-08-10,68.0,Amazonas Fc,68.0,1.0,unknown injury,68.0,True
#26Vágner Dias,Ankle injury,2020-09-15,35.0,Amazonas Fc,68.0,1.0,unknown injury,68.0,True
#26Vágner Dias,Ankle injury,2019-11-30,123.0,Amazonas Fc,68.0,1.0,unknown injury,68.0,True
#4WellingtonNascimento,Knee problems,2021-11-16,13.0,Amazonas Fc,13.0,1.0,Knee problems,13.0,False
YayaSanogo,Muscle injury,2023-07-12,66.0,Amazonas Fc,154.0,3.0,Muscle injury,51.333333333333336,True
YayaSanogo,Fitness,2023-05-03,18.0,Amazonas Fc,154.0,3.0,Muscle injury,51.333333333333336,True
YayaSanogo,unknown injury,2023-02-20,70.0,Amazonas Fc,154.0,3.0,Muscle injury,51.333333333333336,True
YayaSanogo,Shoulder injury,2020-01-12,41.0,Amazonas Fc,154.0,3.0,Muscle injury,51.333333333333336,True
YayaSanogo,Calf injury,2016-04-24,312.0,Amazonas Fc,154.0,3.0,Muscle injury,51.333333333333336,True
YayaSanogo,Ill,2015-12-04,7.0,Amazonas Fc,154.0,3.0,Muscle injury,51.333333333333336,True
YayaSanogo,Groin injury,2015-09-14,59.0,Amazonas Fc,154.0,3.0,Muscle injury,51.333333333333336,True
YayaSanogo,Hamstring injury,2014-09-10,51.0,Amazonas Fc,154.0,3.0,Muscle injury,51.333333333333336,True
YayaSanogo,Back injury,2013-09-05,159.0,Amazonas Fc,154.0,3.0,Muscle injury,51.333333333333336,True
YayaSanogo,Adductor injury,2011-12-15,168.0,Amazonas Fc,154.0,3.0,Muscle injury,51.333333333333336,True
YayaSanogo,Broken tibia,2010-09-19,213.0,Amazonas Fc,154.0,3.0,Muscle injury,51.333333333333336,True
#88Cauan Barros,Meniscus injury,2023-06-07,55.0,America Futebol Clube Mg,55.0,1.0,Meniscus injury,55.0,False
Daniel Jr,Hamstring injury,2024-06-07,14.0,America Futebol Clube Mg,158.0,6.0,Hamstring injury,26.33333333333333,True
Daniel Jr,Groin injury,2024-03-11,27.0,America Futebol Clube Mg,158.0,6.0,Hamstring injury,26.33333333333333,True
Daniel Jr,Hamstring injury,2023-06-21,38.0,America Futebol Clube Mg,158.0,6.0,Hamstring injury,26.33333333333333,True
#5FernandoElizari,unknown injury,2023-03-07,21.0,America Futebol Clube Mg,39.0,2.0,unknown injury,19.5,False
#5FernandoElizari,Torn muscle bundle,2021-09-29,18.0,America Futebol Clube Mg,39.0,2.0,unknown injury,19.5,False
#3Lucão,unknown injury,2018-03-05,89.0,America Futebol Clube Mg,,,,,
#3Lucão,Muscle injury,2018-01-06,48.0,America Futebol Clube Mg,,,,,
#3Lucão,unknown injury,2017-11-20,29.0,America Futebol Clube Mg,,,,,
#23Mariano,Muscle injury,2024-07-06,15.0,America Futebol Clube Mg,78.0,4.0,Muscle injury,19.5,True
#23Mariano,Thigh problems,2024-06-10,11.0,America Futebol Clube Mg,78.0,4.0,Muscle injury,19.5,True
#23Mariano,Calf injury,2024-02-20,39.0,America Futebol Clube Mg,78.0,4.0,Muscle injury,19.5,True
#23Mariano,Hamstring injury,2022-10-02,13.0,America Futebol Clube Mg,78.0,4.0,Muscle injury,19.5,True
#23Mariano,Hamstring injury,2020-11-09,23.0,America Futebol Clube Mg,78.0,4.0,Muscle injury,19.5,True
#23Mariano,unknown injury,2019-02-02,10.0,America Futebol Clube Mg,78.0,4.0,Muscle injury,19.5,True
#23Mariano,unknown injury,2018-07-23,18.0,America Futebol Clube Mg,78.0,4.0,Muscle injury,19.5,True
#23Mariano,unknown injury,2018-04-29,12.0,America Futebol Clube Mg,78.0,4.0,Muscle injury,19.5,True
#23Mariano,Hamstring strain,2017-12-09,19.0,America Futebol Clube Mg,78.0,4.0,Muscle injury,19.5,True
#23Mariano,Knee injury,2017-04-28,22.0,America Futebol Clube Mg,78.0,4.0,Muscle injury,19.5,True
Matheus Davó,Cruciate ligament injury,2023-11-25,258.0,America Futebol Clube Mg,774.0,3.0,Cruciate ligament injury,258.0,True
#30Nicolas,Adductor injury,2025-04-06,20.0,America Futebol Clube Mg,,,,,
#45Ricardo Silva,Fitness,2022-02-20,23.0,America Futebol Clube Mg,23.0,1.0,Fitness,23.0,False
#17Stênio,Shoulder injury,2022-10-01,92.0,America Futebol Clube Mg,116.0,2.0,Shoulder injury,58.0,True
#17Stênio,Muscle injury,2021-11-02,24.0,America Futebol Clube Mg,116.0,2.0,Shoulder injury,58.0,True
#29Vitor Jacaré,Cruciate ligament injury,2021-03-13,246.0,America Futebol Clube Mg,246.0,1.0,Cruciate ligament injury,246.0,True
#9Willian Bigode,Hamstring injury,2024-03-08,59.0,America Futebol Clube Mg,102.0,2.0,Hamstring injury,51.0,True
#9Willian Bigode,Thigh problems,2023-07-17,43.0,America Futebol Clube Mg,102.0,2.0,Hamstring injury,51.0,True
#9Willian Bigode,Corona virus,2020-11-20,15.0,America Futebol Clube Mg,102.0,2.0,Hamstring injury,51.0,True
#9Willian Bigode,Torn knee ligaments,2018-11-26,191.0,America Futebol Clube Mg,102.0,2.0,Hamstring injury,51.0,True
#77Juninho,Groin strain,2022-01-29,93.0,Associacao Ferroviaria De Esportes Sp,93.0,1.0,Groin strain,93.0,True
#7Kevin,Adductor pain,2023-08-26,23.0,Associacao Ferroviaria De Esportes Sp,23.0,1.0,Adductor pain,23.0,False
#28Pastor,unknown injury,2025-02-10,4.0,Associacao Ferroviaria De Esportes Sp,,,,,
#22Ronaldo Alves,Knee problems,2019-04-14,38.0,Associacao Ferroviaria De Esportes Sp,,,,,
#22Ronaldo Alves,Leg injury,2015-06-04,22.0,Associacao Ferroviaria De Esportes Sp,,,,,
#37Thiago Lopes,Achilles tendon rupture,2021-10-05,209.0,Associacao Ferroviaria De Esportes Sp,254.0,2.0,Achilles tendon rupture,127.0,True
#37Thiago Lopes,Achilles tendon problems,2021-08-17,45.0,Associacao Ferroviaria De Esportes Sp,254.0,2.0,Achilles tendon rupture,127.0,True
Victor Andrade,Muscle injury,2018-03-12,15.0,Associacao Ferroviaria De Esportes Sp,,,,,
Victor Andrade,Muscle injury,2018-01-25,26.0,Associacao Ferroviaria De Esportes Sp,,,,,
Victor Andrade,Fitness,2017-05-02,119.0,Associacao Ferroviaria De Esportes Sp,,,,,
Victor Andrade,Cruciate ligament tear,2016-10-26,188.0,Associacao Ferroviaria De Esportes Sp,,,,,
#16Alex,Broken ankle,2023-09-07,226.0,Athletic Club Mg,286.0,2.0,Broken ankle,143.0,True
#16Alex,Thigh problems,2022-11-03,60.0,Athletic Club Mg,286.0,2.0,Broken ankle,143.0,True
#8Andrey,Torn lateral knee ligament,2022-05-28,282.0,Athletic Club Mg,846.0,3.0,Torn lateral knee ligament,282.0,True
#11Ezequiel,Right hip flexor problems,2024-09-02,223.0,Athletic Club Mg,438.0,4.0,Right hip flexor problems,109.5,True
#11Ezequiel,Hamstring injury,2024-04-01,63.0,Athletic Club Mg,438.0,4.0,Right hip flexor problems,109.5,True
#11Ezequiel,Adductor pain,2023-08-07,29.0,Athletic Club Mg,438.0,4.0,Right hip flexor problems,109.5,True
#11Ezequiel,Ankle injury,2022-03-24,123.0,Athletic Club Mg,438.0,4.0,Right hip flexor problems,109.5,True
#15FernandoMartínez,muscular problems,2023-11-07,14.0,Athletic Club Mg,14.0,1.0,muscular problems,14.0,False
#1Jefferson Luis,Ligament tear,2023-08-02,153.0,Athletic Club Mg,153.0,1.0,Ligament tear,153.0,True
#9Lincoln,Ill,2024-11-23,3.0,Athletic Club Mg,173.0,3.0,Ill,57.66666666666666,True
#9Lincoln,Torn muscle fiber,2024-07-26,92.0,Athletic Club Mg,173.0,3.0,Ill,57.66666666666666,True
#9Lincoln,Hamstring injury,2021-06-14,78.0,Athletic Club Mg,173.0,3.0,Ill,57.66666666666666,True
#9Lincoln,Hamstring injury,2019-07-28,84.0,Athletic Club Mg,173.0,3.0,Ill,57.66666666666666,True
Robert Santos,Fitness,2024-03-29,74.0,Athletic Club Mg,148.0,2.0,Fitness,74.0,True
Rômulo,Dead leg,2020-02-08,18.0,Athletic Club Mg,,,,,
Rômulo,unknown injury,2018-03-08,18.0,Athletic Club Mg,,,,,
Rômulo,Muscle fatigue,2016-03-12,28.0,Athletic Club Mg,,,,,
Rômulo,Pubalgia,2015-09-19,133.0,Athletic Club Mg,,,,,
Rômulo,Nose injury,2015-05-18,44.0,Athletic Club Mg,,,,,
Rômulo,Adductor pain,2014-12-04,148.0,Athletic Club Mg,,,,,
Rômulo,Inguinal hernia,2014-09-30,27.0,Athletic Club Mg,,,,,
#38Sandry,Cruciate ligament injury,2023-08-10,283.0,Athletic Club Mg,601.0,4.0,Facial fracture,150.25,True
#38Sandry,Facial fracture,2023-04-30,62.0,Athletic Club Mg,601.0,4.0,Facial fracture,150.25,True
#38Sandry,Facial fracture,2023-02-20,20.0,Athletic Club Mg,601.0,4.0,Facial fracture,150.25,True
#38Sandry,Torn lateral knee ligament,2021-04-03,236.0,Athletic Club Mg,601.0,4.0,Facial fracture,150.25,True
#4Sidimar,Achilles tendon surgery,2022-06-21,128.0,Athletic Club Mg,128.0,1.0,Achilles tendon surgery,128.0,True
#52Wesley Gasolina,Torn knee ligaments,2023-02-13,169.0,Athletic Club Mg,470.0,4.0,Torn knee ligaments,117.5,True
#52Wesley Gasolina,Thigh problems,2022-10-11,82.0,Athletic Club Mg,470.0,4.0,Torn knee ligaments,117.5,True
#52Wesley Gasolina,unknown injury,2022-04-27,108.0,Athletic Club Mg,470.0,4.0,Torn knee ligaments,117.5,True
#52Wesley Gasolina,Adductor injury,2021-03-12,111.0,Athletic Club Mg,470.0,4.0,Torn knee ligaments,117.5,True
#52Wesley Gasolina,Corona virus,2020-09-27,45.0,Athletic Club Mg,470.0,4.0,Torn knee ligaments,117.5,True
#52Wesley Gasolina,flu,2020-01-18,10.0,Athletic Club Mg,470.0,4.0,Torn knee ligaments,117.5,True
AlejoCruz,Torn muscle bundle,2023-06-13,22.0,Atletico Clube Goianiense,22.0,1.0,Torn muscle bundle,22.0,False
Alix,Tendonitis,2024-07-29,47.0,Atletico Clube Goianiense,65.0,2.0,Tendonitis,32.5,True
Alix,Injury to the ankle,2024-06-12,18.0,Atletico Clube Goianiense,65.0,2.0,Tendonitis,32.5,True
ÁngeloAraos,Cruciate ligament tear,2024-02-16,298.0,Atletico Clube Goianiense,630.0,3.0,Cruciate ligament tear,210.0,True
ÁngeloAraos,Fitness,2024-01-01,41.0,Atletico Clube Goianiense,630.0,3.0,Cruciate ligament tear,210.0,True
ÁngeloAraos,Cruciate ligament tear,2023-03-16,291.0,Atletico Clube Goianiense,630.0,3.0,Cruciate ligament tear,210.0,True
#44Baralhas,Knock,2025-05-04,6.0,Atletico Clube Goianiense,,,,,
#44Baralhas,Knee injury,2025-03-24,9.0,Atletico Clube Goianiense,,,,,
Conrado,Cruciate ligament tear,2023-10-02,273.0,Atletico Clube Goianiense,303.0,2.0,Cruciate ligament tear,151.5,True
Conrado,unknown injury,2023-02-19,30.0,Atletico Clube Goianiense,303.0,2.0,Cruciate ligament tear,151.5,True
FedericoMartínez,Muscle injury,2023-02-25,21.0,Atletico Clube Goianiense,40.0,2.0,Muscle injury,20.0,False
FedericoMartínez,Torn muscle bundle,2023-01-10,19.0,Atletico Clube Goianiense,40.0,2.0,Muscle injury,20.0,False
Guilherme Romão,Hamstring injury,2022-06-30,44.0,Atletico Clube Goianiense,44.0,1.0,Hamstring injury,44.0,False
Guilherme Romão,Thigh problems,2019-10-10,16.0,Atletico Clube Goianiense,44.0,1.0,Hamstring injury,44.0,False
Heron,Torn knee ligaments,2024-07-11,341.0,Atletico Clube Goianiense,341.0,1.0,Torn knee ligaments,341.0,True
Jorginho,Achilles tendon problems,2024-09-12,278.0,Atletico Clube Goianiense,624.0,6.0,Achilles tendon problems,104.0,True
Jorginho,Hamstring injury,2023-07-03,30.0,Atletico Clube Goianiense,624.0,6.0,Achilles tendon problems,104.0,True
Jorginho,Knee problems,2023-05-06,4.0,Atletico Clube Goianiense,624.0,6.0,Achilles tendon problems,104.0,True
#21LucasKal,Head injury,2022-10-08,13.0,Atletico Clube Goianiense,48.0,2.0,Head injury,24.0,False
#21LucasKal,unknown injury,2021-02-01,35.0,Atletico Clube Goianiense,48.0,2.0,Head injury,24.0,False
Lucas Ramires,unknown injury,2023-09-01,62.0,Atletico Clube Goianiense,62.0,1.0,unknown injury,62.0,True
#19Luiz Fernando,Muscle injury,2024-09-26,7.0,Atletico Clube Goianiense,14.0,2.0,Muscle injury,7.0,False
Marcelinho,Hamstring injury,2024-06-22,32.0,Atletico Clube Goianiense,32.0,1.0,Hamstring injury,32.0,False
Pedro Henrique,Hamstring injury,2024-08-19,26.0,Atletico Clube Goianiense,374.0,4.0,Hamstring injury,93.5,True
Pedro Henrique,Knock,2024-06-23,31.0,Atletico Clube Goianiense,374.0,4.0,Hamstring injury,93.5,True
Pedro Henrique,Hamstring injury,2024-02-14,17.0,Atletico Clube Goianiense,374.0,4.0,Hamstring injury,93.5,True
Pedro Henrique,Cruciate ligament injury,2022-09-05,300.0,Atletico Clube Goianiense,374.0,4.0,Hamstring injury,93.5,True
Pedro Henrique,unknown injury,2020-06-01,32.0,Atletico Clube Goianiense,374.0,4.0,Hamstring injury,93.5,True
Pedro Henrique,Muscle injury,2018-08-01,13.0,Atletico Clube Goianiense,374.0,4.0,Hamstring injury,93.5,True
Pedro Henrique,unknown injury,2018-02-19,24.0,Atletico Clube Goianiense,374.0,4.0,Hamstring injury,93.5,True
Pedro Henrique,muscular problems,2017-12-12,29.0,Atletico Clube Goianiense,374.0,4.0,Hamstring injury,93.5,True
Pedro Henrique,Knock,2017-09-28,46.0,Atletico Clube Goianiense,374.0,4.0,Hamstring injury,93.5,True
Rhaldney,Muscle injury,2024-06-27,10.0,Atletico Clube Goianiense,10.0,1.0,Muscle injury,10.0,False
Robert Santos,Fitness,2024-03-29,74.0,Atletico Clube Goianiense,148.0,2.0,Fitness,74.0,True
#96Ronaldo,Hamstring injury,2025-04-18,33.0,Atletico Clube Goianiense,54.0,4.0,muscular problems,13.5,True
#96Ronaldo,Knee injury,2025-01-20,20.0,Atletico Clube Goianiense,54.0,4.0,muscular problems,13.5,True
#96Ronaldo,muscular problems,2024-07-25,24.0,Atletico Clube Goianiense,54.0,4.0,muscular problems,13.5,True
#96Ronaldo,Shoulder injury,2022-08-01,3.0,Atletico Clube Goianiense,54.0,4.0,muscular problems,13.5,True
Ruan,Groin injury,2024-10-04,90.0,Atletico Clube Goianiense,143.0,4.0,Groin injury,35.75,True
Ruan,Hip problems,2024-09-05,7.0,Atletico Clube Goianiense,143.0,4.0,Groin injury,35.75,True
Ruan,Hamstring injury,2023-05-10,36.0,Atletico Clube Goianiense,143.0,4.0,Groin injury,35.75,True
Ruan,Calf injury,2023-04-24,10.0,Atletico Clube Goianiense,143.0,4.0,Groin injury,35.75,True
Ruan,Hamstring injury,2019-02-01,34.0,Atletico Clube Goianiense,143.0,4.0,Groin injury,35.75,True
Talisson,Hamstring injury,2024-07-04,24.0,Atletico Clube Goianiense,34.0,2.0,Hamstring injury,17.0,False
Talisson,Virus,2024-06-10,10.0,Atletico Clube Goianiense,34.0,2.0,Hamstring injury,17.0,False
Vladimir,muscular problems,2022-11-10,67.0,Atletico Clube Goianiense,91.0,2.0,muscular problems,45.5,True
Vladimir,Knee problems,2022-09-04,24.0,Atletico Clube Goianiense,91.0,2.0,muscular problems,45.5,True
Wallace,unknown injury,2022-01-14,13.0,Atletico Clube Goianiense,73.0,5.0,unknown injury,14.6,True
Wallace,unknown injury,2021-12-26,17.0,Atletico Clube Goianiense,73.0,5.0,unknown injury,14.6,True
Wallace,Torn thigh muscle,2021-11-05,22.0,Atletico Clube Goianiense,73.0,5.0,unknown injury,14.6,True
Wallace,Quarantine,2021-07-10,15.0,Atletico Clube Goianiense,73.0,5.0,unknown injury,14.6,True
Wallace,Torn thigh muscle,2021-04-21,6.0,Atletico Clube Goianiense,73.0,5.0,unknown injury,14.6,True
Wallace,unknown injury,2020-12-05,9.0,Atletico Clube Goianiense,73.0,5.0,unknown injury,14.6,True
Wallace,Muscle injury,2020-02-21,143.0,Atletico Clube Goianiense,73.0,5.0,unknown injury,14.6,True
Wallace,Muscle injury,2019-09-14,38.0,Atletico Clube Goianiense,73.0,5.0,unknown injury,14.6,True
Wallace,Hamstring injury,2019-01-31,46.0,Atletico Clube Goianiense,73.0,5.0,unknown injury,14.6,True
Wallace,Knee problems,2019-01-12,4.0,Atletico Clube Goianiense,73.0,5.0,unknown injury,14.6,True
Wallace,Shin injury,2018-03-28,6.0,Atletico Clube Goianiense,73.0,5.0,unknown injury,14.6,True
Wallace,Shin injury,2018-02-05,4.0,Atletico Clube Goianiense,73.0,5.0,unknown injury,14.6,True
Wallace,Thigh problems,2017-11-29,8.0,Atletico Clube Goianiense,73.0,5.0,unknown injury,14.6,True
Wallace,Calf muscle tear,2017-09-11,75.0,Atletico Clube Goianiense,73.0,5.0,unknown injury,14.6,True
#99Ademilson,unknown injury,2021-10-06,63.0,Avai Fc Sc,192.0,4.0,unknown injury,48.0,True
#99Ademilson,Hamstring strain,2021-08-16,33.0,Avai Fc Sc,192.0,4.0,unknown injury,48.0,True
#99Ademilson,Groin injury,2019-10-16,15.0,Avai Fc Sc,192.0,4.0,unknown injury,48.0,True
#99Ademilson,Groin injury,2018-03-18,116.0,Avai Fc Sc,192.0,4.0,unknown injury,48.0,True
#99Ademilson,Groin injury,2017-09-16,78.0,Avai Fc Sc,192.0,4.0,unknown injury,48.0,True
#99Ademilson,Adductor injury,2017-04-09,16.0,Avai Fc Sc,192.0,4.0,unknown injury,48.0,True
#99Ademilson,Injury to the ankle,2016-03-06,13.0,Avai Fc Sc,192.0,4.0,unknown injury,48.0,True
#5Barreto,Hamstring injury,2024-07-28,34.0,Avai Fc Sc,86.0,2.0,Hamstring injury,43.0,True
#5Barreto,Internal ligament tear,2023-01-15,52.0,Avai Fc Sc,86.0,2.0,Hamstring injury,43.0,True
#31César,Thigh problems,2019-09-24,4.0,Avai Fc Sc,,,,,
#31César,Knee injury,2018-03-19,80.0,Avai Fc Sc,,,,,
#93Judson,Knee surgery,2023-08-02,45.0,Avai Fc Sc,91.0,3.0,Knee surgery,30.33333333333333,True
#93Judson,Knee injury,2023-07-20,13.0,Avai Fc Sc,91.0,3.0,Knee surgery,30.33333333333333,True
#93Judson,Knee problems,2023-02-20,33.0,Avai Fc Sc,91.0,3.0,Knee surgery,30.33333333333333,True
#93Judson,Leg injury,2019-04-01,18.0,Avai Fc Sc,91.0,3.0,Knee surgery,30.33333333333333,True
#63Marcos Vinícius,Hamstring injury,2019-08-01,40.0,Avai Fc Sc,,,,,
#10Marquinhos Gabriel,Hamstring injury,2024-03-20,10.0,Avai Fc Sc,10.0,1.0,Hamstring injury,10.0,False
#10Marquinhos Gabriel,Hamstring strain,2017-10-27,22.0,Avai Fc Sc,10.0,1.0,Hamstring injury,10.0,False
Maurício Garcez,Ligament stretching,2023-06-03,8.0,Avai Fc Sc,24.0,3.0,Ligament stretching,8.0,True
#66Quaresma,unknown injury,2024-08-20,74.0,Avai Fc Sc,279.0,3.0,unknown injury,93.0,True
#66Quaresma,Knee surgery,2023-08-28,190.0,Avai Fc Sc,279.0,3.0,unknown injury,93.0,True
#66Quaresma,unknown injury,2021-09-19,15.0,Avai Fc Sc,279.0,3.0,unknown injury,93.0,True
#40RobertBurbano,unknown injury,2017-05-12,42.0,Avai Fc Sc,,,,,
#40RobertBurbano,Muscle injury,2017-01-01,74.0,Avai Fc Sc,,,,,
#40RobertBurbano,traffic accident,2015-04-10,43.0,Avai Fc Sc,,,,,
#40RobertBurbano,Torn muscle fiber,2014-10-12,40.0,Avai Fc Sc,,,,,
WilliamPottker,Hamstring injury,2022-10-25,68.0,Avai Fc Sc,136.0,2.0,Hamstring injury,68.0,True
Edson,Muscle injury,2019-08-15,10.0,Botafogo Futebol Clube Sp,,,,,
Jonas Toró,Corona virus,2021-01-05,17.0,Botafogo Futebol Clube Sp,17.0,1.0,Corona virus,17.0,False
Leandro Pereira,Hamstring injury,2021-11-17,19.0,Botafogo Futebol Clube Sp,78.0,2.0,Hamstring injury,39.0,True
Leandro Pereira,Hamstring injury,2021-09-11,59.0,Botafogo Futebol Clube Sp,78.0,2.0,Hamstring injury,39.0,True
Leandro Pereira,Hamstring strain,2019-09-07,44.0,Botafogo Futebol Clube Sp,78.0,2.0,Hamstring injury,39.0,True
Leandro Pereira,Lumbago,2019-02-20,19.0,Botafogo Futebol Clube Sp,78.0,2.0,Hamstring injury,39.0,True
Luquinha,unknown injury,2019-08-01,16.0,Botafogo Futebol Clube Sp,,,,,
Matheus Costa,unknown injury,2022-09-05,31.0,Botafogo Futebol Clube Sp,85.0,2.0,unknown injury,42.5,True
Matheus Costa,unknown injury,2021-09-01,54.0,Botafogo Futebol Clube Sp,85.0,2.0,unknown injury,42.5,True
Robinho,Cruciate ligament injury,2023-06-09,279.0,Botafogo Futebol Clube Sp,279.0,1.0,Cruciate ligament injury,279.0,True
SabitAbdulai,Cruciate ligament tear,2021-07-28,308.0,Botafogo Futebol Clube Sp,308.0,1.0,Cruciate ligament tear,308.0,True
Victor Souza,Knee injury,2022-04-23,371.0,Botafogo Futebol Clube Sp,371.0,1.0,Knee injury,371.0,True
Wallison,Knee injury,2020-07-03,30.0,Botafogo Futebol Clube Sp,,,,,
Wallison,Knee injury,2019-08-29,55.0,Botafogo Futebol Clube Sp,,,,,
#11Getulio,Groin strain,2023-04-06,29.0,Chapecoense,29.0,1.0,Groin strain,29.0,False
#11Getulio,unknown injury,2019-08-01,152.0,Chapecoense,29.0,1.0,Groin strain,29.0,False
#22Maílton,Right hip flexor problems,2021-09-13,53.0,Chapecoense,53.0,1.0,Right hip flexor problems,53.0,False
Matheus Belém,Muscle injury,2024-05-09,6.0,Chapecoense,24.0,4.0,Muscle injury,6.0,True
Matheus Belém,Muscle injury,2024-05-09,6.0,Chapecoense,24.0,4.0,Muscle injury,6.0,True
Ronaldo Mendes,Stress reaction of the bone,2021-10-22,63.0,Chapecoense,124.0,2.0,Stress reaction of the bone,62.0,True
Ronaldo Mendes,Injury to the ankle,2021-08-23,61.0,Chapecoense,124.0,2.0,Stress reaction of the bone,62.0,True
WaltersonSilva,Fitness,2023-07-07,12.0,Chapecoense,41.0,3.0,Fitness,13.666666666666666,True
WaltersonSilva,Corona virus,2022-01-29,7.0,Chapecoense,41.0,3.0,Fitness,13.666666666666666,True
WaltersonSilva,unknown injury,2021-08-09,22.0,Chapecoense,41.0,3.0,Fitness,13.666666666666666,True
#17AgustínCanobbio,Skull fracture,2025-05-15,33.0,Club Athletico Paranaense,210.0,8.0,Bone edema,26.25,True
#17AgustínCanobbio,Bone edema,2024-10-19,43.0,Club Athletico Paranaense,210.0,8.0,Bone edema,26.25,True
#17AgustínCanobbio,Injury to the ankle,2024-05-05,10.0,Club Athletico Paranaense,210.0,8.0,Bone edema,26.25,True
#17AgustínCanobbio,Knock,2022-06-10,18.0,Club Athletico Paranaense,210.0,8.0,Bone edema,26.25,True
#17AgustínCanobbio,Facial fracture,2022-03-06,34.0,Club Athletico Paranaense,210.0,8.0,Bone edema,26.25,True
#17AgustínCanobbio,Leg injury,2020-08-30,86.0,Club Athletico Paranaense,210.0,8.0,Bone edema,26.25,True
#17AgustínCanobbio,Rest,2019-05-25,3.0,Club Athletico Paranaense,210.0,8.0,Bone edema,26.25,True
#17AgustínCanobbio,Rest,2019-03-02,4.0,Club Athletico Paranaense,210.0,8.0,Bone edema,26.25,True
#17AgustínCanobbio,Stomach flu,2018-04-12,6.0,Club Athletico Paranaense,210.0,8.0,Bone edema,26.25,True
#27Alan Kardec,Thigh problems,2023-10-23,17.0,Club Athletico Paranaense,295.0,4.0,Thigh problems,73.75,True
#27Alan Kardec,Herniated disc,2022-10-30,242.0,Club Athletico Paranaense,295.0,4.0,Thigh problems,73.75,True
#27Alan Kardec,Hip flexor problems,2022-08-27,21.0,Club Athletico Paranaense,295.0,4.0,Thigh problems,73.75,True
#27Alan Kardec,Muscle injury,2021-07-24,15.0,Club Athletico Paranaense,295.0,4.0,Thigh problems,73.75,True
#27Alan Kardec,Knee surgery,2015-04-01,184.0,Club Athletico Paranaense,295.0,4.0,Thigh problems,73.75,True
#27Alan Kardec,Achilles tendon problems,2010-08-06,44.0,Club Athletico Paranaense,295.0,4.0,Thigh problems,73.75,True
#24Bento,Abdominal muscle strain,2024-07-24,15.0,Club Athletico Paranaense,65.0,3.0,Abdominal muscle strain,21.666666666666668,True
#24Bento,Abdominal muscle strain,2024-07-24,15.0,Club Athletico Paranaense,65.0,3.0,Abdominal muscle strain,21.666666666666668,True
#24Bento,Thigh problems,2023-08-27,35.0,Club Athletico Paranaense,65.0,3.0,Abdominal muscle strain,21.666666666666668,True
#10BrunoZapelli,Injury to the ankle,2024-09-20,6.0,Club Athletico Paranaense,6.0,1.0,Injury to the ankle,6.0,False
#88Christian,Dental surgery,2025-05-05,6.0,Club Athletico Paranaense,146.0,4.0,Hamstring injury,36.5,True
#88Christian,Hamstring injury,2024-10-16,31.0,Club Athletico Paranaense,146.0,4.0,Hamstring injury,36.5,True
#88Christian,Hamstring injury,2023-07-25,42.0,Club Athletico Paranaense,146.0,4.0,Hamstring injury,36.5,True
#2Dudu,Knee problems,2024-06-14,12.0,Club Athletico Paranaense,102.0,6.0,Knee problems,17.0,True
#2Dudu,Knock,2024-02-23,19.0,Club Athletico Paranaense,102.0,6.0,Knee problems,17.0,True
#2Dudu,Thigh problems,2023-03-06,20.0,Club Athletico Paranaense,102.0,6.0,Knee problems,17.0,True
#14Erick,Hamstring injury,2025-05-19,29.0,Club Athletico Paranaense,28.0,2.0,muscular problems,14.0,False
#14Erick,muscular problems,2024-11-17,14.0,Club Athletico Paranaense,28.0,2.0,muscular problems,14.0,False
#15FabrizioPeralta,Fitness,2024-07-19,22.0,Club Athletico Paranaense,22.0,1.0,Fitness,22.0,False
#5Felipinho,Ill,2024-06-18,50.0,Club Athletico Paranaense,50.0,1.0,Ill,50.0,False
#6Fernando,ankle sprain,2024-09-02,17.0,Club Athletico Paranaense,295.0,2.0,ankle sprain,147.5,True
#6Fernando,Torn lateral knee ligament,2023-06-23,278.0,Club Athletico Paranaense,295.0,2.0,ankle sprain,147.5,True
#8Giuliano,Hamstring injury,2024-07-23,204.0,Club Athletico Paranaense,282.0,6.0,unknown injury,47.0,True
#8Giuliano,Hamstring injury,2024-07-06,16.0,Club Athletico Paranaense,282.0,6.0,unknown injury,47.0,True
#8Giuliano,Calf injury,2024-02-28,19.0,Club Athletico Paranaense,282.0,6.0,unknown injury,47.0,True
#8Giuliano,unknown injury,2021-04-29,18.0,Club Athletico Paranaense,282.0,6.0,unknown injury,47.0,True
#8Giuliano,unknown injury,2021-02-09,15.0,Club Athletico Paranaense,282.0,6.0,unknown injury,47.0,True
#8Giuliano,unknown injury,2021-01-22,10.0,Club Athletico Paranaense,282.0,6.0,unknown injury,47.0,True
#8Giuliano,Shoulder injury,2018-01-20,20.0,Club Athletico Paranaense,282.0,6.0,unknown injury,47.0,True
#8Giuliano,Leg injury,2013-08-23,46.0,Club Athletico Paranaense,282.0,6.0,unknown injury,47.0,True
#18HayenPalacios,Cruciate ligament injury,2022-08-09,403.0,Club Athletico Paranaense,403.0,1.0,Cruciate ligament injury,403.0,True
#11Isaac,Hamstring injury,2024-07-22,19.0,Club Athletico Paranaense,52.0,2.0,Hamstring injury,26.0,False
#11Isaac,Hamstring injury,2024-06-18,33.0,Club Athletico Paranaense,52.0,2.0,Hamstring injury,26.0,False
#20Julimar,Inflammation of ligaments in the knee,2024-11-17,212.0,Club Athletico Paranaense,512.0,2.0,Inflammation of ligaments in the knee,256.0,True
#20Julimar,Torn lateral knee ligament,2022-03-21,300.0,Club Athletico Paranaense,512.0,2.0,Inflammation of ligaments in the knee,256.0,True
#3Léo,Thigh problems,2022-07-17,9.0,Club Athletico Paranaense,46.0,4.0,Thigh problems,11.5,True
#3Léo,Corona virus,2021-03-09,14.0,Club Athletico Paranaense,46.0,4.0,Thigh problems,11.5,True
#37LucasEsquivel,Inflammation of pubic bone,2024-02-13,32.0,Club Athletico Paranaense,32.0,1.0,Inflammation of pubic bone,32.0,False
#19Luiz Fernando,Muscle injury,2024-09-26,7.0,Club Athletico Paranaense,14.0,2.0,Muscle injury,7.0,False
Madson,Injury to the ankle,2024-10-27,233.0,Club Athletico Paranaense,252.0,2.0,Injury to the ankle,126.0,True
Madson,Broken hand,2022-09-20,19.0,Club Athletico Paranaense,252.0,2.0,Injury to the ankle,126.0,True
#88Patrick,Muscle injury,2024-04-05,31.0,Club Athletico Paranaense,43.0,2.0,Muscle injury,21.5,False
#88Patrick,muscular problems,2022-07-24,12.0,Club Athletico Paranaense,43.0,2.0,Muscle injury,21.5,False
Praxedes,Hamstring injury,2024-06-09,25.0,Club Athletico Paranaense,260.0,4.0,Hamstring injury,65.0,True
Praxedes,unknown injury,2022-10-03,105.0,Club Athletico Paranaense,260.0,4.0,Hamstring injury,65.0,True
#31Raul,ankle sprain,2024-04-25,36.0,Club Athletico Paranaense,280.0,2.0,ankle sprain,140.0,True
#31Raul,Torn lateral knee ligament,2023-01-30,244.0,Club Athletico Paranaense,280.0,2.0,ankle sprain,140.0,True
#70Renan,Hip flexor problems,2024-04-19,36.0,Club Athletico Paranaense,489.0,4.0,Hip flexor problems,122.25,True
#70Renan,Shin injury,2023-01-01,433.0,Club Athletico Paranaense,489.0,4.0,Hip flexor problems,122.25,True
#70Renan,Hamstring injury,2022-10-29,16.0,Club Athletico Paranaense,489.0,4.0,Hip flexor problems,122.25,True
#70Renan,Ill,2022-04-29,4.0,Club Athletico Paranaense,489.0,4.0,Hip flexor problems,122.25,True
#23Santos,Thigh problems,2024-08-22,164.0,Club Athletico Paranaense,164.0,1.0,Thigh problems,164.0,True
#23Santos,Corona virus,2020-11-24,17.0,Club Athletico Paranaense,164.0,1.0,Thigh problems,164.0,True
#4TobiasFigueiredo,Groin injury,2024-06-30,12.0,Club Athletico Paranaense,59.0,2.0,Groin injury,29.5,False
#4TobiasFigueiredo,Muscle injury,2024-04-06,47.0,Club Athletico Paranaense,59.0,2.0,Groin injury,29.5,False
#4TobiasFigueiredo,Fitness,2020-01-18,6.0,Club Athletico Paranaense,59.0,2.0,Groin injury,29.5,False
#4TobiasFigueiredo,Fitness,2020-01-18,6.0,Club Athletico Paranaense,59.0,2.0,Groin injury,29.5,False
#4TobiasFigueiredo,Fitness,2019-08-30,3.0,Club Athletico Paranaense,59.0,2.0,Groin injury,29.5,False
#4TobiasFigueiredo,Fitness,2019-01-04,3.0,Club Athletico Paranaense,59.0,2.0,Groin injury,29.5,False
#4TobiasFigueiredo,Cruciate ligament tear,2018-12-25,125.0,Club Athletico Paranaense,59.0,2.0,Groin injury,29.5,False
#4TobiasFigueiredo,Fitness,2018-10-29,3.0,Club Athletico Paranaense,59.0,2.0,Groin injury,29.5,False
#4TobiasFigueiredo,Fitness,2018-10-19,3.0,Club Athletico Paranaense,59.0,2.0,Groin injury,29.5,False
#4TobiasFigueiredo,Fitness,2018-09-14,21.0,Club Athletico Paranaense,59.0,2.0,Groin injury,29.5,False
#28TomásCuello,Hamstring injury,2025-05-22,26.0,Club Athletico Paranaense,36.0,2.0,Knee injury,18.0,False
#28TomásCuello,Knee injury,2024-06-23,18.0,Club Athletico Paranaense,36.0,2.0,Knee injury,18.0,False
#28TomásCuello,Toothache,2019-09-18,31.0,Club Athletico Paranaense,36.0,2.0,Knee injury,18.0,False
Dadá Belmonte,Pubalgia,2023-04-05,88.0,Clube De Regatas Brasil Al,88.0,1.0,Pubalgia,88.0,True
#3Fábio Alemão,Cruciate ligament injury,2024-07-29,323.0,Clube De Regatas Brasil Al,323.0,1.0,Cruciate ligament injury,323.0,True
#30Fernando Henrique,Muscle injury,2024-02-12,16.0,Clube De Regatas Brasil Al,147.0,2.0,Muscle injury,73.5,True
#30Fernando Henrique,Meniscus injury,2023-01-19,131.0,Clube De Regatas Brasil Al,147.0,2.0,Muscle injury,73.5,True
Giovanni,Achilles heel problems,2020-01-14,133.0,Clube De Regatas Brasil Al,,,,,
#44Henri,Tibia and fibula fracture,2021-07-29,310.0,Clube De Regatas Brasil Al,310.0,1.0,Tibia and fibula fracture,310.0,True
Jorge,Knock,2024-01-01,135.0,Clube De Regatas Brasil Al,447.0,2.0,Knock,223.5,True
Jorge,Cruciate ligament tear,2023-02-23,312.0,Clube De Regatas Brasil Al,447.0,2.0,Knock,223.5,True
Jorge,Cruciate ligament tear,2020-12-17,196.0,Clube De Regatas Brasil Al,447.0,2.0,Knock,223.5,True
Jorge,unknown injury,2020-11-26,20.0,Clube De Regatas Brasil Al,447.0,2.0,Knock,223.5,True
Jorge,Bruised knee,2018-04-21,70.0,Clube De Regatas Brasil Al,447.0,2.0,Knock,223.5,True
Jorge,Bruised knee,2018-01-20,38.0,Clube De Regatas Brasil Al,447.0,2.0,Knock,223.5,True
Jorge,Shin injury,2016-07-21,25.0,Clube De Regatas Brasil Al,447.0,2.0,Knock,223.5,True
Jorginho,Achilles tendon problems,2024-09-12,278.0,Clube De Regatas Brasil Al,624.0,6.0,Achilles tendon problems,104.0,True
Jorginho,Hamstring injury,2023-07-03,30.0,Clube De Regatas Brasil Al,624.0,6.0,Achilles tendon problems,104.0,True
Jorginho,Knee problems,2023-05-06,4.0,Clube De Regatas Brasil Al,624.0,6.0,Achilles tendon problems,104.0,True
#4LuisSegovia,Hamstring injury,2024-10-06,22.0,Clube De Regatas Brasil Al,133.0,2.0,Hamstring injury,66.5,True
#4LuisSegovia,Hamstring muscle injury,2023-12-09,111.0,Clube De Regatas Brasil Al,133.0,2.0,Hamstring injury,66.5,True
#22Meritão,ankle sprain,2024-02-19,19.0,Clube De Regatas Brasil Al,35.0,2.0,ankle sprain,17.5,False
#22Meritão,Muscle injury,2022-09-08,16.0,Clube De Regatas Brasil Al,35.0,2.0,ankle sprain,17.5,False
#28Mikael,ankle sprain,2022-10-24,108.0,Clube De Regatas Brasil Al,114.0,2.0,ankle sprain,57.0,True
#28Mikael,unknown injury,2022-05-21,6.0,Clube De Regatas Brasil Al,114.0,2.0,ankle sprain,57.0,True
#34Miranda,Corona virus,2020-11-13,18.0,Clube De Regatas Brasil Al,,,,,
#70Nathan Melo,Cruciate ligament surgery,2021-05-05,241.0,Clube De Regatas Brasil Al,241.0,1.0,Cruciate ligament surgery,241.0,True
#18Rafinha,Leg injury,2024-11-18,8.0,Clube De Regatas Brasil Al,40.0,5.0,Foot bruise,8.0,True
#18Rafinha,Foot bruise,2024-10-18,7.0,Clube De Regatas Brasil Al,40.0,5.0,Foot bruise,8.0,True
#18Rafinha,Foot bruise,2024-09-21,3.0,Clube De Regatas Brasil Al,40.0,5.0,Foot bruise,8.0,True
#18Rafinha,Leg injury,2024-08-23,18.0,Clube De Regatas Brasil Al,40.0,5.0,Foot bruise,8.0,True
#18Rafinha,Foot bruise,2024-07-15,4.0,Clube De Regatas Brasil Al,40.0,5.0,Foot bruise,8.0,True
WilliamPottker,Hamstring injury,2022-10-25,68.0,Clube De Regatas Brasil Al,136.0,2.0,Hamstring injury,68.0,True
#15Adaílton,Hamstring muscle injury,2023-06-12,29.0,Clube Do Remo Pa,29.0,1.0,Hamstring muscle injury,29.0,False
#15Adaílton,Fitness,2018-10-04,56.0,Clube Do Remo Pa,29.0,1.0,Hamstring muscle injury,29.0,False
#15Adaílton,Cruciate ligament tear,2018-03-18,200.0,Clube Do Remo Pa,29.0,1.0,Hamstring muscle injury,29.0,False
#15Adaílton,Meniscus injury,2018-03-18,185.0,Clube Do Remo Pa,29.0,1.0,Hamstring muscle injury,29.0,False
#14AlexisAlvariño,unknown injury,2022-09-10,30.0,Clube Do Remo Pa,30.0,1.0,unknown injury,30.0,False
#34Caio Vinicius,Hamstring injury,2024-08-26,100.0,Clube Do Remo Pa,762.0,8.0,Hamstring injury,95.25,True
#34Caio Vinicius,Hamstring injury,2024-07-25,25.0,Clube Do Remo Pa,762.0,8.0,Hamstring injury,95.25,True
#34Caio Vinicius,Hamstring injury,2024-07-05,19.0,Clube Do Remo Pa,762.0,8.0,Hamstring injury,95.25,True
#34Caio Vinicius,unknown injury,2022-11-06,237.0,Clube Do Remo Pa,762.0,8.0,Hamstring injury,95.25,True
#3Camutanga,Knee injury,2024-06-20,247.0,Clube Do Remo Pa,274.0,2.0,Knee injury,137.0,True
#3Camutanga,Inflammation of ligaments in the knee,2024-04-14,27.0,Clube Do Remo Pa,274.0,2.0,Knee injury,137.0,True
#3Camutanga,Quarantine,2020-11-03,12.0,Clube Do Remo Pa,274.0,2.0,Knee injury,137.0,True
#23Dener,unknown injury,2019-09-25,43.0,Clube Do Remo Pa,,,,,
#23Dener,Muscle injury,2019-08-01,17.0,Clube Do Remo Pa,,,,,
#23Dener,Muscle injury,2019-02-28,29.0,Clube Do Remo Pa,,,,,
#23Dener,Muscle injury,2019-02-05,17.0,Clube Do Remo Pa,,,,,
#23Dener,unknown injury,2016-01-04,456.0,Clube Do Remo Pa,,,,,
#33FelipeVizeu,Lumbar vertebra problems,2024-07-25,52.0,Clube Do Remo Pa,94.0,2.0,Lumbar vertebra problems,47.0,True
#33FelipeVizeu,Hamstring injury,2024-06-04,42.0,Clube Do Remo Pa,94.0,2.0,Lumbar vertebra problems,47.0,True
#99Janderson,Lumbar vertebra fracture,2022-09-02,49.0,Clube Do Remo Pa,49.0,1.0,Lumbar vertebra fracture,49.0,False
Matheus Davó,Cruciate ligament injury,2023-11-25,258.0,Clube Do Remo Pa,774.0,3.0,Cruciate ligament injury,258.0,True
#32Pedro Rocha,Inflammation of ligaments in the knee,2024-08-09,51.0,Clube Do Remo Pa,636.0,6.0,Inflammation of ligaments in the knee,106.0,True
#32Pedro Rocha,Hamstring injury,2024-06-27,24.0,Clube Do Remo Pa,636.0,6.0,Inflammation of ligaments in the knee,106.0,True
#32Pedro Rocha,Torn knee ligaments,2023-02-16,243.0,Clube Do Remo Pa,636.0,6.0,Inflammation of ligaments in the knee,106.0,True
#32Pedro Rocha,Muscle injury,2018-09-27,10.0,Clube Do Remo Pa,636.0,6.0,Inflammation of ligaments in the knee,106.0,True
#32Pedro Rocha,Calf injury,2017-09-20,7.0,Clube Do Remo Pa,636.0,6.0,Inflammation of ligaments in the knee,106.0,True
#29Reynaldo,Arm injury,2023-08-31,54.0,Clube Do Remo Pa,108.0,2.0,Arm injury,54.0,True
#20Ribamar,Corona virus,2020-11-13,18.0,Clube Do Remo Pa,,,,,
#20Ribamar,Broken ankle,2019-07-10,58.0,Clube Do Remo Pa,,,,,
#20Ribamar,cold,2019-05-10,27.0,Clube Do Remo Pa,,,,,
#20Ribamar,Muscle injury,2019-05-10,27.0,Clube Do Remo Pa,,,,,
#20Ribamar,Muscle injury,2018-12-15,132.0,Clube Do Remo Pa,,,,,
#20Ribamar,Fitness,2016-11-06,67.0,Clube Do Remo Pa,,,,,
#20Ribamar,Tendon rupture,2016-09-05,62.0,Clube Do Remo Pa,,,,,
#20Ribamar,Fitness,2016-07-29,35.0,Clube Do Remo Pa,,,,,
#20Ribamar,Muscle injury,2016-07-14,15.0,Clube Do Remo Pa,,,,,
#4WilliamKlaus,unknown injury,2024-12-21,24.0,Clube Do Remo Pa,149.0,3.0,unknown injury,49.66666666666666,True
#4WilliamKlaus,Hip injury,2023-12-22,110.0,Clube Do Remo Pa,149.0,3.0,unknown injury,49.66666666666666,True
#4WilliamKlaus,Knock,2023-11-29,15.0,Clube Do Remo Pa,149.0,3.0,unknown injury,49.66666666666666,True
#4WilliamKlaus,Broken arm,2017-09-09,64.0,Clube Do Remo Pa,149.0,3.0,unknown injury,49.66666666666666,True
#20Alex Silva,Meniscus injury,2017-10-26,86.0,Coritiba Fc,,,,,
#20Alex Silva,Thigh problems,2015-02-28,185.0,Coritiba Fc,,,,,
#8Andrey,Torn lateral knee ligament,2022-05-28,282.0,Coritiba Fc,846.0,3.0,Torn lateral knee ligament,282.0,True
#13BenjamínKuscevic,ankle sprain,2025-01-22,10.0,Coritiba Fc,90.0,4.0,Hamstring injury,22.5,True
#13BenjamínKuscevic,Hamstring injury,2024-04-14,29.0,Coritiba Fc,90.0,4.0,Hamstring injury,22.5,True
#13BenjamínKuscevic,Adductor injury,2023-05-06,16.0,Coritiba Fc,90.0,4.0,Hamstring injury,22.5,True
#13BenjamínKuscevic,Corona virus,2020-11-20,15.0,Coritiba Fc,90.0,4.0,Hamstring injury,22.5,True
#13BenjamínKuscevic,Ankle surgery,2020-09-21,51.0,Coritiba Fc,90.0,4.0,Hamstring injury,22.5,True
#13BenjamínKuscevic,Ankle problems,2020-08-17,35.0,Coritiba Fc,90.0,4.0,Hamstring injury,22.5,True
#13BenjamínKuscevic,Knee injury,2019-07-28,49.0,Coritiba Fc,90.0,4.0,Hamstring injury,22.5,True
#13BenjamínKuscevic,muscular problems,2019-05-15,12.0,Coritiba Fc,90.0,4.0,Hamstring injury,22.5,True
#13BenjamínKuscevic,Inflammation in the knee,2018-07-28,10.0,Coritiba Fc,90.0,4.0,Hamstring injury,22.5,True
#13BenjamínKuscevic,Skull fracture,2018-03-01,25.0,Coritiba Fc,90.0,4.0,Hamstring injury,22.5,True
Bruno Viana,Corona virus,2020-12-27,10.0,Coritiba Fc,,,,,
#33Caio Matheus,Torn knee ligaments,2022-06-13,264.0,Coritiba Fc,264.0,1.0,Torn knee ligaments,264.0,True
#27Carlosde Pena,Corona virus,2022-01-03,21.0,Coritiba Fc,25.0,2.0,Corona virus,12.5,False
#27Carlosde Pena,unknown injury,2021-04-20,4.0,Coritiba Fc,25.0,2.0,Corona virus,12.5,False
#27Carlosde Pena,unknown injury,2020-03-04,27.0,Coritiba Fc,25.0,2.0,Corona virus,12.5,False
#27Carlosde Pena,Hamstring injury,2020-03-03,39.0,Coritiba Fc,25.0,2.0,Corona virus,12.5,False
#27Carlosde Pena,Muscle injury,2018-05-07,16.0,Coritiba Fc,25.0,2.0,Corona virus,12.5,False
#49Dellatorre,Calf strain,2023-04-30,71.0,Coritiba Fc,71.0,1.0,Calf strain,71.0,True
#49Dellatorre,Knee injury,2017-08-02,98.0,Coritiba Fc,71.0,1.0,Calf strain,71.0,True
#49Dellatorre,Knee injury,2017-05-19,29.0,Coritiba Fc,71.0,1.0,Calf strain,71.0,True
#37Everaldo,muscular problems,2024-07-28,22.0,Coritiba Fc,267.0,4.0,muscular problems,66.75,True
#37Everaldo,Hamstring injury,2024-02-13,145.0,Coritiba Fc,267.0,4.0,muscular problems,66.75,True
#37Everaldo,muscular problems,2021-11-09,84.0,Coritiba Fc,267.0,4.0,muscular problems,66.75,True
#37Everaldo,Hamstring injury,2021-10-19,16.0,Coritiba Fc,267.0,4.0,muscular problems,66.75,True
#8Filipe Machado,Hamstring injury,2023-11-30,61.0,Coritiba Fc,121.0,2.0,Hamstring injury,60.5,True
#8Filipe Machado,Lung contusion,2022-12-14,60.0,Coritiba Fc,121.0,2.0,Hamstring injury,60.5,True
#91Gustavo Coutinho,Muscle injury,2023-05-09,18.0,Coritiba Fc,36.0,2.0,Muscle injury,18.0,False
Iury Castilho,unknown injury,2024-06-02,45.0,Coritiba Fc,122.0,4.0,unknown injury,30.5,True
Iury Castilho,Hamstring injury,2024-04-26,16.0,Coritiba Fc,122.0,4.0,unknown injury,30.5,True
Iury Castilho,Adductor injury,2019-09-11,9.0,Coritiba Fc,122.0,4.0,unknown injury,30.5,True
#10Josué,unknown injury,2018-11-27,4.0,Coritiba Fc,,,,,
#10Josué,unknown injury,2017-11-25,32.0,Coritiba Fc,,,,,
#10Josué,Hamstring injury,2016-03-21,18.0,Coritiba Fc,,,,,
#10Josué,minor knock,2016-03-03,5.0,Coritiba Fc,,,,,
#10Josué,Knock,2016-01-07,19.0,Coritiba Fc,,,,,
#9Júnior Brumado,Muscle injury,2022-08-29,156.0,Coritiba Fc,242.0,3.0,Muscle injury,80.66666666666667,True
#9Júnior Brumado,Knee injury,2022-05-12,50.0,Coritiba Fc,242.0,3.0,Muscle injury,80.66666666666667,True
#9Júnior Brumado,Ankle injury,2021-10-14,36.0,Coritiba Fc,242.0,3.0,Muscle injury,80.66666666666667,True
#9Júnior Brumado,Ankle injury,2020-10-08,169.0,Coritiba Fc,242.0,3.0,Muscle injury,80.66666666666667,True
#27Kaio César,Hamstring injury,2025-05-16,32.0,Coritiba Fc,,,,,
#3Maicon,Thigh problems,2022-09-30,35.0,Coritiba Fc,35.0,1.0,Thigh problems,35.0,False
#3Maicon,Muscle injury,2020-10-18,14.0,Coritiba Fc,35.0,1.0,Thigh problems,35.0,False
#3Maicon,unknown injury,2018-09-03,13.0,Coritiba Fc,35.0,1.0,Thigh problems,35.0,False
#3Maicon,Muscle fatigue,2016-02-08,12.0,Coritiba Fc,35.0,1.0,Thigh problems,35.0,False
#3Maicon,Torn muscle fiber,2015-10-05,29.0,Coritiba Fc,35.0,1.0,Thigh problems,35.0,False
#3Maicon,Bone sprain,2012-11-03,45.0,Coritiba Fc,35.0,1.0,Thigh problems,35.0,False
#3Maicon,Bone sprain,2009-12-09,8.0,Coritiba Fc,35.0,1.0,Thigh problems,35.0,False
#7Nicolas Careca,Knock,2022-08-22,146.0,Coritiba Fc,146.0,1.0,Knock,146.0,True
#4Rodrigo Moledo,Knock,2025-04-01,77.0,Coritiba Fc,422.0,1.0,Cruciate ligament tear,422.0,True
#4Rodrigo Moledo,Cruciate ligament tear,2021-01-13,422.0,Coritiba Fc,422.0,1.0,Cruciate ligament tear,422.0,True
#4Rodrigo Moledo,Thigh problems,2019-09-26,36.0,Coritiba Fc,422.0,1.0,Cruciate ligament tear,422.0,True
#4Rodrigo Moledo,Thigh problems,2019-05-19,78.0,Coritiba Fc,422.0,1.0,Cruciate ligament tear,422.0,True
#4Rodrigo Moledo,Muscle injury,2018-09-19,34.0,Coritiba Fc,422.0,1.0,Cruciate ligament tear,422.0,True
#4Rodrigo Moledo,Knee injury,2018-07-05,29.0,Coritiba Fc,422.0,1.0,Cruciate ligament tear,422.0,True
#4Rodrigo Moledo,Head injury,2017-11-19,16.0,Coritiba Fc,422.0,1.0,Cruciate ligament tear,422.0,True
#4Rodrigo Moledo,Elbow injury,2017-08-21,29.0,Coritiba Fc,422.0,1.0,Cruciate ligament tear,422.0,True
#4Rodrigo Moledo,Broken nose bone,2017-05-29,45.0,Coritiba Fc,422.0,1.0,Cruciate ligament tear,422.0,True
#4Rodrigo Moledo,Muscle injury,2017-01-10,25.0,Coritiba Fc,422.0,1.0,Cruciate ligament tear,422.0,True
#4Rodrigo Moledo,Knee surgery,2015-05-20,170.0,Coritiba Fc,422.0,1.0,Cruciate ligament tear,422.0,True
#4Rodrigo Moledo,Hamstring injury,2013-11-04,8.0,Coritiba Fc,422.0,1.0,Cruciate ligament tear,422.0,True
#19SebastiánGómez,Arthroscopy,2022-11-18,102.0,Coritiba Fc,102.0,1.0,Arthroscopy,102.0,True
#36Vini Paulista,Adductor injury,2024-04-21,26.0,Coritiba Fc,26.0,1.0,Adductor injury,26.0,False
#73Zeca,Calf injury,2017-05-29,64.0,Coritiba Fc,,,,,
#45Arthur Caíke,Adductor injury,2024-07-25,16.0,Criciuma Esporte Clube,104.0,4.0,Adductor injury,26.0,True
#45Arthur Caíke,Muscle injury,2023-06-09,36.0,Criciuma Esporte Clube,104.0,4.0,Adductor injury,26.0,True
#2Claudinho,Knee bruise,2025-03-02,17.0,Criciuma Esporte Clube,,,,,
#77Diego Gonçalves,Calf injury,2024-11-24,10.0,Criciuma Esporte Clube,54.0,2.0,Calf injury,27.0,False
#77Diego Gonçalves,Thigh problems,2024-09-12,44.0,Criciuma Esporte Clube,54.0,2.0,Calf injury,27.0,False
#2Dudu,Knee problems,2024-06-14,12.0,Criciuma Esporte Clube,102.0,6.0,Knee problems,17.0,True
#2Dudu,Knock,2024-02-23,19.0,Criciuma Esporte Clube,102.0,6.0,Knee problems,17.0,True
#2Dudu,Thigh problems,2023-03-06,20.0,Criciuma Esporte Clube,102.0,6.0,Knee problems,17.0,True
#41Erick,Cruciate ligament injury,2024-10-28,278.0,Criciuma Esporte Clube,278.0,1.0,Cruciate ligament injury,278.0,True
Felipinho,Thigh problems,2025-04-27,35.0,Criciuma Esporte Clube,,,,,
Felipinho,Arm injury,2025-02-16,41.0,Criciuma Esporte Clube,,,,,
#7Fellipe Mateus,Knee problems,2024-06-01,22.0,Criciuma Esporte Clube,22.0,1.0,Knee problems,22.0,False
#7Fellipe Mateus,Leg injury,2018-06-08,50.0,Criciuma Esporte Clube,22.0,1.0,Knee problems,22.0,False
#11Gabriel Novaes,Ankle injury,2019-04-05,15.0,Criciuma Esporte Clube,,,,,
Gustavo Maia,cold,2023-02-24,412.0,Criciuma Esporte Clube,828.0,4.0,cold,207.0,True
Gustavo Maia,Cut,2023-02-01,386.0,Criciuma Esporte Clube,828.0,4.0,cold,207.0,True
Gustavo Maia,Back injury,2021-04-10,22.0,Criciuma Esporte Clube,828.0,4.0,cold,207.0,True
Gustavo Maia,Knee problems,2021-01-16,8.0,Criciuma Esporte Clube,828.0,4.0,cold,207.0,True
Gustavo Maia,Back injury,2020-11-05,15.0,Criciuma Esporte Clube,828.0,4.0,cold,207.0,True
#36Heitor Roca,Cruciate ligament surgery,2025-05-27,312.0,Criciuma Esporte Clube,,,,,
Jean Carlos,Hamstring injury,2024-09-12,38.0,Criciuma Esporte Clube,107.0,3.0,Hamstring injury,35.666666666666664,True
Jean Carlos,ankle sprain,2024-08-08,10.0,Criciuma Esporte Clube,107.0,3.0,Hamstring injury,35.666666666666664,True
Jean Carlos,Calf injury,2024-04-22,59.0,Criciuma Esporte Clube,107.0,3.0,Hamstring injury,35.666666666666664,True
#10Jhonata Robert,Knee injury,2024-02-12,198.0,Criciuma Esporte Clube,745.0,3.0,Knee injury,248.33333333333331,True
#10Jhonata Robert,Knee injury,2022-10-03,299.0,Criciuma Esporte Clube,745.0,3.0,Knee injury,248.33333333333331,True
#10Jhonata Robert,Cruciate ligament injury,2022-01-14,248.0,Criciuma Esporte Clube,745.0,3.0,Knee injury,248.33333333333331,True
#13Jonathan,Calf injury,2024-08-11,42.0,Criciuma Esporte Clube,96.0,3.0,Tendon irritation,32.0,True
#13Jonathan,Tendon irritation,2024-06-27,23.0,Criciuma Esporte Clube,96.0,3.0,Tendon irritation,32.0,True
#13Jonathan,Tendon irritation,2024-03-30,31.0,Criciuma Esporte Clube,96.0,3.0,Tendon irritation,32.0,True
#13Jonathan,Muscle injury,2019-08-01,20.0,Criciuma Esporte Clube,96.0,3.0,Tendon irritation,32.0,True
#14Marcelo Benevenuto,Hamstring injury,2023-04-30,24.0,Criciuma Esporte Clube,37.0,2.0,Hamstring injury,18.5,False
#14Marcelo Benevenuto,ankle sprain,2022-10-08,13.0,Criciuma Esporte Clube,37.0,2.0,Hamstring injury,18.5,False
#7Matheusinho,Hamstring injury,2024-07-16,33.0,Criciuma Esporte Clube,115.0,3.0,Hamstring injury,38.333333333333336,True
#7Matheusinho,Edema in the knee,2023-04-30,67.0,Criciuma Esporte Clube,115.0,3.0,Hamstring injury,38.333333333333336,True
#7Matheusinho,Corona virus,2021-01-15,15.0,Criciuma Esporte Clube,115.0,3.0,Hamstring injury,38.333333333333336,True
#7Matheusinho,Hamstring injury,2020-11-03,73.0,Criciuma Esporte Clube,115.0,3.0,Hamstring injury,38.333333333333336,True
#7Matheusinho,Torn lateral knee ligament,2017-10-23,271.0,Criciuma Esporte Clube,115.0,3.0,Hamstring injury,38.333333333333336,True
#21MiguelTrauco,Torn muscle bundle,2025-05-29,19.0,Criciuma Esporte Clube,73.0,3.0,Lumbar vertebra problems,24.33333333333333,True
#21MiguelTrauco,Lumbar vertebra problems,2024-12-05,33.0,Criciuma Esporte Clube,73.0,3.0,Lumbar vertebra problems,24.33333333333333,True
#21MiguelTrauco,unknown injury,2024-09-16,32.0,Criciuma Esporte Clube,73.0,3.0,Lumbar vertebra problems,24.33333333333333,True
#21MiguelTrauco,Corona virus,2022-01-16,8.0,Criciuma Esporte Clube,73.0,3.0,Lumbar vertebra problems,24.33333333333333,True
#6Patrick de Paula,Knee injury,2023-02-26,399.0,Criciuma Esporte Clube,798.0,2.0,Knee injury,399.0,True
Paulo Vitor,Cruciate ligament injury,2025-02-19,285.0,Criciuma Esporte Clube,101.0,1.0,Cruciate ligament strain,101.0,True
Paulo Vitor,Cruciate ligament strain,2024-03-08,101.0,Criciuma Esporte Clube,101.0,1.0,Cruciate ligament strain,101.0,True
#32Pedro Rocha,Inflammation of ligaments in the knee,2024-08-09,51.0,Criciuma Esporte Clube,636.0,6.0,Inflammation of ligaments in the knee,106.0,True
#32Pedro Rocha,Hamstring injury,2024-06-27,24.0,Criciuma Esporte Clube,636.0,6.0,Inflammation of ligaments in the knee,106.0,True
#32Pedro Rocha,Torn knee ligaments,2023-02-16,243.0,Criciuma Esporte Clube,636.0,6.0,Inflammation of ligaments in the knee,106.0,True
#32Pedro Rocha,Muscle injury,2018-09-27,10.0,Criciuma Esporte Clube,636.0,6.0,Inflammation of ligaments in the knee,106.0,True
#32Pedro Rocha,Calf injury,2017-09-20,7.0,Criciuma Esporte Clube,636.0,6.0,Inflammation of ligaments in the knee,106.0,True
#99Sassá,Leg injury,2018-07-14,61.0,Criciuma Esporte Clube,,,,,
#99Sassá,Leg injury,2017-10-30,123.0,Criciuma Esporte Clube,,,,,
#99Sassá,Knee injury,2015-10-31,184.0,Criciuma Esporte Clube,,,,,
#92YersonCandelo,Muscle injury,2022-02-24,27.0,Criciuma Esporte Clube,27.0,1.0,Muscle injury,27.0,False
#33AlanEmpereur,Foot injury,2024-10-19,32.0,Cuiaba Ec Mt,32.0,1.0,Foot injury,32.0,False
#33AlanEmpereur,Corona virus,2020-11-20,9.0,Cuiaba Ec Mt,32.0,1.0,Foot injury,32.0,False
#33AlanEmpereur,Calf muscle tear,2020-09-19,30.0,Cuiaba Ec Mt,32.0,1.0,Foot injury,32.0,False
#33AlanEmpereur,Calf problems,2020-07-25,16.0,Cuiaba Ec Mt,32.0,1.0,Foot injury,32.0,False
#33AlanEmpereur,Hamstring muscle injury,2019-12-23,25.0,Cuiaba Ec Mt,32.0,1.0,Foot injury,32.0,False
#33AlanEmpereur,Hamstring muscle injury,2018-12-20,8.0,Cuiaba Ec Mt,32.0,1.0,Foot injury,32.0,False
#33AlanEmpereur,Hamstring injury,2017-09-10,55.0,Cuiaba Ec Mt,32.0,1.0,Foot injury,32.0,False
AlissonSafira,unknown injury,2024-10-01,20.0,Cuiaba Ec Mt,70.0,2.0,unknown injury,35.0,True
AlissonSafira,unknown injury,2021-11-01,50.0,Cuiaba Ec Mt,70.0,2.0,unknown injury,35.0,True
#22Derik Lacerda,Hamstring injury,2024-11-24,11.0,Cuiaba Ec Mt,152.0,7.0,unknown injury,21.714285714285715,True
#22Derik Lacerda,muscular problems,2024-07-26,8.0,Cuiaba Ec Mt,152.0,7.0,unknown injury,21.714285714285715,True
#22Derik Lacerda,Inflammation of ligaments in the knee,2024-06-07,16.0,Cuiaba Ec Mt,152.0,7.0,unknown injury,21.714285714285715,True
#22Derik Lacerda,Muscle injury,2024-05-16,20.0,Cuiaba Ec Mt,152.0,7.0,unknown injury,21.714285714285715,True
#22Derik Lacerda,Shoulder injury,2021-03-17,76.0,Cuiaba Ec Mt,152.0,7.0,unknown injury,21.714285714285715,True
#22Derik Lacerda,unknown injury,2021-01-20,14.0,Cuiaba Ec Mt,152.0,7.0,unknown injury,21.714285714285715,True
#22Derik Lacerda,unknown injury,2021-01-01,7.0,Cuiaba Ec Mt,152.0,7.0,unknown injury,21.714285714285715,True
#22Derik Lacerda,Shoulder injury,2020-09-15,71.0,Cuiaba Ec Mt,152.0,7.0,unknown injury,21.714285714285715,True
#9Edu,Meniscus injury,2020-08-08,292.0,Cuiaba Ec Mt,,,,,
#7GustavoSauer,unknown injury,2016-10-23,70.0,Cuiaba Ec Mt,,,,,
#9IsidroPitta,Injury to the ankle,2022-11-03,80.0,Cuiaba Ec Mt,160.0,2.0,Injury to the ankle,80.0,True
#70Juan Christian,unknown injury,2025-01-18,4.0,Cuiaba Ec Mt,,,,,
#30Lucas Mineiro,Meniscus injury,2023-01-03,180.0,Cuiaba Ec Mt,231.0,2.0,Meniscus injury,115.5,True
#30Lucas Mineiro,Meniscus injury,2022-01-20,51.0,Cuiaba Ec Mt,231.0,2.0,Meniscus injury,115.5,True
#23LucianoGiménez,Muscle injury,2024-09-16,31.0,Cuiaba Ec Mt,31.0,1.0,Muscle injury,31.0,False
#14MateusPasinato,Broken nose bone,2021-05-05,58.0,Cuiaba Ec Mt,58.0,1.0,Broken nose bone,58.0,False
#33Matheus Alexandre,Knee injury,2024-08-18,18.0,Cuiaba Ec Mt,92.0,6.0,Knee injury,15.333333333333334,True
#33Matheus Alexandre,Muscle injury,2024-07-03,15.0,Cuiaba Ec Mt,92.0,6.0,Knee injury,15.333333333333334,True
#33Matheus Alexandre,Hamstring injury,2024-04-01,13.0,Cuiaba Ec Mt,92.0,6.0,Knee injury,15.333333333333334,True
#8Max,Calf injury,2024-06-22,14.0,Cuiaba Ec Mt,43.0,2.0,Calf injury,21.5,False
#8Max,Thigh problems,2024-04-16,29.0,Cuiaba Ec Mt,43.0,2.0,Calf injury,21.5,False
#4Nathan,Hip problems,2024-04-23,57.0,Cuiaba Ec Mt,465.0,5.0,Hip problems,93.0,True
#4Nathan,Hip injury,2024-04-01,21.0,Cuiaba Ec Mt,465.0,5.0,Hip problems,93.0,True
#4Nathan,Cruciate ligament injury,2023-02-04,331.0,Cuiaba Ec Mt,465.0,5.0,Hip problems,93.0,True
#4Nathan,Meniscus tear,2022-02-26,48.0,Cuiaba Ec Mt,465.0,5.0,Hip problems,93.0,True
#4Nathan,unknown injury,2021-04-09,8.0,Cuiaba Ec Mt,465.0,5.0,Hip problems,93.0,True
#4Nathan,Quarantine,2020-07-11,11.0,Cuiaba Ec Mt,465.0,5.0,Hip problems,93.0,True
#4Nathan,unknown injury,2019-07-31,7.0,Cuiaba Ec Mt,465.0,5.0,Hip problems,93.0,True
#4Nathan,Meniscus injury,2019-04-15,78.0,Cuiaba Ec Mt,465.0,5.0,Hip problems,93.0,True
#4Nathan,Meniscus injury,2018-09-05,182.0,Cuiaba Ec Mt,465.0,5.0,Hip problems,93.0,True
#4Nathan,Torn muscle fiber,2018-04-17,10.0,Cuiaba Ec Mt,465.0,5.0,Hip problems,93.0,True
#45Patrick de Lucca,Torn lateral knee ligament,2023-04-02,274.0,Cuiaba Ec Mt,274.0,1.0,Torn lateral knee ligament,274.0,True
#7Pedrinho,Muscle injury,2024-05-07,30.0,Cuiaba Ec Mt,30.0,1.0,Muscle injury,30.0,False
#10Ruan Oliveira,Cruciate ligament injury,2023-12-07,419.0,Cuiaba Ec Mt,419.0,1.0,Cruciate ligament injury,419.0,True
#10Ruan Oliveira,Cruciate ligament injury,2020-09-01,996.0,Cuiaba Ec Mt,419.0,1.0,Cruciate ligament injury,419.0,True
#6Sander,Hamstring injury,2023-08-01,63.0,Cuiaba Ec Mt,63.0,1.0,Hamstring injury,63.0,True
#6Sander,muscular problems,2019-11-11,6.0,Cuiaba Ec Mt,63.0,1.0,Hamstring injury,63.0,True
#6Sander,Cut,2019-08-22,16.0,Cuiaba Ec Mt,63.0,1.0,Hamstring injury,63.0,True
#6Sander,Elbow injury,2019-07-17,30.0,Cuiaba Ec Mt,63.0,1.0,Hamstring injury,63.0,True
#6Sander,Bone edema,2019-04-24,22.0,Cuiaba Ec Mt,63.0,1.0,Hamstring injury,63.0,True
#6Sander,Foot injury,2018-10-28,44.0,Cuiaba Ec Mt,63.0,1.0,Hamstring injury,63.0,True
Vitão,unknown injury,2024-12-20,22.0,Cuiaba Ec Mt,22.0,1.0,unknown injury,22.0,False
#32YamilAsad,Knee injury,2024-08-11,32.0,Cuiaba Ec Mt,32.0,1.0,Knee injury,32.0,False
#32YamilAsad,Ankle injury,2018-08-28,18.0,Cuiaba Ec Mt,32.0,1.0,Knee injury,32.0,False
#16Aloísio,Muscle injury,2024-05-01,31.0,Goias Ec,111.0,3.0,Muscle injury,37.0,True
#16Aloísio,unknown injury,2023-12-01,39.0,Goias Ec,111.0,3.0,Muscle injury,37.0,True
#16Aloísio,muscular problems,2021-10-01,41.0,Goias Ec,111.0,3.0,Muscle injury,37.0,True
#45Arthur Caíke,Adductor injury,2024-07-25,16.0,Goias Ec,104.0,4.0,Adductor injury,26.0,True
#45Arthur Caíke,Muscle injury,2023-06-09,36.0,Goias Ec,104.0,4.0,Adductor injury,26.0,True
#20Dieguinho,Vertebral injury,2023-06-05,92.0,Goias Ec,184.0,2.0,Vertebral injury,92.0,True
#31FacundoBarceló,Muscle injury,2022-04-02,44.0,Goias Ec,54.0,2.0,Muscle injury,27.0,False
#31FacundoBarceló,Muscle injury,2021-04-30,10.0,Goias Ec,54.0,2.0,Muscle injury,27.0,False
#5GonzaloFreitas,Adductor injury,2024-08-07,11.0,Goias Ec,52.0,3.0,unknown injury,17.333333333333332,True
#5GonzaloFreitas,unknown injury,2024-03-11,31.0,Goias Ec,52.0,3.0,unknown injury,17.333333333333332,True
#5GonzaloFreitas,unknown injury,2023-04-17,10.0,Goias Ec,52.0,3.0,unknown injury,17.333333333333332,True
#5GonzaloFreitas,Adductor pain,2018-07-28,5.0,Goias Ec,52.0,3.0,unknown injury,17.333333333333332,True
#5GonzaloFreitas,Muscle injury,2017-04-14,18.0,Goias Ec,52.0,3.0,unknown injury,17.333333333333332,True
#5GonzaloFreitas,Knee problems,2017-03-07,16.0,Goias Ec,52.0,3.0,unknown injury,17.333333333333332,True
#5GonzaloFreitas,Muscle injury,2016-09-16,11.0,Goias Ec,52.0,3.0,unknown injury,17.333333333333332,True
#5GonzaloFreitas,Ankle injury,2016-02-13,11.0,Goias Ec,52.0,3.0,unknown injury,17.333333333333332,True
#7Jajá,Torn ligaments,2023-10-14,29.0,Goias Ec,29.0,1.0,Torn ligaments,29.0,False
#11JhonVásquez,muscular problems,2022-10-10,20.0,Goias Ec,20.0,1.0,muscular problems,20.0,False
#36LucasLovat,Collateral ligament ripture,2024-07-02,48.0,Goias Ec,344.0,6.0,unknown injury,57.333333333333336,True
#36LucasLovat,minor knock,2022-07-01,10.0,Goias Ec,344.0,6.0,unknown injury,57.333333333333336,True
#36LucasLovat,Muscle injury,2022-03-07,24.0,Goias Ec,344.0,6.0,unknown injury,57.333333333333336,True
#36LucasLovat,Muscle contusion,2022-02-01,22.0,Goias Ec,344.0,6.0,unknown injury,57.333333333333336,True
#36LucasLovat,unknown injury,2021-07-01,184.0,Goias Ec,344.0,6.0,unknown injury,57.333333333333336,True
#36LucasLovat,unknown injury,2021-03-02,56.0,Goias Ec,344.0,6.0,unknown injury,57.333333333333336,True
#36LucasLovat,muscular problems,2019-12-04,24.0,Goias Ec,344.0,6.0,unknown injury,57.333333333333336,True
#14Lucas Ribeiro,Torn lateral knee ligament,2022-10-07,268.0,Goias Ec,268.0,1.0,Torn lateral knee ligament,268.0,True
#3Luiz Felipe,Knee injury,2024-05-02,48.0,Goias Ec,48.0,1.0,Knee injury,48.0,False
#75Messias,muscular problems,2022-10-24,84.0,Goias Ec,105.0,2.0,muscular problems,52.5,True
#75Messias,muscular problems,2022-09-30,21.0,Goias Ec,105.0,2.0,muscular problems,52.5,True
#75Messias,Hamstring injury,2017-11-16,5.0,Goias Ec,105.0,2.0,muscular problems,52.5,True
#29Reynaldo,Arm injury,2023-08-31,54.0,Goias Ec,108.0,2.0,Arm injury,54.0,True
#32Rodrigo Andrade,Calf injury,2024-05-31,21.0,Goias Ec,90.0,4.0,muscular problems,22.5,True
#32Rodrigo Andrade,muscular problems,2024-04-26,16.0,Goias Ec,90.0,4.0,muscular problems,22.5,True
#32Rodrigo Andrade,Hamstring injury,2024-01-23,29.0,Goias Ec,90.0,4.0,muscular problems,22.5,True
#32Rodrigo Andrade,muscular problems,2022-10-02,24.0,Goias Ec,90.0,4.0,muscular problems,22.5,True
#32Rodrigo Andrade,Foot injury,2019-10-10,8.0,Goias Ec,90.0,4.0,muscular problems,22.5,True
#23Tadeu,Broken finger,2023-05-01,19.0,Goias Ec,19.0,1.0,Broken finger,19.0,False
Titi,Calf problems,2024-02-21,20.0,Goias Ec,20.0,1.0,Calf problems,20.0,False
#7Vinícius,unknown injury,2022-11-06,56.0,Goias Ec,87.0,2.0,unknown injury,43.5,True
#7Vinícius,Hamstring injury,2022-04-27,31.0,Goias Ec,87.0,2.0,unknown injury,43.5,True
#7Vinícius,Hamstring injury,2019-08-01,6.0,Goias Ec,87.0,2.0,unknown injury,43.5,True
#22Vitinho,Hamstring injury,2024-09-15,38.0,Goias Ec,38.0,1.0,Hamstring injury,38.0,False
#97Willean Lepo,Adductor injury,2024-09-02,54.0,Goias Ec,68.0,2.0,Adductor injury,34.0,True
#97Willean Lepo,Knee problems,2024-07-28,14.0,Goias Ec,68.0,2.0,Adductor injury,34.0,True
#1Airton,unknown injury,2023-05-25,42.0,Gremio Novorizontino Sp,42.0,1.0,unknown injury,42.0,False
#1Airton,Adductor pain,2015-07-09,134.0,Gremio Novorizontino Sp,42.0,1.0,unknown injury,42.0,False
#37César Martins,Muscle injury,2021-01-07,68.0,Gremio Novorizontino Sp,68.0,1.0,Muscle injury,68.0,True
#37César Martins,unknown injury,2020-12-01,30.0,Gremio Novorizontino Sp,68.0,1.0,Muscle injury,68.0,True
#37César Martins,unknown injury,2020-10-27,20.0,Gremio Novorizontino Sp,68.0,1.0,Muscle injury,68.0,True
#37César Martins,unknown injury,2017-10-17,15.0,Gremio Novorizontino Sp,68.0,1.0,Muscle injury,68.0,True
#37César Martins,Thigh problems,2015-01-14,66.0,Gremio Novorizontino Sp,68.0,1.0,Muscle injury,68.0,True
#31Igor Formiga,Knee problems,2021-02-27,82.0,Gremio Novorizontino Sp,82.0,1.0,Knee problems,82.0,True
#93Jordi,unknown injury,2022-08-20,52.0,Gremio Novorizontino Sp,410.0,2.0,unknown injury,205.0,True
#93Jordi,Achilles tendon rupture,2021-07-09,358.0,Gremio Novorizontino Sp,410.0,2.0,unknown injury,205.0,True
#38Léo Natel,Ill,2024-02-23,4.0,Gremio Novorizontino Sp,90.0,5.0,Ill,18.0,True
#38Léo Natel,Ill,2023-12-01,4.0,Gremio Novorizontino Sp,90.0,5.0,Ill,18.0,True
#38Léo Natel,Bruised knee,2022-05-08,54.0,Gremio Novorizontino Sp,90.0,5.0,Ill,18.0,True
#38Léo Natel,Bruised knee,2022-02-06,8.0,Gremio Novorizontino Sp,90.0,5.0,Ill,18.0,True
#38Léo Natel,Ankle problems,2021-10-04,20.0,Gremio Novorizontino Sp,90.0,5.0,Ill,18.0,True
#11Lucca,unknown injury,2023-03-06,54.0,Gremio Novorizontino Sp,70.0,2.0,unknown injury,35.0,True
#11Lucca,muscular problems,2022-10-10,16.0,Gremio Novorizontino Sp,70.0,2.0,unknown injury,35.0,True
#11Lucca,sprain,2015-04-08,31.0,Gremio Novorizontino Sp,70.0,2.0,unknown injury,35.0,True
#11Lucca,Cruciate ligament tear,2012-10-19,183.0,Gremio Novorizontino Sp,70.0,2.0,unknown injury,35.0,True
#6Luís Oyama,Muscle injury,2024-03-09,75.0,Gremio Novorizontino Sp,75.0,1.0,Muscle injury,75.0,True
#28Marlon,unknown injury,2022-08-23,69.0,Gremio Novorizontino Sp,69.0,1.0,unknown injury,69.0,True
Mayk,Hamstring injury,2025-01-27,141.0,Gremio Novorizontino Sp,93.0,2.0,muscular problems,46.5,True
Mayk,muscular problems,2024-08-05,41.0,Gremio Novorizontino Sp,93.0,2.0,muscular problems,46.5,True
Mayk,Muscle injury,2024-04-10,52.0,Gremio Novorizontino Sp,93.0,2.0,muscular problems,46.5,True
#7Pablo Dyego,Knee surgery,2016-03-05,57.0,Gremio Novorizontino Sp,,,,,
#88Patrick Brey,Shoulder injury,2019-08-12,13.0,Gremio Novorizontino Sp,,,,,
#33Renato Palm,Cruciate ligament injury,2025-04-24,54.0,Gremio Novorizontino Sp,,,,,
#11Robson,Fitness,2024-05-31,239.0,Gremio Novorizontino Sp,299.0,2.0,Fitness,149.5,True
#11Robson,Knee injury,2024-04-02,60.0,Gremio Novorizontino Sp,299.0,2.0,Fitness,149.5,True
#2Rodrigo Soares,Corona virus,2021-12-09,19.0,Gremio Novorizontino Sp,19.0,1.0,Corona virus,19.0,False
#2Rodrigo Soares,Muscle injury,2020-08-25,49.0,Gremio Novorizontino Sp,19.0,1.0,Corona virus,19.0,False
#2Rodrigo Soares,Knee problems,2018-08-18,10.0,Gremio Novorizontino Sp,19.0,1.0,Corona virus,19.0,False
#30Waguininho,unknown injury,2018-07-29,187.0,Gremio Novorizontino Sp,,,,,
#8Willian Farias,Foot injury,2022-08-28,64.0,Gremio Novorizontino Sp,64.0,1.0,Foot injury,64.0,True
#8Willian Farias,unknown injury,2015-05-18,199.0,Gremio Novorizontino Sp,64.0,1.0,Foot injury,64.0,True
#99Ademilson,unknown injury,2021-10-06,63.0,Operario Ferroviario Ec Pr,192.0,4.0,unknown injury,48.0,True
#99Ademilson,Hamstring strain,2021-08-16,33.0,Operario Ferroviario Ec Pr,192.0,4.0,unknown injury,48.0,True
#99Ademilson,Groin injury,2019-10-16,15.0,Operario Ferroviario Ec Pr,192.0,4.0,unknown injury,48.0,True
#99Ademilson,Groin injury,2018-03-18,116.0,Operario Ferroviario Ec Pr,192.0,4.0,unknown injury,48.0,True
#99Ademilson,Groin injury,2017-09-16,78.0,Operario Ferroviario Ec Pr,192.0,4.0,unknown injury,48.0,True
#99Ademilson,Adductor injury,2017-04-09,16.0,Operario Ferroviario Ec Pr,192.0,4.0,unknown injury,48.0,True
#99Ademilson,Injury to the ankle,2016-03-06,13.0,Operario Ferroviario Ec Pr,192.0,4.0,unknown injury,48.0,True
#90Cristiano,unknown injury,2020-07-05,32.0,Operario Ferroviario Ec Pr,,,,,
#89Daniel Amorim,Muscle injury,2019-08-03,577.0,Operario Ferroviario Ec Pr,,,,,
#20Fransérgio,Fitness,2024-05-15,12.0,Operario Ferroviario Ec Pr,112.0,3.0,Fitness,37.333333333333336,True
#20Fransérgio,Hamstring injury,2024-02-18,88.0,Operario Ferroviario Ec Pr,112.0,3.0,Fitness,37.333333333333336,True
#20Fransérgio,unknown injury,2021-05-20,12.0,Operario Ferroviario Ec Pr,112.0,3.0,Fitness,37.333333333333336,True
#20Fransérgio,Corona virus,2020-11-02,22.0,Operario Ferroviario Ec Pr,112.0,3.0,Fitness,37.333333333333336,True
#20Fransérgio,Hamstring injury,2019-10-22,6.0,Operario Ferroviario Ec Pr,112.0,3.0,Fitness,37.333333333333336,True
#20Fransérgio,Hamstring injury,2019-03-27,15.0,Operario Ferroviario Ec Pr,112.0,3.0,Fitness,37.333333333333336,True
#20Fransérgio,Leg injury,2019-01-13,16.0,Operario Ferroviario Ec Pr,112.0,3.0,Fitness,37.333333333333336,True
#20Fransérgio,Knee injury,2017-11-27,169.0,Operario Ferroviario Ec Pr,112.0,3.0,Fitness,37.333333333333336,True
#10GabrielBoschilia,muscular problems,2022-11-07,112.0,Operario Ferroviario Ec Pr,112.0,1.0,muscular problems,112.0,True
#10GabrielBoschilia,Knee injury,2020-10-10,215.0,Operario Ferroviario Ec Pr,112.0,1.0,muscular problems,112.0,True
#10GabrielBoschilia,unknown injury,2019-04-01,5.0,Operario Ferroviario Ec Pr,112.0,1.0,muscular problems,112.0,True
#10GabrielBoschilia,Contracture,2018-12-23,19.0,Operario Ferroviario Ec Pr,112.0,1.0,muscular problems,112.0,True
#10GabrielBoschilia,Rest,2018-10-29,3.0,Operario Ferroviario Ec Pr,112.0,1.0,muscular problems,112.0,True
#10GabrielBoschilia,Knee bruise,2017-11-15,59.0,Operario Ferroviario Ec Pr,112.0,1.0,muscular problems,112.0,True
#10GabrielBoschilia,Fitness,2017-08-26,38.0,Operario Ferroviario Ec Pr,112.0,1.0,muscular problems,112.0,True
#10GabrielBoschilia,Cruciate ligament tear,2017-02-13,194.0,Operario Ferroviario Ec Pr,112.0,1.0,muscular problems,112.0,True
#75Kleiton Pego,Knee injury,2024-05-31,43.0,Operario Ferroviario Ec Pr,43.0,1.0,Knee injury,43.0,False
#7Marcelo Cirino,Torn lateral knee ligament,2022-08-01,305.0,Operario Ferroviario Ec Pr,305.0,1.0,Torn lateral knee ligament,305.0,True
#32Marcos Paulo,Cruciate ligament surgery,2023-09-04,214.0,Operario Ferroviario Ec Pr,230.0,2.0,Cruciate ligament surgery,115.0,True
#32Marcos Paulo,Muscle injury,2021-07-28,16.0,Operario Ferroviario Ec Pr,230.0,2.0,Cruciate ligament surgery,115.0,True
#34Miranda,Corona virus,2020-11-13,18.0,Operario Ferroviario Ec Pr,,,,,
#7Rodrigo Rodrigues,Meniscus tear,2020-01-10,153.0,Operario Ferroviario Ec Pr,,,,,
Thiago Conti,Thigh problems,2024-09-30,103.0,Operario Ferroviario Ec Pr,151.0,3.0,Thigh problems,50.333333333333336,True
Thiago Conti,Hamstring injury,2024-08-08,34.0,Operario Ferroviario Ec Pr,151.0,3.0,Thigh problems,50.333333333333336,True
Thiago Conti,Calf injury,2024-06-12,14.0,Operario Ferroviario Ec Pr,151.0,3.0,Thigh problems,50.333333333333336,True
#33Vagner,Meniscus damage,2015-05-13,81.0,Operario Ferroviario Ec Pr,,,,,
Anderson Leite,Knee injury,2022-08-22,151.0,Paysandu Sport Club Pa,151.0,1.0,Knee injury,151.0,True
Anderson Leite,muscular problems,2017-12-12,4.0,Paysandu Sport Club Pa,151.0,1.0,Knee injury,151.0,True
Anderson Leite,Syndesmotic ligament tear,2017-03-21,153.0,Paysandu Sport Club Pa,151.0,1.0,Knee injury,151.0,True
#21Bryan Borges,Torn lateral knee ligament,2022-05-22,225.0,Paysandu Sport Club Pa,225.0,1.0,Torn lateral knee ligament,225.0,True
Denner,Left hip flexor problems,2021-11-17,29.0,Paysandu Sport Club Pa,29.0,1.0,Left hip flexor problems,29.0,False
Denner,Leg injury,2020-10-16,25.0,Paysandu Sport Club Pa,29.0,1.0,Left hip flexor problems,29.0,False
Denner,Hamstring muscle injury,2020-08-10,26.0,Paysandu Sport Club Pa,29.0,1.0,Left hip flexor problems,29.0,False
Diogo Oliveira,Fever,2025-06-04,4.0,Paysandu Sport Club Pa,214.0,1.0,Achilles tendon problems,214.0,True
Diogo Oliveira,Achilles tendon problems,2023-12-01,214.0,Paysandu Sport Club Pa,214.0,1.0,Achilles tendon problems,214.0,True
#15Dudu Vieira,unknown injury,2025-01-26,20.0,Paysandu Sport Club Pa,,,,,
Edinho,Torn knee ligaments,2024-09-28,262.0,Paysandu Sport Club Pa,408.0,2.0,Torn knee ligaments,204.0,True
Edinho,Injury to the ankle,2022-08-08,146.0,Paysandu Sport Club Pa,408.0,2.0,Torn knee ligaments,204.0,True
#22Eliel,Thigh problems,2024-11-03,17.0,Paysandu Sport Club Pa,17.0,1.0,Thigh problems,17.0,False
Giovanni,Achilles heel problems,2020-01-14,133.0,Paysandu Sport Club Pa,,,,,
#9JorgeBenítez,Torn muscle bundle,2023-09-03,20.0,Paysandu Sport Club Pa,86.0,3.0,Torn muscle bundle,28.666666666666668,True
#9JorgeBenítez,Ligament injury,2023-04-25,36.0,Paysandu Sport Club Pa,86.0,3.0,Torn muscle bundle,28.666666666666668,True
#9JorgeBenítez,Torn muscle bundle,2023-03-21,30.0,Paysandu Sport Club Pa,86.0,3.0,Torn muscle bundle,28.666666666666668,True
#26JuanCazares,Hamstring strain,2021-01-27,15.0,Paysandu Sport Club Pa,15.0,1.0,Hamstring strain,15.0,False
#26JuanCazares,ankle sprain,2017-11-10,9.0,Paysandu Sport Club Pa,15.0,1.0,Hamstring strain,15.0,False
#26JuanCazares,Adductor injury,2016-07-10,67.0,Paysandu Sport Club Pa,15.0,1.0,Hamstring strain,15.0,False
#28Leandro Vilela,unknown injury,2022-10-05,6.0,Paysandu Sport Club Pa,6.0,1.0,unknown injury,6.0,False
#28Leandro Vilela,Leg injury,2017-10-03,35.0,Paysandu Sport Club Pa,6.0,1.0,unknown injury,6.0,False
#20Marlon,Broken hand,2023-04-24,110.0,Paysandu Sport Club Pa,220.0,2.0,Broken hand,110.0,True
#20Marlon,Broken hand,2023-04-24,110.0,Paysandu Sport Club Pa,220.0,2.0,Broken hand,110.0,True
Maurício Antônio,Foot bruise,2024-07-12,3.0,Paysandu Sport Club Pa,3.0,1.0,Foot bruise,3.0,False
Maurício Antônio,Calf problems,2019-05-04,15.0,Paysandu Sport Club Pa,3.0,1.0,Foot bruise,3.0,False
Maurício Antônio,Hamstring muscle injury,2018-12-06,57.0,Paysandu Sport Club Pa,3.0,1.0,Foot bruise,3.0,False
Maurício Antônio,Calf strain,2018-11-21,12.0,Paysandu Sport Club Pa,3.0,1.0,Foot bruise,3.0,False
Maurício Antônio,Knee injury,2017-04-11,52.0,Paysandu Sport Club Pa,3.0,1.0,Foot bruise,3.0,False
Maurício Garcez,Ligament stretching,2023-06-03,8.0,Paysandu Sport Club Pa,24.0,3.0,Ligament stretching,8.0,True
#94PK,Pubic bone bruise,2024-08-31,70.0,Paysandu Sport Club Pa,127.0,4.0,Pubic bone bruise,31.75,True
#94PK,chickenpox,2024-08-04,21.0,Paysandu Sport Club Pa,127.0,4.0,Pubic bone bruise,31.75,True
#94PK,muscular problems,2024-04-08,20.0,Paysandu Sport Club Pa,127.0,4.0,Pubic bone bruise,31.75,True
#94PK,Hamstring injury,2024-02-09,16.0,Paysandu Sport Club Pa,127.0,4.0,Pubic bone bruise,31.75,True
Ronaldo Henrique,Hamstring injury,2019-04-29,39.0,Paysandu Sport Club Pa,,,,,
#77Rossi,Appendicitis,2019-07-24,40.0,Paysandu Sport Club Pa,,,,,
Thalisson,Fitness,2024-05-15,16.0,Paysandu Sport Club Pa,102.0,2.0,Fitness,51.0,True
Thalisson,Shoulder injury,2024-02-20,86.0,Paysandu Sport Club Pa,102.0,2.0,Fitness,51.0,True
Thiago Heleno,muscular problems,2024-11-03,13.0,Paysandu Sport Club Pa,62.0,3.0,Muscle injury,20.666666666666668,True
Thiago Heleno,Muscle injury,2024-08-30,12.0,Paysandu Sport Club Pa,62.0,3.0,Muscle injury,20.666666666666668,True
Thiago Heleno,Muscle injury,2024-04-26,37.0,Paysandu Sport Club Pa,62.0,3.0,Muscle injury,20.666666666666668,True
Thiago Heleno,Back problems,2017-11-01,7.0,Paysandu Sport Club Pa,62.0,3.0,Muscle injury,20.666666666666668,True
Thiago Heleno,Metatarsal fracture,2011-12-09,123.0,Paysandu Sport Club Pa,62.0,3.0,Muscle injury,20.666666666666668,True
#3YefersonQuintana,Muscle injury,2022-05-22,20.0,Paysandu Sport Club Pa,57.0,2.0,Muscle injury,28.5,False
#3YefersonQuintana,Muscle injury,2021-09-06,37.0,Paysandu Sport Club Pa,57.0,2.0,Muscle injury,28.5,False
#3YefersonQuintana,unknown injury,2018-04-30,29.0,Paysandu Sport Club Pa,57.0,2.0,Muscle injury,28.5,False
#3YefersonQuintana,Adductor pain,2017-05-23,10.0,Paysandu Sport Club Pa,57.0,2.0,Muscle injury,28.5,False
André Luis,Herniated disc,2024-11-10,97.0,Vila Nova Futebol Clube Go,306.0,5.0,Herniated disc,61.2,True
André Luis,Muscle injury,2024-10-19,14.0,Vila Nova Futebol Clube Go,306.0,5.0,Herniated disc,61.2,True
André Luis,Herniated disc,2024-09-01,34.0,Vila Nova Futebol Clube Go,306.0,5.0,Herniated disc,61.2,True
André Luis,Fitness,2023-10-23,71.0,Vila Nova Futebol Clube Go,306.0,5.0,Herniated disc,61.2,True
André Luis,unknown injury,2023-06-03,90.0,Vila Nova Futebol Clube Go,306.0,5.0,Herniated disc,61.2,True
#18Arilson,inflammation,2024-03-24,53.0,Vila Nova Futebol Clube Go,53.0,1.0,inflammation,53.0,False
#20Bruno Mendes,Hamstring injury,2022-05-07,20.0,Vila Nova Futebol Clube Go,20.0,1.0,Hamstring injury,20.0,False
#20Bruno Mendes,Calf injury,2019-10-19,51.0,Vila Nova Futebol Clube Go,20.0,1.0,Hamstring injury,20.0,False
#20Cristiano,Cruciate ligament injury,2025-03-02,246.0,Vila Nova Futebol Clube Go,,,,,
ÉricDavis,Knee injury,2024-10-25,215.0,Vila Nova Futebol Clube Go,390.0,7.0,Knee injury,55.71428571428572,True
ÉricDavis,Knee problems,2024-09-30,21.0,Vila Nova Futebol Clube Go,390.0,7.0,Knee injury,55.71428571428572,True
ÉricDavis,Knee problems,2024-09-03,13.0,Vila Nova Futebol Clube Go,390.0,7.0,Knee injury,55.71428571428572,True
ÉricDavis,Ankle problems,2022-08-15,90.0,Vila Nova Futebol Clube Go,390.0,7.0,Knee injury,55.71428571428572,True
ÉricDavis,Ill,2022-07-12,20.0,Vila Nova Futebol Clube Go,390.0,7.0,Knee injury,55.71428571428572,True
ÉricDavis,unknown injury,2022-03-16,16.0,Vila Nova Futebol Clube Go,390.0,7.0,Knee injury,55.71428571428572,True
ÉricDavis,Knee injury,2021-07-27,15.0,Vila Nova Futebol Clube Go,390.0,7.0,Knee injury,55.71428571428572,True
ÉricDavis,Corona virus,2020-12-09,78.0,Vila Nova Futebol Clube Go,390.0,7.0,Knee injury,55.71428571428572,True
ÉricDavis,Corona virus,2020-11-06,14.0,Vila Nova Futebol Clube Go,390.0,7.0,Knee injury,55.71428571428572,True
#96FacundoLabandeira,Knee problems,2023-04-23,72.0,Vila Nova Futebol Clube Go,127.0,3.0,Knee problems,42.333333333333336,True
#96FacundoLabandeira,Groin strain,2021-09-19,50.0,Vila Nova Futebol Clube Go,127.0,3.0,Knee problems,42.333333333333336,True
#96FacundoLabandeira,unknown injury,2021-02-16,5.0,Vila Nova Futebol Clube Go,127.0,3.0,Knee problems,42.333333333333336,True
Guilherme Parede,Cruciate ligament injury,2024-08-18,303.0,Vila Nova Futebol Clube Go,573.0,3.0,Cruciate ligament injury,191.0,True
Guilherme Parede,unknown injury,2022-10-06,32.0,Vila Nova Futebol Clube Go,573.0,3.0,Cruciate ligament injury,191.0,True
Guilherme Parede,Cruciate ligament tear,2021-04-22,238.0,Vila Nova Futebol Clube Go,573.0,3.0,Cruciate ligament injury,191.0,True
#17Jean Mota,muscular problems,2024-07-25,9.0,Vila Nova Futebol Clube Go,178.0,4.0,muscular problems,44.5,True
#17Jean Mota,Groin injury,2024-05-16,16.0,Vila Nova Futebol Clube Go,178.0,4.0,muscular problems,44.5,True
#17Jean Mota,Knee problems,2023-08-24,38.0,Vila Nova Futebol Clube Go,178.0,4.0,muscular problems,44.5,True
#17Jean Mota,Outer ligament tear,2023-04-30,115.0,Vila Nova Futebol Clube Go,178.0,4.0,muscular problems,44.5,True
#55Jordan,Head injury,2023-10-12,7.0,Vila Nova Futebol Clube Go,7.0,1.0,Head injury,7.0,False
#70Juan Christian,unknown injury,2025-01-18,4.0,Vila Nova Futebol Clube Go,,,,,
#3JuanQuintero,Muscle injury,2018-03-14,78.0,Vila Nova Futebol Clube Go,,,,,
#29Júnior Todinho,Ankle injury,2020-12-04,48.0,Vila Nova Futebol Clube Go,,,,,
#29Júnior Todinho,Hamstring injury,2020-12-04,48.0,Vila Nova Futebol Clube Go,,,,,
#23Marcondes,Cruciate ligament injury,2024-07-30,322.0,Vila Nova Futebol Clube Go,614.0,2.0,Cruciate ligament injury,307.0,True
#23Marcondes,Torn knee ligaments,2023-08-23,292.0,Vila Nova Futebol Clube Go,614.0,2.0,Cruciate ligament injury,307.0,True
#23Marcondes,Meniscus tear,2019-08-08,178.0,Vila Nova Futebol Clube Go,614.0,2.0,Cruciate ligament injury,307.0,True
#21Vinícius Paiva,unknown injury,2023-08-14,90.0,Vila Nova Futebol Clube Go,90.0,1.0,unknown injury,90.0,True
#3Walisson Maia,Broken collarbone,2024-02-08,42.0,Vila Nova Futebol Clube Go,42.0,1.0,Broken collarbone,42.0,False
#3Walisson Maia,Inflammation of ligaments in the knee,2019-08-04,24.0,Vila Nova Futebol Clube Go,42.0,1.0,Broken collarbone,42.0,False
Weverton,Injury to the ankle,2023-01-19,352.0,Vila Nova Futebol Clube Go,352.0,1.0,Injury to the ankle,352.0,True
#16Caio Roque,Cruciate ligament tear,2023-01-01,275.0,Volta Redonda Futebol Clube Rj,275.0,1.0,Cruciate ligament tear,275.0,True
#14Chay,Injury to the ankle,2022-09-20,118.0,Volta Redonda Futebol Clube Rj,118.0,1.0,Injury to the ankle,118.0,True
#23Dener,unknown injury,2019-09-25,43.0,Volta Redonda Futebol Clube Rj,,,,,
#23Dener,Muscle injury,2019-08-01,17.0,Volta Redonda Futebol Clube Rj,,,,,
#23Dener,Muscle injury,2019-02-28,29.0,Volta Redonda Futebol Clube Rj,,,,,
#23Dener,Muscle injury,2019-02-05,17.0,Volta Redonda Futebol Clube Rj,,,,,
#23Dener,unknown injury,2016-01-04,456.0,Volta Redonda Futebol Clube Rj,,,,,
#4Fabrício,Groin injury,2016-11-24,12.0,Volta Redonda Futebol Clube Rj,,,,,
#4Fabrício,Groin problems,2015-11-19,8.0,Volta Redonda Futebol Clube Rj,,,,,
#29Hyuri,Hamstring injury,2019-09-16,28.0,Volta Redonda Futebol Clube Rj,,,,,
#26LuisCáceres,Torn ligaments,2022-10-20,255.0,Volta Redonda Futebol Clube Rj,445.0,2.0,Torn ligaments,222.5,True
#26LuisCáceres,unknown injury,2022-03-26,190.0,Volta Redonda Futebol Clube Rj,445.0,2.0,Torn ligaments,222.5,True
#17Vitinho,Ligament injury,2022-02-10,327.0,Volta Redonda Futebol Clube Rj,327.0,1.0,Ligament injury,327.0,True
#2Wellington Silva,Knee injury,2017-04-08,120.0,Volta Redonda Futebol Clube Rj,,,,,
#2Wellington Silva,Muscle injury,2015-08-21,15.0,Volta Redonda Futebol Clube Rj,,,,,
